country,year,iso_code,renewables_electricity,renewables_share_elec,solar_electricity,wind_electricity
Afghanistan,2000,AFG,0.31,64.583,0.0,0.0
Afghanistan,2001,AFG,0.5,72.464,0.0,0.0
Afghanistan,2002,AFG,0.56,78.873,0.0,0.0
Afghanistan,2003,AFG,0.63,69.231,0.0,0.0
Afghanistan,2004,AFG,0.56,70.886,0.0,0.0
Afghanistan,2005,AFG,0.59,71.951,0.0,0.0
Afghanistan,2006,AFG,0.64,71.111,0.0,0.0
Afghanistan,2007,AFG,0.75,74.257,0.0,0.0
Afghanistan,2008,AFG,0.54,69.231,0.0,0.0
Afghanistan,2009,AFG,0.78,87.64,0.0,0.0
Afghanistan,2010,AFG,0.75,85.227,0.0,0.0
Afghanistan,2011,AFG,0.6,77.922,0.0,0.0
Afghanistan,2012,AFG,0.74,84.091,0.03,0.0
Afghanistan,2013,AFG,0.89,80.18,0.03,0.0
Afghanistan,2014,AFG,1.0,86.207,0.03,0.0
Afghanistan,2015,AFG,1.03,87.288,0.03,0.0
Afghanistan,2016,AFG,1.06,87.603,0.04,0.0
Afghanistan,2017,AFG,1.09,86.508,0.04,0.0
Afghanistan,2018,AFG,0.97,82.906,0.04,0.0
Afghanistan,2019,AFG,1.28,87.671,0.06,0.0
Afghanistan,2020,AFG,1.06,89.831,0.07,0.0
Afghanistan,2021,AFG,0.93,87.736,0.08,0.0
Afghanistan,2022,AFG,0.83,86.458,0.09,0.0
Afghanistan,2023,AFG,0.84,86.598,0.09,0.0
Afghanistan,2024,AFG,0.86,86.869,0.11,0.0
Albania,2000,ALB,4.55,96.195,0.0,0.0
Albania,2001,ALB,3.52,95.393,0.0,0.0
Albania,2002,ALB,3.48,93.801,0.0,0.0
Albania,2003,ALB,5.12,97.897,0.0,0.0
Albania,2004,ALB,5.41,97.477,0.0,0.0
Albania,2005,ALB,5.32,98.701,0.0,0.0
Albania,2006,ALB,4.95,98.214,0.0,0.0
Albania,2007,ALB,2.76,97.527,0.0,0.0
Albania,2008,ALB,3.76,100.0,0.0,0.0
Albania,2009,ALB,5.2,100.0,0.0,0.0
Albania,2010,ALB,7.57,100.0,0.0,0.0
Albania,2011,ALB,4.13,98.568,0.0,0.0
Albania,2012,ALB,4.72,100.0,0.0,0.0
Albania,2013,ALB,6.96,100.0,0.0,0.0
Albania,2014,ALB,4.72,100.0,0.0,0.0
Albania,2015,ALB,5.89,100.0,0.0,0.0
Albania,2016,ALB,7.78,100.0,0.0,0.0
Albania,2017,ALB,4.53,100.0,0.0,0.0
Albania,2018,ALB,8.55,100.0,0.0,0.0
Albania,2019,ALB,5.2,100.0,0.02,0.0
Albania,2020,ALB,5.31,100.0,0.03,0.0
Albania,2021,ALB,8.94,100.0,0.04,0.0
Albania,2022,ALB,6.97,100.0,0.16,0.0
Albania,2023,ALB,9.01,100.0,0.3,0.0
Albania,2024,ALB,8.34,100.0,0.34,0.0
Algeria,1965,DZA,0.4,,0.0,0.0
Algeria,1966,DZA,0.355,,0.0,0.0
Algeria,1967,DZA,0.41,,0.0,0.0
Algeria,1968,DZA,0.563,,0.0,0.0
Algeria,1969,DZA,0.361,,0.0,0.0
Algeria,1970,DZA,0.58,,0.0,0.0
Algeria,1971,DZA,0.33,,0.0,0.0
Algeria,1972,DZA,0.495,,0.0,0.0
Algeria,1973,DZA,0.752,,0.0,0.0
Algeria,1974,DZA,0.497,,0.0,0.0
Algeria,1975,DZA,0.328,,0.0,0.0
Algeria,1976,DZA,0.389,,0.0,0.0
Algeria,1977,DZA,0.269,,0.0,0.0
Algeria,1978,DZA,0.25,,0.0,0.0
Algeria,1979,DZA,0.291,,0.0,0.0
Algeria,1980,DZA,0.257,,0.0,0.0
Algeria,1981,DZA,0.366,,0.0,0.0
Algeria,1982,DZA,0.479,,0.0,0.0
Algeria,1983,DZA,0.235,,0.0,0.0
Algeria,1984,DZA,0.452,,0.0,0.0
Algeria,1985,DZA,0.646,5.263,0.0,0.0
Algeria,1986,DZA,0.25,1.926,0.0,0.0
Algeria,1987,DZA,0.499,3.922,0.0,0.0
Algeria,1988,DZA,0.183,1.31,0.0,0.0
Algeria,1989,DZA,0.226,1.475,0.0,0.0
Algeria,1990,DZA,0.135,0.838,0.0,0.0
Algeria,1991,DZA,0.293,1.689,0.0,0.0
Algeria,1992,DZA,0.199,1.088,0.0,0.0
Algeria,1993,DZA,0.353,1.818,0.0,0.0
Algeria,1994,DZA,0.166,0.835,0.0,0.0
Algeria,1995,DZA,0.193,0.979,0.0,0.0
Algeria,1996,DZA,0.135,0.654,0.0,0.0
Algeria,1997,DZA,0.075,0.349,0.0,0.0
Algeria,1998,DZA,0.215,0.924,0.0,0.0
Algeria,1999,DZA,0.203,0.82,0.0,0.0
Algeria,2000,DZA,0.05,0.197,0.0,0.0
Algeria,2001,DZA,0.07,0.263,0.0,0.0
Algeria,2002,DZA,0.06,0.217,0.0,0.0
Algeria,2003,DZA,0.26,0.879,0.0,0.0
Algeria,2004,DZA,0.25,0.8,0.0,0.0
Algeria,2005,DZA,0.55,1.622,0.0,0.0
Algeria,2006,DZA,0.22,0.624,0.0,0.0
Algeria,2007,DZA,0.22,0.592,0.0,0.0
Algeria,2008,DZA,0.28,0.696,0.0,0.0
Algeria,2009,DZA,0.3,0.779,0.0,0.0
Algeria,2010,DZA,0.17,0.372,0.0,0.0
Algeria,2011,DZA,0.5,0.976,0.0,0.0
Algeria,2012,DZA,0.62,1.08,0.0,0.0
Algeria,2013,DZA,0.33,0.551,0.0,0.0
Algeria,2014,DZA,0.25,0.389,0.0,0.0
Algeria,2015,DZA,0.22,0.32,0.06,0.02
Algeria,2016,DZA,0.34,0.479,0.09,0.03
Algeria,2017,DZA,0.64,0.841,0.57,0.01
Algeria,2018,DZA,0.82,1.068,0.69,0.01
Algeria,2019,DZA,0.87,1.066,0.71,0.01
Algeria,2020,DZA,0.88,1.109,0.82,0.01
Algeria,2021,DZA,0.81,0.946,0.79,0.01
Algeria,2022,DZA,0.86,0.94,0.83,0.01
Algeria,2023,DZA,0.91,0.949,0.87,0.02
Algeria,2024,DZA,1.03,1.069,0.99,0.02
American Samoa,2000,ASM,0.0,0.0,0.0,0.0
American Samoa,2001,ASM,0.0,0.0,0.0,0.0
American Samoa,2002,ASM,0.0,0.0,0.0,0.0
American Samoa,2003,ASM,0.0,0.0,0.0,0.0
American Samoa,2004,ASM,0.0,0.0,0.0,0.0
American Samoa,2005,ASM,0.0,0.0,0.0,0.0
American Samoa,2006,ASM,0.0,0.0,0.0,0.0
American Samoa,2007,ASM,0.0,0.0,0.0,0.0
American Samoa,2008,ASM,0.0,0.0,0.0,0.0
American Samoa,2009,ASM,0.0,0.0,0.0,0.0
American Samoa,2010,ASM,0.0,0.0,0.0,0.0
American Samoa,2011,ASM,0.0,0.0,0.0,0.0
American Samoa,2012,ASM,0.0,0.0,0.0,0.0
American Samoa,2013,ASM,0.0,0.0,0.0,0.0
American Samoa,2014,ASM,0.0,0.0,0.0,0.0
American Samoa,2015,ASM,0.0,0.0,0.0,0.0
American Samoa,2016,ASM,0.0,0.0,0.0,0.0
American Samoa,2017,ASM,0.0,0.0,0.0,0.0
American Samoa,2018,ASM,0.0,0.0,0.0,0.0
American Samoa,2019,ASM,0.0,0.0,0.0,0.0
American Samoa,2020,ASM,0.0,0.0,0.0,0.0
American Samoa,2021,ASM,0.0,0.0,0.0,0.0
American Samoa,2022,ASM,0.01,5.556,0.01,0.0
American Samoa,2023,ASM,0.0,0.0,0.0,0.0
American Samoa,2024,ASM,0.01,5.556,0.01,0.0
Angola,2000,AGO,0.91,63.194,0.0,0.0
Angola,2001,AGO,1.02,62.195,0.0,0.0
Angola,2002,AGO,1.14,64.773,0.0,0.0
Angola,2003,AGO,1.24,62.312,0.0,0.0
Angola,2004,AGO,1.75,78.125,0.0,0.0
Angola,2005,AGO,2.22,84.411,0.0,0.0
Angola,2006,AGO,2.54,85.235,0.0,0.0
Angola,2007,AGO,2.49,76.852,0.0,0.0
Angola,2008,AGO,3.15,77.778,0.0,0.0
Angola,2009,AGO,3.27,66.599,0.0,0.0
Angola,2010,AGO,3.71,67.949,0.01,0.0
Angola,2011,AGO,4.02,71.025,0.01,0.0
Angola,2012,AGO,5.48,70.984,0.01,0.0
Angola,2013,AGO,4.73,58.037,0.01,0.0
Angola,2014,AGO,5.05,52.824,0.02,0.0
Angola,2015,AGO,5.34,54.601,0.02,0.0
Angola,2016,AGO,6.43,58.561,0.02,0.0
Angola,2017,AGO,7.72,71.415,0.02,0.0
Angola,2018,AGO,10.44,79.452,0.02,0.0
Angola,2019,AGO,11.58,73.198,0.02,0.0
Angola,2020,AGO,12.71,75.61,0.02,0.0
Angola,2021,AGO,12.71,75.43,0.02,0.0
Angola,2022,AGO,13.08,75.563,0.39,0.0
Angola,2023,AGO,11.66,74.032,0.39,0.0
Angola,2024,AGO,11.49,73.701,0.44,0.0
Antigua and Barbuda,2000,ATG,0.0,0.0,0.0,0.0
Antigua and Barbuda,2001,ATG,0.0,0.0,0.0,0.0
Antigua and Barbuda,2002,ATG,0.0,0.0,0.0,0.0
Antigua and Barbuda,2003,ATG,0.0,0.0,0.0,0.0
Antigua and Barbuda,2004,ATG,0.0,0.0,0.0,0.0
Antigua and Barbuda,2005,ATG,0.0,0.0,0.0,0.0
Antigua and Barbuda,2006,ATG,0.0,0.0,0.0,0.0
Antigua and Barbuda,2007,ATG,0.0,0.0,0.0,0.0
Antigua and Barbuda,2008,ATG,0.0,0.0,0.0,0.0
Antigua and Barbuda,2009,ATG,0.0,0.0,0.0,0.0
Antigua and Barbuda,2010,ATG,0.0,0.0,0.0,0.0
Antigua and Barbuda,2011,ATG,0.0,0.0,0.0,0.0
Antigua and Barbuda,2012,ATG,0.0,0.0,0.0,0.0
Antigua and Barbuda,2013,ATG,0.0,0.0,0.0,0.0
Antigua and Barbuda,2014,ATG,0.0,0.0,0.0,0.0
Antigua and Barbuda,2015,ATG,0.01,2.857,0.01,0.0
Antigua and Barbuda,2016,ATG,0.0,0.0,0.0,0.0
Antigua and Barbuda,2017,ATG,0.01,2.857,0.01,0.0
Antigua and Barbuda,2018,ATG,0.01,2.778,0.01,0.0
Antigua and Barbuda,2019,ATG,0.01,2.778,0.01,0.0
Antigua and Barbuda,2020,ATG,0.02,5.714,0.02,0.0
Antigua and Barbuda,2021,ATG,0.02,5.714,0.02,0.0
Antigua and Barbuda,2022,ATG,0.02,5.556,0.02,0.0
Antigua and Barbuda,2023,ATG,0.02,5.556,0.02,0.0
Antigua and Barbuda,2024,ATG,0.03,8.108,0.03,0.0
Argentina,1965,ARG,1.225,,0.0,0.0
Argentina,1966,ARG,1.241,,0.0,0.0
Argentina,1967,ARG,1.271,,0.0,0.0
Argentina,1968,ARG,1.498,,0.0,0.0
Argentina,1969,ARG,1.343,,0.0,0.0
Argentina,1970,ARG,1.613,,0.0,0.0
Argentina,1971,ARG,1.605,,0.0,0.0
Argentina,1972,ARG,1.579,,0.0,0.0
Argentina,1973,ARG,3.057,,0.0,0.0
Argentina,1974,ARG,5.056,,0.0,0.0
Argentina,1975,ARG,5.259,,0.0,0.0
Argentina,1976,ARG,5.076,,0.0,0.0
Argentina,1977,ARG,5.831,,0.0,0.0
Argentina,1978,ARG,7.811,,0.0,0.0
Argentina,1979,ARG,10.752,,0.0,0.0
Argentina,1980,ARG,15.24,,0.0,0.0
Argentina,1981,ARG,14.772,,0.0,0.0
Argentina,1982,ARG,17.707,,0.0,0.0
Argentina,1983,ARG,18.573,,0.0,0.0
Argentina,1984,ARG,19.993,,0.0,0.0
Argentina,1985,ARG,20.773,45.853,0.0,0.0
Argentina,1986,ARG,21.154,43.152,0.0,0.0
Argentina,1987,ARG,22.019,42.25,0.0,0.0
Argentina,1988,ARG,15.382,29.3,0.0,0.0
Argentina,1989,ARG,13.293,26.136,0.0,0.0
Argentina,1990,ARG,17.846,34.989,0.0,0.0
Argentina,1991,ARG,16.0,29.71,0.0,0.0
Argentina,1992,ARG,19.295,34.39,0.0,0.0
Argentina,1993,ARG,23.864,38.572,0.0,0.0
Argentina,1994,ARG,27.386,41.732,0.0,0.0
Argentina,1995,ARG,26.623,39.635,0.0,0.0
Argentina,1996,ARG,22.704,32.546,0.0,0.01
Argentina,1997,ARG,28.118,38.804,0.0,0.015
Argentina,1998,ARG,26.715,36.019,0.0,0.033
Argentina,1999,ARG,21.694,26.867,0.0,0.035
Argentina,2000,ARG,29.0,32.592,0.0,0.03
Argentina,2001,ARG,36.99,41.036,0.0,0.05
Argentina,2002,ARG,36.38,43.007,0.0,0.07
Argentina,2003,ARG,34.76,37.754,0.0,0.08
Argentina,2004,ARG,31.4,31.319,0.0,0.07
Argentina,2005,ARG,35.21,33.296,0.0,0.07
Argentina,2006,ARG,39.14,34.506,0.0,0.07
Argentina,2007,ARG,32.35,28.497,0.0,0.06
Argentina,2008,ARG,32.45,26.618,0.0,0.04
Argentina,2009,ARG,35.85,29.308,0.0,0.04
Argentina,2010,ARG,34.77,27.595,0.0,0.03
Argentina,2011,ARG,32.61,25.183,0.0,0.03
Argentina,2012,ARG,30.99,22.783,0.01,0.37
Argentina,2013,ARG,34.77,24.934,0.02,0.45
Argentina,2014,ARG,34.54,24.931,0.02,0.62
Argentina,2015,ARG,34.43,23.676,0.01,0.59
Argentina,2016,ARG,31.49,21.396,0.01,0.55
Argentina,2017,ARG,33.68,23.13,0.02,0.61
Argentina,2018,ARG,35.22,23.995,0.11,1.41
Argentina,2019,ARG,34.78,24.927,0.8,5.0
Argentina,2020,ARG,36.62,25.318,1.34,9.41
Argentina,2021,ARG,37.04,24.185,2.2,12.94
Argentina,2022,ARG,42.27,29.03,2.94,14.16
Argentina,2023,ARG,51.65,34.767,3.28,14.48
Argentina,2024,ARG,52.44,34.385,3.97,16.17
Argentina,2025,ARG,52.96,34.58,5.14,18.62
Armenia,2000,ARM,1.25,21.626,0.0,0.0
Armenia,2001,ARM,0.96,16.725,0.0,0.0
Armenia,2002,ARM,1.64,30.885,0.0,0.0
Armenia,2003,ARM,1.96,36.981,0.0,0.0
Armenia,2004,ARM,1.98,34.197,0.0,0.0
Armenia,2005,ARM,1.75,28.783,0.0,0.0
Armenia,2006,ARM,1.81,31.699,0.0,0.0
Armenia,2007,ARM,1.83,32.275,0.0,0.0
Armenia,2008,ARM,1.78,30.169,0.0,0.0
Armenia,2009,ARM,2.0,36.765,0.0,0.0
Armenia,2010,ARM,2.54,40.51,0.0,0.01
Armenia,2011,ARM,2.46,34.119,0.0,0.0
Armenia,2012,ARM,2.3,29.412,0.0,0.0
Armenia,2013,ARM,2.15,28.705,0.0,0.0
Armenia,2014,ARM,1.97,26.162,0.0,0.0
Armenia,2015,ARM,2.18,28.874,0.0,0.0
Armenia,2016,ARM,2.33,32.817,0.0,0.0
Armenia,2017,ARM,2.25,29.88,0.0,0.0
Armenia,2018,ARM,2.31,30.435,0.02,0.0
Armenia,2019,ARM,2.41,32.176,0.06,0.0
Armenia,2020,ARM,1.92,25.131,0.14,0.0
Armenia,2021,ARM,2.49,32.254,0.29,0.0
Armenia,2022,ARM,3.37,34.109,0.52,0.0
Armenia,2023,ARM,2.42,27.977,0.77,0.0
Armenia,2024,ARM,2.88,31.894,0.88,0.0
Armenia,2025,ARM,3.79,38.992,1.07,0.0
Aruba,2000,ABW,0.0,0.0,0.0,0.0
Aruba,2001,ABW,0.0,0.0,0.0,0.0
Aruba,2002,ABW,0.0,0.0,0.0,0.0
Aruba,2003,ABW,0.0,0.0,0.0,0.0
Aruba,2004,ABW,0.0,0.0,0.0,0.0
Aruba,2005,ABW,0.0,0.0,0.0,0.0
Aruba,2006,ABW,0.0,0.0,0.0,0.0
Aruba,2007,ABW,0.0,0.0,0.0,0.0
Aruba,2008,ABW,0.0,0.0,0.0,0.0
Aruba,2009,ABW,0.03,3.158,0.0,0.03
Aruba,2010,ABW,0.11,11.702,0.0,0.11
Aruba,2011,ABW,0.11,11.828,0.0,0.11
Aruba,2012,ABW,0.14,15.217,0.0,0.14
Aruba,2013,ABW,0.15,15.957,0.0,0.15
Aruba,2014,ABW,0.16,17.021,0.01,0.15
Aruba,2015,ABW,0.18,18.557,0.01,0.17
Aruba,2016,ABW,0.14,14.894,0.01,0.13
Aruba,2017,ABW,0.14,14.433,0.01,0.13
Aruba,2018,ABW,0.16,16.495,0.02,0.14
Aruba,2019,ABW,0.17,17.172,0.03,0.14
Aruba,2020,ABW,0.17,17.172,0.03,0.14
Aruba,2021,ABW,0.17,17.0,0.03,0.14
Aruba,2022,ABW,0.17,17.0,0.03,0.14
Aruba,2023,ABW,0.17,17.0,0.03,0.14
Aruba,2024,ABW,0.17,17.0,0.03,0.14
Australia,1965,AUS,7.986,,0.0,0.0
Australia,1966,AUS,7.629,,0.0,0.0
Australia,1967,AUS,7.896,,0.0,0.0
Australia,1968,AUS,8.233,,0.0,0.0
Australia,1969,AUS,8.965,,0.0,0.0
Australia,1970,AUS,10.432,,0.0,0.0
Australia,1971,AUS,11.77,,0.0,0.0
Australia,1972,AUS,11.833,,0.0,0.0
Australia,1973,AUS,12.624,,0.0,0.0
Australia,1974,AUS,14.303,,0.0,0.0
Australia,1975,AUS,15.377,,0.0,0.0
Australia,1976,AUS,14.638,,0.0,0.0
Australia,1977,AUS,13.973,,0.0,0.0
Australia,1978,AUS,15.08,,0.0,0.0
Australia,1979,AUS,14.664,,0.0,0.0
Australia,1980,AUS,13.852,,0.0,0.0
Australia,1981,AUS,14.27,,0.0,0.0
Australia,1982,AUS,13.286,,0.0,0.0
Australia,1983,AUS,12.555,,0.0,0.0
Australia,1984,AUS,13.567,,0.0,0.0
Australia,1985,AUS,14.397,11.641,0.0,0.0
Australia,1986,AUS,14.486,11.184,0.0,0.0
Australia,1987,AUS,14.084,10.37,0.0,0.0
Australia,1988,AUS,15.065,10.508,0.0,0.0
Australia,1989,AUS,15.064,9.947,0.0,0.0
Australia,1990,AUS,15.519,9.97,0.0,0.0
Australia,1991,AUS,16.378,10.369,0.005,0.0
Australia,1992,AUS,16.624,10.3,0.012,0.0
Australia,1993,AUS,17.074,10.324,0.015,0.002
Australia,1994,AUS,16.869,9.915,0.017,0.005
Australia,1995,AUS,16.485,9.408,0.021,0.007
Australia,1996,AUS,16.948,9.409,0.026,0.007
Australia,1997,AUS,16.988,8.989,0.031,0.007
Australia,1998,AUS,16.933,8.489,0.036,0.018
Australia,1999,AUS,17.499,8.458,0.041,0.043
Australia,2000,AUS,17.54,8.089,0.05,0.13
Australia,2001,AUS,17.26,7.696,0.05,0.29
Australia,2002,AUS,17.95,8.032,0.06,0.53
Australia,2003,AUS,18.66,8.258,0.06,0.7
Australia,2004,AUS,19.38,8.454,0.07,0.8
Australia,2005,AUS,20.72,8.98,0.08,1.3
Australia,2006,AUS,21.14,8.883,0.1,2.16
Australia,2007,AUS,20.29,8.343,0.11,2.85
Australia,2008,AUS,19.12,7.792,0.14,3.46
Australia,2009,AUS,20.16,8.067,0.29,4.44
Australia,2010,AUS,22.16,8.83,0.98,4.99
Australia,2011,AUS,30.61,11.944,2.04,6.43
Australia,2012,AUS,30.27,12.076,2.41,7.72
Australia,2013,AUS,35.53,14.237,3.85,9.26
Australia,2014,AUS,32.76,13.228,4.95,9.78
Australia,2015,AUS,35.8,14.095,6.2,11.83
Australia,2016,AUS,41.74,16.164,7.44,13.04
Australia,2017,AUS,39.19,15.133,8.92,13.21
Australia,2018,AUS,49.49,18.844,12.33,16.26
Australia,2019,AUS,55.26,20.782,18.3,19.47
Australia,2020,AUS,64.28,24.243,23.84,22.61
Australia,2021,AUS,77.27,28.891,31.19,26.8
Australia,2022,AUS,87.44,32.039,37.54,30.05
Australia,2023,AUS,95.07,34.81,44.99,31.87
Australia,2024,AUS,98.79,35.077,50.21,32.74
Australia,2025,AUS,110.58,38.618,56.09,39.23
Austria,1965,AUT,16.083,,0.0,0.0
Austria,1966,AUT,17.331,,0.0,0.0
Austria,1967,AUT,17.698,,0.0,0.0
Austria,1968,AUT,18.185,,0.0,0.0
Austria,1969,AUT,16.718,,0.0,0.0
Austria,1970,AUT,21.29,,0.0,0.0
Austria,1971,AUT,16.82,,0.0,0.0
Austria,1972,AUT,17.288,,0.0,0.0
Austria,1973,AUT,19.209,,0.0,0.0
Austria,1974,AUT,22.712,,0.0,0.0
Austria,1975,AUT,23.795,,0.0,0.0
Austria,1976,AUT,20.566,,0.0,0.0
Austria,1977,AUT,24.921,,0.0,0.0
Austria,1978,AUT,24.941,,0.0,0.0
Austria,1979,AUT,28.097,,0.0,0.0
Austria,1980,AUT,29.11,,0.0,0.0
Austria,1981,AUT,30.847,,0.0,0.0
Austria,1982,AUT,30.896,,0.0,0.0
Austria,1983,AUT,30.606,,0.0,0.0
Austria,1984,AUT,26.85,,0.0,0.0
Austria,1985,AUT,31.718,72.513,0.0,0.0
Austria,1986,AUT,32.191,73.201,0.0,0.0
Austria,1987,AUT,36.294,73.043,0.0,0.0
Austria,1988,AUT,36.351,75.497,0.0,0.0
Austria,1989,AUT,36.187,73.618,0.0,0.0
Austria,1990,AUT,32.64,66.247,0.0,0.0
Austria,1991,AUT,32.65,65.092,0.0,0.0
Austria,1992,AUT,36.16,72.479,0.0,0.0
Austria,1993,AUT,38.05,74.157,0.0,0.0
Austria,1994,AUT,36.9,71.03,0.0,0.0
Austria,1995,AUT,38.91,70.681,0.0,0.0
Austria,1996,AUT,35.79,66.96,0.0,0.0
Austria,1997,AUT,37.82,68.034,0.0,0.02
Austria,1998,AUT,39.03,69.921,0.0,0.05
Austria,1999,AUT,42.35,70.914,0.0,0.05
Austria,2000,AUT,43.44,72.837,0.0,0.07
Austria,2001,AUT,42.24,69.269,0.01,0.1
Austria,2002,AUT,41.9,69.108,0.01,0.14
Austria,2003,AUT,35.24,60.79,0.01,0.37
Austria,2004,AUT,39.62,64.058,0.02,0.93
Austria,2005,AUT,40.88,63.508,0.02,1.33
Austria,2006,AUT,40.66,65.359,0.02,1.75
Austria,2007,AUT,43.17,68.709,0.02,2.04
Austria,2008,AUT,44.53,69.167,0.03,2.01
Austria,2009,AUT,47.18,71.258,0.05,1.95
Austria,2010,AUT,44.99,66.337,0.09,2.06
Austria,2011,AUT,40.91,65.772,0.17,1.94
Austria,2012,AUT,51.33,74.771,0.34,2.46
Austria,2013,AUT,50.5,78.234,0.63,3.15
Austria,2014,AUT,50.2,81.56,0.79,3.85
Austria,2015,AUT,47.59,77.031,0.94,4.84
Austria,2016,AUT,51.08,78.742,1.1,5.23
Austria,2017,AUT,51.05,76.092,1.27,6.57
Austria,2018,AUT,50.06,77.408,1.46,6.03
Austria,2019,AUT,54.64,77.295,1.7,7.45
Austria,2020,AUT,55.42,80.284,2.04,6.79
Austria,2021,AUT,52.75,79.121,2.78,6.74
Austria,2022,AUT,50.41,78.191,3.79,7.24
Austria,2023,AUT,60.16,84.756,6.89,8.04
Austria,2024,AUT,67.66,86.224,8.14,9.14
Austria,2025,AUT,61.21,83.597,10.31,8.31
Azerbaijan,1985,AZE,1.313,6.34,0.0,0.0
Azerbaijan,1986,AZE,0.804,3.734,0.0,0.0
Azerbaijan,1987,AZE,0.804,3.511,0.0,0.0
Azerbaijan,1988,AZE,0.698,2.962,0.0,0.0
Azerbaijan,1989,AZE,0.698,2.997,0.0,0.0
Azerbaijan,1990,AZE,1.658,7.161,0.0,0.0
Azerbaijan,1991,AZE,1.759,7.503,0.0,0.0
Azerbaijan,1992,AZE,1.747,8.841,0.0,0.0
Azerbaijan,1993,AZE,2.426,12.734,0.0,0.0
Azerbaijan,1994,AZE,1.83,10.415,0.0,0.0
Azerbaijan,1995,AZE,1.556,9.129,0.0,0.0
Azerbaijan,1996,AZE,1.537,8.996,0.0,0.0
Azerbaijan,1997,AZE,1.712,10.169,0.0,0.0
Azerbaijan,1998,AZE,1.951,10.842,0.0,0.0
Azerbaijan,1999,AZE,1.506,8.286,0.0,0.0
Azerbaijan,2000,AZE,1.52,8.137,0.0,0.0
Azerbaijan,2001,AZE,1.29,6.804,0.0,0.0
Azerbaijan,2002,AZE,2.0,10.707,0.0,0.0
Azerbaijan,2003,AZE,2.44,11.477,0.0,0.0
Azerbaijan,2004,AZE,2.73,12.569,0.0,0.0
Azerbaijan,2005,AZE,2.98,13.047,0.0,0.0
Azerbaijan,2006,AZE,2.49,10.159,0.0,0.0
Azerbaijan,2007,AZE,2.34,10.724,0.0,0.0
Azerbaijan,2008,AZE,2.21,10.222,0.0,0.0
Azerbaijan,2009,AZE,2.29,12.149,0.0,0.0
Azerbaijan,2010,AZE,3.41,18.265,0.0,0.0
Azerbaijan,2011,AZE,2.65,13.074,0.0,0.0
Azerbaijan,2012,AZE,1.8,7.836,0.0,0.0
Azerbaijan,2013,AZE,1.56,6.71,0.0,0.0
Azerbaijan,2014,AZE,1.37,5.562,0.0,0.0
Azerbaijan,2015,AZE,1.71,6.96,0.0,0.0
Azerbaijan,2016,AZE,2.09,8.41,0.04,0.02
Azerbaijan,2017,AZE,1.88,7.762,0.04,0.02
Azerbaijan,2018,AZE,1.95,7.76,0.04,0.08
Azerbaijan,2019,AZE,1.79,6.898,0.04,0.1
Azerbaijan,2020,AZE,1.32,5.126,0.05,0.1
Azerbaijan,2021,AZE,1.52,5.47,0.05,0.09
Azerbaijan,2022,AZE,1.84,6.358,0.06,0.08
Azerbaijan,2023,AZE,1.9,6.531,0.07,0.08
Azerbaijan,2024,AZE,3.27,11.746,0.08,0.09
Azerbaijan,2025,AZE,3.41,12.14,0.0,0.09
Bahamas,2000,BHS,0.0,0.0,0.0,0.0
Bahamas,2001,BHS,0.0,0.0,0.0,0.0
Bahamas,2002,BHS,0.0,0.0,0.0,0.0
Bahamas,2003,BHS,0.0,0.0,0.0,0.0
Bahamas,2004,BHS,0.0,0.0,0.0,0.0
Bahamas,2005,BHS,0.0,0.0,0.0,0.0
Bahamas,2006,BHS,0.0,0.0,0.0,0.0
Bahamas,2007,BHS,0.0,0.0,0.0,0.0
Bahamas,2008,BHS,0.0,0.0,0.0,0.0
Bahamas,2009,BHS,0.0,0.0,0.0,0.0
Bahamas,2010,BHS,0.0,0.0,0.0,0.0
Bahamas,2011,BHS,0.0,0.0,0.0,0.0
Bahamas,2012,BHS,0.0,0.0,0.0,0.0
Bahamas,2013,BHS,0.0,0.0,0.0,0.0
Bahamas,2014,BHS,0.0,0.0,0.0,0.0
Bahamas,2015,BHS,0.0,0.0,0.0,0.0
Bahamas,2016,BHS,0.0,0.0,0.0,0.0
Bahamas,2017,BHS,0.0,0.0,0.0,0.0
Bahamas,2018,BHS,0.0,0.0,0.0,0.0
Bahamas,2019,BHS,0.0,0.0,0.0,0.0
Bahamas,2020,BHS,0.01,0.493,0.01,0.0
Bahamas,2021,BHS,0.01,0.49,0.01,0.0
Bahamas,2022,BHS,0.02,0.976,0.02,0.0
Bahamas,2023,BHS,0.02,0.905,0.02,0.0
Bahamas,2024,BHS,0.02,0.889,0.02,0.0
Bahrain,2000,BHR,0.0,0.0,0.0,0.0
Bahrain,2001,BHR,0.0,0.0,0.0,0.0
Bahrain,2002,BHR,0.0,0.0,0.0,0.0
Bahrain,2003,BHR,0.0,0.0,0.0,0.0
Bahrain,2004,BHR,0.0,0.0,0.0,0.0
Bahrain,2005,BHR,0.0,0.0,0.0,0.0
Bahrain,2006,BHR,0.0,0.0,0.0,0.0
Bahrain,2007,BHR,0.0,0.0,0.0,0.0
Bahrain,2008,BHR,0.0,0.0,0.0,0.0
Bahrain,2009,BHR,0.0,0.0,0.0,0.0
Bahrain,2010,BHR,0.0,0.0,0.0,0.0
Bahrain,2011,BHR,0.0,0.0,0.0,0.0
Bahrain,2012,BHR,0.0,0.0,0.0,0.0
Bahrain,2013,BHR,0.0,0.0,0.0,0.0
Bahrain,2014,BHR,0.01,0.037,0.01,0.0
Bahrain,2015,BHR,0.01,0.035,0.01,0.0
Bahrain,2016,BHR,0.01,0.035,0.01,0.0
Bahrain,2017,BHR,0.01,0.034,0.01,0.0
Bahrain,2018,BHR,0.01,0.034,0.01,0.0
Bahrain,2019,BHR,0.02,0.06,0.02,0.0
Bahrain,2020,BHR,0.02,0.06,0.02,0.0
Bahrain,2021,BHR,0.04,0.118,0.04,0.0
Bahrain,2022,BHR,0.08,0.224,0.08,0.0
Bahrain,2023,BHR,0.09,0.24,0.09,0.0
Bahrain,2024,BHR,0.1,0.264,0.1,0.0
Bangladesh,1965,BGD,0.0,,0.0,0.0
Bangladesh,1966,BGD,0.0,,0.0,0.0
Bangladesh,1967,BGD,0.0,,0.0,0.0
Bangladesh,1968,BGD,0.0,,0.0,0.0
Bangladesh,1969,BGD,0.0,,0.0,0.0
Bangladesh,1970,BGD,0.0,,0.0,0.0
Bangladesh,1971,BGD,0.175,,0.0,0.0
Bangladesh,1972,BGD,0.175,,0.0,0.0
Bangladesh,1973,BGD,0.331,,0.0,0.0
Bangladesh,1974,BGD,0.243,,0.0,0.0
Bangladesh,1975,BGD,0.436,,0.0,0.0
Bangladesh,1976,BGD,0.494,,0.0,0.0
Bangladesh,1977,BGD,0.437,,0.0,0.0
Bangladesh,1978,BGD,0.506,,0.0,0.0
Bangladesh,1979,BGD,0.587,,0.0,0.0
Bangladesh,1980,BGD,0.583,,0.0,0.0
Bangladesh,1981,BGD,0.625,,0.0,0.0
Bangladesh,1982,BGD,0.523,,0.0,0.0
Bangladesh,1983,BGD,0.662,,0.0,0.0
Bangladesh,1984,BGD,0.897,,0.0,0.0
Bangladesh,1985,BGD,0.739,16.321,0.0,0.0
Bangladesh,1986,BGD,0.45,9.375,0.0,0.0
Bangladesh,1987,BGD,0.517,9.254,0.0,0.0
Bangladesh,1988,BGD,0.675,10.32,0.0,0.0
Bangladesh,1989,BGD,0.92,12.93,0.0,0.0
Bangladesh,1990,BGD,0.884,11.433,0.0,0.0
Bangladesh,1991,BGD,0.838,10.133,0.0,0.0
Bangladesh,1992,BGD,0.796,8.95,0.0,0.0
Bangladesh,1993,BGD,0.608,6.604,0.0,0.0
Bangladesh,1994,BGD,0.847,8.657,0.0,0.0
Bangladesh,1995,BGD,0.372,3.443,0.0,0.0
Bangladesh,1996,BGD,0.739,6.441,0.0,0.0
Bangladesh,1997,BGD,0.719,6.063,0.0,0.0
Bangladesh,1998,BGD,0.865,6.715,0.0,0.0
Bangladesh,1999,BGD,0.833,5.765,0.0,0.0
Bangladesh,2000,BGD,0.94,5.897,0.0,0.0
Bangladesh,2001,BGD,0.98,5.639,0.0,0.0
Bangladesh,2002,BGD,1.05,5.541,0.0,0.0
Bangladesh,2003,BGD,1.12,5.58,0.0,0.0
Bangladesh,2004,BGD,1.21,4.815,0.0,0.0
Bangladesh,2005,BGD,1.28,4.748,0.0,0.0
Bangladesh,2006,BGD,1.39,4.609,0.01,0.0
Bangladesh,2007,BGD,0.76,2.452,0.02,0.0
Bangladesh,2008,BGD,0.96,2.805,0.02,0.0
Bangladesh,2009,BGD,0.47,1.262,0.03,0.0
Bangladesh,2010,BGD,0.83,2.031,0.07,0.0
Bangladesh,2011,BGD,0.98,2.216,0.06,0.0
Bangladesh,2012,BGD,0.91,1.872,0.09,0.0
Bangladesh,2013,BGD,1.07,2.006,0.13,0.0
Bangladesh,2014,BGD,0.78,1.392,0.16,0.0
Bangladesh,2015,BGD,0.8,1.349,0.2,0.01
Bangladesh,2016,BGD,1.24,1.795,0.22,0.01
Bangladesh,2017,BGD,1.29,1.756,0.25,0.01
Bangladesh,2018,BGD,1.4,1.769,0.31,0.01
Bangladesh,2019,BGD,1.19,1.398,0.37,0.01
Bangladesh,2020,BGD,1.25,1.463,0.46,0.01
Bangladesh,2021,BGD,1.35,1.411,0.61,0.01
Bangladesh,2022,BGD,1.59,1.555,0.87,0.01
Bangladesh,2023,BGD,1.72,1.708,1.07,0.0
Bangladesh,2024,BGD,1.92,1.887,1.22,0.0
Bangladesh,2025,BGD,2.21,2.137,1.56,0.0
Barbados,2000,BRB,0.0,0.0,0.0,0.0
Barbados,2001,BRB,0.0,0.0,0.0,0.0
Barbados,2002,BRB,0.0,0.0,0.0,0.0
Barbados,2003,BRB,0.0,0.0,0.0,0.0
Barbados,2004,BRB,0.0,0.0,0.0,0.0
Barbados,2005,BRB,0.0,0.0,0.0,0.0
Barbados,2006,BRB,0.0,0.0,0.0,0.0
Barbados,2007,BRB,0.0,0.0,0.0,0.0
Barbados,2008,BRB,0.0,0.0,0.0,0.0
Barbados,2009,BRB,0.0,0.0,0.0,0.0
Barbados,2010,BRB,0.0,0.0,0.0,0.0
Barbados,2011,BRB,0.0,0.0,0.0,0.0
Barbados,2012,BRB,0.0,0.0,0.0,0.0
Barbados,2013,BRB,0.0,0.0,0.0,0.0
Barbados,2014,BRB,0.01,0.971,0.01,0.0
Barbados,2015,BRB,0.01,0.962,0.01,0.0
Barbados,2016,BRB,0.02,1.905,0.02,0.0
Barbados,2017,BRB,0.03,2.885,0.03,0.0
Barbados,2018,BRB,0.03,2.885,0.03,0.0
Barbados,2019,BRB,0.04,3.774,0.04,0.0
Barbados,2020,BRB,0.07,6.604,0.07,0.0
Barbados,2021,BRB,0.08,7.547,0.08,0.0
Barbados,2022,BRB,0.08,7.339,0.08,0.0
Barbados,2023,BRB,0.09,8.182,0.09,0.0
Barbados,2024,BRB,0.1,9.009,0.1,0.0
Belarus,1985,BLR,0.02,0.06,0.0,0.0
Belarus,1986,BLR,0.02,0.055,0.0,0.0
Belarus,1987,BLR,0.02,0.053,0.0,0.0
Belarus,1988,BLR,0.02,0.052,0.0,0.0
Belarus,1989,BLR,0.02,0.052,0.0,0.0
Belarus,1990,BLR,0.02,0.051,0.0,0.0
Belarus,1991,BLR,0.018,0.046,0.0,0.0
Belarus,1992,BLR,0.017,0.045,0.0,0.0
Belarus,1993,BLR,0.019,0.057,0.0,0.0
Belarus,1994,BLR,0.019,0.061,0.0,0.0
Belarus,1995,BLR,0.02,0.08,0.0,0.0
Belarus,1996,BLR,0.016,0.067,0.0,0.0
Belarus,1997,BLR,0.021,0.081,0.0,0.0
Belarus,1998,BLR,0.028,0.119,0.0,0.0
Belarus,1999,BLR,0.019,0.072,0.0,0.0
Belarus,2000,BLR,0.03,0.115,0.0,0.0
Belarus,2001,BLR,0.03,0.12,0.0,0.0
Belarus,2002,BLR,0.03,0.113,0.0,0.0
Belarus,2003,BLR,0.03,0.113,0.0,0.0
Belarus,2004,BLR,0.03,0.096,0.0,0.0
Belarus,2005,BLR,0.04,0.129,0.0,0.0
Belarus,2006,BLR,0.04,0.126,0.0,0.0
Belarus,2007,BLR,0.05,0.157,0.0,0.0
Belarus,2008,BLR,0.07,0.2,0.0,0.0
Belarus,2009,BLR,0.11,0.362,0.0,0.0
Belarus,2010,BLR,0.14,0.401,0.0,0.0
Belarus,2011,BLR,0.14,0.435,0.0,0.0
Belarus,2012,BLR,0.21,0.682,0.0,0.01
Belarus,2013,BLR,0.3,0.952,0.0,0.01
Belarus,2014,BLR,0.29,0.835,0.0,0.01
Belarus,2015,BLR,0.34,0.997,0.01,0.03
Belarus,2016,BLR,0.43,1.281,0.03,0.08
Belarus,2017,BLR,0.78,2.26,0.09,0.1
Belarus,2018,BLR,0.81,2.077,0.18,0.1
Belarus,2019,BLR,1.04,2.57,0.18,0.18
Belarus,2020,BLR,1.35,3.503,0.18,0.19
Belarus,2021,BLR,1.27,3.079,0.18,0.17
Belarus,2022,BLR,1.26,3.389,0.21,0.18
Belarus,2023,BLR,1.34,3.21,0.23,0.19
Belarus,2024,BLR,1.41,3.077,0.26,0.2
Belarus,2025,BLR,2.24,4.831,0.37,0.48
Belgium,1965,BEL,0.272,,0.0,0.0
Belgium,1966,BEL,0.299,,0.0,0.0
Belgium,1967,BEL,0.238,,0.0,0.0
Belgium,1968,BEL,0.244,,0.0,0.0
Belgium,1969,BEL,0.23,,0.0,0.0
Belgium,1970,BEL,0.246,,0.0,0.0
Belgium,1971,BEL,0.134,,0.0,0.0
Belgium,1972,BEL,0.18,,0.0,0.0
Belgium,1973,BEL,0.287,,0.0,0.0
Belgium,1974,BEL,0.348,,0.0,0.0
Belgium,1975,BEL,0.266,,0.0,0.0
Belgium,1976,BEL,0.166,,0.0,0.0
Belgium,1977,BEL,0.471,,0.0,0.0
Belgium,1978,BEL,0.483,,0.0,0.0
Belgium,1979,BEL,0.549,,0.0,0.0
Belgium,1980,BEL,0.578,,0.0,0.0
Belgium,1981,BEL,0.672,,0.0,0.0
Belgium,1982,BEL,0.379,,0.0,0.0
Belgium,1983,BEL,0.358,,0.0,0.0
Belgium,1984,BEL,0.375,,0.0,0.0
Belgium,1985,BEL,0.34,0.593,0.0,0.0
Belgium,1986,BEL,0.462,0.787,0.0,0.0
Belgium,1987,BEL,0.577,0.911,0.0,0.006
Belgium,1988,BEL,0.547,0.837,0.0,0.008
Belgium,1989,BEL,0.503,0.745,0.0,0.007
Belgium,1990,BEL,0.56,0.797,0.0,0.01
Belgium,1991,BEL,0.54,0.759,0.0,0.01
Belgium,1992,BEL,0.62,0.868,0.0,0.01
Belgium,1993,BEL,0.51,0.728,0.0,0.01
Belgium,1994,BEL,0.61,0.855,0.0,0.01
Belgium,1995,BEL,0.67,0.911,0.0,0.01
Belgium,1996,BEL,0.56,0.745,0.0,0.01
Belgium,1997,BEL,0.6,0.77,0.0,0.01
Belgium,1998,BEL,0.76,0.926,0.0,0.01
Belgium,1999,BEL,0.85,1.02,0.0,0.01
Belgium,2000,BEL,1.05,1.268,0.0,0.02
Belgium,2001,BEL,1.08,1.374,0.0,0.04
Belgium,2002,BEL,1.14,1.408,0.0,0.06
Belgium,2003,BEL,1.2,1.436,0.0,0.09
Belgium,2004,BEL,1.5,1.809,0.0,0.14
Belgium,2005,BEL,2.11,2.501,0.0,0.23
Belgium,2006,BEL,2.96,3.552,0.0,0.37
Belgium,2007,BEL,3.49,4.02,0.01,0.49
Belgium,2008,BEL,4.42,5.321,0.04,0.64
Belgium,2009,BEL,5.44,6.061,0.17,0.99
Belgium,2010,BEL,6.57,7.061,0.58,1.3
Belgium,2011,BEL,8.36,9.364,1.21,2.32
Belgium,2012,BEL,10.51,12.894,2.15,2.76
Belgium,2013,BEL,11.72,14.301,2.64,3.67
Belgium,2014,BEL,12.21,17.149,2.89,4.62
Belgium,2015,BEL,14.44,21.102,3.06,5.57
Belgium,2016,BEL,14.25,16.902,3.1,5.42
Belgium,2017,BEL,15.8,18.514,3.31,6.52
Belgium,2018,BEL,17.16,23.23,3.9,7.57
Belgium,2019,BEL,19.45,20.984,4.25,9.75
Belgium,2020,BEL,23.45,26.56,5.11,12.81
Belgium,2021,BEL,22.75,22.887,5.62,12.0
Belgium,2022,BEL,24.43,25.898,6.88,12.35
Belgium,2023,BEL,27.46,33.435,7.83,15.44
Belgium,2024,BEL,26.78,35.232,8.56,14.06
Belgium,2025,BEL,28.38,38.935,10.45,13.72
Belize,2000,BLZ,0.09,69.231,0.0,0.0
Belize,2001,BLZ,0.09,69.231,0.0,0.0
Belize,2002,BLZ,0.09,64.286,0.0,0.0
Belize,2003,BLZ,0.06,37.5,0.0,0.0
Belize,2004,BLZ,0.06,42.857,0.0,0.0
Belize,2005,BLZ,0.07,43.75,0.0,0.0
Belize,2006,BLZ,0.18,85.714,0.0,0.0
Belize,2007,BLZ,0.18,81.818,0.0,0.0
Belize,2008,BLZ,0.2,95.238,0.0,0.0
Belize,2009,BLZ,0.19,79.167,0.0,0.0
Belize,2010,BLZ,0.37,88.095,0.0,0.0
Belize,2011,BLZ,0.31,93.939,0.0,0.0
Belize,2012,BLZ,0.35,92.105,0.0,0.0
Belize,2013,BLZ,0.35,94.595,0.0,0.0
Belize,2014,BLZ,0.33,91.667,0.0,0.0
Belize,2015,BLZ,0.33,91.667,0.0,0.0
Belize,2016,BLZ,0.36,94.737,0.0,0.0
Belize,2017,BLZ,0.38,95.0,0.0,0.0
Belize,2018,BLZ,0.38,92.683,0.0,0.0
Belize,2019,BLZ,0.45,86.538,0.01,0.0
Belize,2020,BLZ,0.39,88.636,0.01,0.0
Belize,2021,BLZ,0.31,86.111,0.01,0.0
Belize,2022,BLZ,0.41,87.234,0.01,0.0
Belize,2023,BLZ,0.4,88.889,0.01,0.0
Belize,2024,BLZ,0.41,87.234,0.01,0.0
Benin,2000,BEN,0.0,0.0,0.0,0.0
Benin,2001,BEN,0.0,0.0,0.0,0.0
Benin,2002,BEN,0.0,0.0,0.0,0.0
Benin,2003,BEN,0.0,0.0,0.0,0.0
Benin,2004,BEN,0.0,0.0,0.0,0.0
Benin,2005,BEN,0.0,0.0,0.0,0.0
Benin,2006,BEN,0.0,0.0,0.0,0.0
Benin,2007,BEN,0.0,0.0,0.0,0.0
Benin,2008,BEN,0.0,0.0,0.0,0.0
Benin,2009,BEN,0.0,0.0,0.0,0.0
Benin,2010,BEN,0.0,0.0,0.0,0.0
Benin,2011,BEN,0.0,0.0,0.0,0.0
Benin,2012,BEN,0.0,0.0,0.0,0.0
Benin,2013,BEN,0.0,0.0,0.0,0.0
Benin,2014,BEN,0.0,0.0,0.0,0.0
Benin,2015,BEN,0.0,0.0,0.0,0.0
Benin,2016,BEN,0.0,0.0,0.0,0.0
Benin,2017,BEN,0.0,0.0,0.0,0.0
Benin,2018,BEN,0.0,0.0,0.0,0.0
Benin,2019,BEN,0.01,1.852,0.01,0.0
Benin,2020,BEN,0.01,1.01,0.01,0.0
Benin,2021,BEN,0.02,1.77,0.02,0.0
Benin,2022,BEN,0.02,2.02,0.02,0.0
Benin,2023,BEN,0.03,3.0,0.03,0.0
Benin,2024,BEN,0.04,3.96,0.04,0.0
Bermuda,2000,BMU,0.01,1.667,0.0,0.0
Bermuda,2001,BMU,0.01,1.639,0.0,0.0
Bermuda,2002,BMU,0.01,1.562,0.0,0.0
Bermuda,2003,BMU,0.01,1.515,0.0,0.0
Bermuda,2004,BMU,0.01,1.515,0.0,0.0
Bermuda,2005,BMU,0.01,1.449,0.0,0.0
Bermuda,2006,BMU,0.01,1.408,0.0,0.0
Bermuda,2007,BMU,0.01,1.37,0.0,0.0
Bermuda,2008,BMU,0.01,1.389,0.0,0.0
Bermuda,2009,BMU,0.01,1.351,0.0,0.0
Bermuda,2010,BMU,0.01,1.351,0.0,0.0
Bermuda,2011,BMU,0.01,1.37,0.0,0.0
Bermuda,2012,BMU,0.01,1.429,0.0,0.0
Bermuda,2013,BMU,0.01,1.471,0.0,0.0
Bermuda,2014,BMU,0.01,1.515,0.0,0.0
Bermuda,2015,BMU,0.01,1.493,0.0,0.0
Bermuda,2016,BMU,0.01,1.515,0.0,0.0
Bermuda,2017,BMU,0.01,1.493,0.0,0.0
Bermuda,2018,BMU,0.01,1.562,0.0,0.0
Bermuda,2019,BMU,0.01,1.639,0.0,0.0
Bermuda,2020,BMU,0.01,1.695,0.0,0.0
Bermuda,2021,BMU,0.01,1.695,0.0,0.0
Bermuda,2022,BMU,0.01,1.587,0.0,0.0
Bermuda,2023,BMU,0.01,1.562,0.0,0.0
Bermuda,2024,BMU,0.01,1.639,0.0,0.0
Bhutan,2000,BTN,1.79,100.0,0.0,0.0
Bhutan,2001,BTN,1.92,100.0,0.0,0.0
Bhutan,2002,BTN,2.18,100.0,0.0,0.0
Bhutan,2003,BTN,2.5,100.0,0.0,0.0
Bhutan,2004,BTN,2.33,100.0,0.0,0.0
Bhutan,2005,BTN,2.62,100.0,0.0,0.0
Bhutan,2006,BTN,4.47,100.0,0.0,0.0
Bhutan,2007,BTN,6.49,100.0,0.0,0.0
Bhutan,2008,BTN,6.89,100.0,0.0,0.0
Bhutan,2009,BTN,6.93,100.0,0.0,0.0
Bhutan,2010,BTN,7.26,100.0,0.0,0.0
Bhutan,2011,BTN,6.97,100.0,0.0,0.0
Bhutan,2012,BTN,6.74,100.0,0.0,0.0
Bhutan,2013,BTN,7.53,100.0,0.0,0.0
Bhutan,2014,BTN,7.15,100.0,0.0,0.0
Bhutan,2015,BTN,7.73,100.0,0.0,0.0
Bhutan,2016,BTN,7.88,100.0,0.0,0.0
Bhutan,2017,BTN,7.65,100.0,0.0,0.0
Bhutan,2018,BTN,6.89,100.0,0.0,0.0
Bhutan,2019,BTN,8.65,100.0,0.0,0.0
Bhutan,2020,BTN,11.37,100.0,0.0,0.0
Bhutan,2021,BTN,10.82,100.0,0.0,0.0
Bhutan,2022,BTN,10.77,100.0,0.0,0.0
Bhutan,2023,BTN,11.16,100.0,0.0,0.0
Bhutan,2024,BTN,11.0,100.0,0.0,0.0
Bolivia,2000,BOL,2.0,51.546,0.0,0.0
Bolivia,2001,BOL,2.16,54.545,0.0,0.0
Bolivia,2002,BOL,2.23,53.606,0.0,0.0
Bolivia,2003,BOL,2.02,46.651,0.0,0.0
Bolivia,2004,BOL,2.19,48.344,0.0,0.0
Bolivia,2005,BOL,2.0,40.9,0.0,0.0
Bolivia,2006,BOL,2.18,43.6,0.0,0.0
Bolivia,2007,BOL,2.35,43.199,0.0,0.0
Bolivia,2008,BOL,2.35,39.696,0.0,0.0
Bolivia,2009,BOL,2.35,37.842,0.0,0.0
Bolivia,2010,BOL,2.24,33.684,0.0,0.0
Bolivia,2011,BOL,2.41,33.992,0.0,0.0
Bolivia,2012,BOL,2.41,32.524,0.0,0.0
Bolivia,2013,BOL,2.64,33.803,0.0,0.0
Bolivia,2014,BOL,2.38,28.675,0.01,0.01
Bolivia,2015,BOL,2.65,29.444,0.0,0.01
Bolivia,2016,BOL,1.93,20.753,0.01,0.04
Bolivia,2017,BOL,2.41,25.13,0.01,0.06
Bolivia,2018,BOL,2.97,29.582,0.13,0.06
Bolivia,2019,BOL,3.75,36.162,0.19,0.07
Bolivia,2020,BOL,3.66,35.638,0.33,0.06
Bolivia,2021,BOL,4.18,38.454,0.35,0.13
Bolivia,2022,BOL,4.17,35.733,0.35,0.44
Bolivia,2023,BOL,4.18,33.307,0.35,0.44
Bolivia,2024,BOL,4.6,33.999,0.4,0.48
Bolivia,2025,BOL,4.92,36.097,0.4,0.28
Bosnia and Herzegovina,2011,BIH,4.39,29.131,0.0,0.0
Bosnia and Herzegovina,2012,BIH,4.15,30.051,0.0,0.0
Bosnia and Herzegovina,2013,BIH,7.24,41.971,0.0,0.0
Bosnia and Herzegovina,2014,BIH,5.94,34.88,0.01,0.0
Bosnia and Herzegovina,2015,BIH,5.55,33.78,0.01,0.0
Bosnia and Herzegovina,2016,BIH,5.61,31.677,0.02,0.0
Bosnia and Herzegovina,2017,BIH,3.82,23.522,0.02,0.0
Bosnia and Herzegovina,2018,BIH,6.55,34.347,0.02,0.1
Bosnia and Herzegovina,2019,BIH,6.39,36.682,0.03,0.25
Bosnia and Herzegovina,2020,BIH,4.9,29.184,0.05,0.26
Bosnia and Herzegovina,2021,BIH,7.18,39.001,0.07,0.38
Bosnia and Herzegovina,2022,BIH,5.24,32.049,0.11,0.39
Bosnia and Herzegovina,2023,BIH,7.4,43.073,0.25,0.36
Bosnia and Herzegovina,2024,BIH,6.25,40.349,0.39,0.37
Bosnia and Herzegovina,2025,BIH,6.29,43.56,0.59,0.37
Botswana,2000,BWA,0.0,0.0,0.0,0.0
Botswana,2001,BWA,0.0,0.0,0.0,0.0
Botswana,2002,BWA,0.0,0.0,0.0,0.0
Botswana,2003,BWA,0.0,0.0,0.0,0.0
Botswana,2004,BWA,0.0,0.0,0.0,0.0
Botswana,2005,BWA,0.0,0.0,0.0,0.0
Botswana,2006,BWA,0.0,0.0,0.0,0.0
Botswana,2007,BWA,0.0,0.0,0.0,0.0
Botswana,2008,BWA,0.0,0.0,0.0,0.0
Botswana,2009,BWA,0.0,0.0,0.0,0.0
Botswana,2010,BWA,0.0,0.0,0.0,0.0
Botswana,2011,BWA,0.0,0.0,0.0,0.0
Botswana,2012,BWA,0.0,0.0,0.0,0.0
Botswana,2013,BWA,0.0,0.0,0.0,0.0
Botswana,2014,BWA,0.0,0.0,0.0,0.0
Botswana,2015,BWA,0.0,0.0,0.0,0.0
Botswana,2016,BWA,0.0,0.0,0.0,0.0
Botswana,2017,BWA,0.0,0.0,0.0,0.0
Botswana,2018,BWA,0.01,0.322,0.01,0.0
Botswana,2019,BWA,0.01,0.398,0.01,0.0
Botswana,2020,BWA,0.01,0.459,0.01,0.0
Botswana,2021,BWA,0.01,0.402,0.01,0.0
Botswana,2022,BWA,0.01,0.391,0.01,0.0
Botswana,2023,BWA,0.01,0.31,0.01,0.0
Botswana,2024,BWA,0.01,0.292,0.01,0.0
Brazil,1965,BRA,25.515,,0.0,0.0
Brazil,1966,BRA,27.906,,0.0,0.0
Brazil,1967,BRA,29.189,,0.0,0.0
Brazil,1968,BRA,30.55,,0.0,0.0
Brazil,1969,BRA,32.692,,0.0,0.0
Brazil,1970,BRA,40.316,,0.0,0.0
Brazil,1971,BRA,43.832,,0.0,0.0
Brazil,1972,BRA,51.398,,0.0,0.0
Brazil,1973,BRA,58.641,,0.0,0.0
Brazil,1974,BRA,66.464,,0.0,0.0
Brazil,1975,BRA,73.154,,0.0,0.0
Brazil,1976,BRA,83.777,,0.0,0.0
Brazil,1977,BRA,94.597,,0.0,0.0
Brazil,1978,BRA,104.078,,0.0,0.0
Brazil,1979,BRA,118.356,,0.0,0.0
Brazil,1980,BRA,130.713,,0.0,0.0
Brazil,1981,BRA,132.639,,0.0,0.0
Brazil,1982,BRA,143.31,,0.0,0.0
Brazil,1983,BRA,154.459,,0.0,0.0
Brazil,1984,BRA,169.445,,0.0,0.0
Brazil,1985,BRA,181.442,93.68,0.0,0.0
Brazil,1986,BRA,185.613,91.829,0.0,0.0
Brazil,1987,BRA,189.166,93.033,0.0,0.0
Brazil,1988,BRA,202.433,94.175,0.0,0.0
Brazil,1989,BRA,208.093,93.846,0.0,0.0
Brazil,1990,BRA,210.567,94.501,0.0,0.0
Brazil,1991,BRA,221.782,94.626,0.0,0.0
Brazil,1992,BRA,228.272,94.42,0.0,0.0
Brazil,1993,BRA,240.049,95.256,0.0,0.0
Brazil,1994,BRA,248.093,95.406,0.0,0.0
Brazil,1995,BRA,259.499,94.157,0.0,0.0
Brazil,1996,BRA,272.491,93.56,0.0,0.002
Brazil,1997,BRA,286.355,92.978,0.0,0.004
Brazil,1998,BRA,298.979,92.923,0.0,0.005
Brazil,1999,BRA,301.378,90.037,0.0,0.002
Brazil,2000,BRA,312.26,89.491,0.0,0.0
Brazil,2001,BRA,276.93,84.289,0.0,0.03
Brazil,2002,BRA,296.42,85.74,0.0,0.06
Brazil,2003,BRA,317.62,87.165,0.0,0.06
Brazil,2004,BRA,333.38,86.036,0.0,0.06
Brazil,2005,BRA,351.19,87.129,0.0,0.09
Brazil,2006,BRA,363.89,86.754,0.0,0.24
Brazil,2007,BRA,392.74,88.226,0.0,0.66
Brazil,2008,BRA,390.53,84.315,0.0,1.18
Brazil,2009,BRA,415.11,89.047,0.0,1.24
Brazil,2010,BRA,437.41,84.802,0.0,2.18
Brazil,2011,BRA,463.66,87.193,0.0,2.7
Brazil,2012,BRA,456.16,82.563,0.0,5.05
Brazil,2013,BRA,438.54,76.825,0.0,6.58
Brazil,2014,BRA,432.75,73.279,0.02,12.21
Brazil,2015,BRA,431.31,74.208,0.06,21.63
Brazil,2016,BRA,465.82,80.468,0.09,33.49
Brazil,2017,BRA,467.02,79.247,0.83,42.37
Brazil,2018,BRA,495.29,82.358,3.46,48.48
Brazil,2019,BRA,515.44,81.386,6.65,55.99
Brazil,2020,BRA,522.92,83.167,10.75,57.05
Brazil,2021,BRA,507.87,77.372,16.75,72.29
Brazil,2022,BRA,593.89,87.703,30.13,81.63
Brazil,2023,BRA,630.19,88.995,50.63,95.8
Brazil,2024,BRA,651.26,87.333,71.32,108.49
Brazil,2025,BRA,649.97,86.601,88.64,117.58
British Virgin Islands,2000,VGB,0.0,0.0,0.0,0.0
British Virgin Islands,2001,VGB,0.0,0.0,0.0,0.0
British Virgin Islands,2002,VGB,0.0,0.0,0.0,0.0
British Virgin Islands,2003,VGB,0.0,0.0,0.0,0.0
British Virgin Islands,2004,VGB,0.0,0.0,0.0,0.0
British Virgin Islands,2005,VGB,0.0,0.0,0.0,0.0
British Virgin Islands,2006,VGB,0.0,0.0,0.0,0.0
British Virgin Islands,2007,VGB,0.0,0.0,0.0,0.0
British Virgin Islands,2008,VGB,0.0,0.0,0.0,0.0
British Virgin Islands,2009,VGB,0.0,0.0,0.0,0.0
British Virgin Islands,2010,VGB,0.0,0.0,0.0,0.0
British Virgin Islands,2011,VGB,0.0,0.0,0.0,0.0
British Virgin Islands,2012,VGB,0.0,0.0,0.0,0.0
British Virgin Islands,2013,VGB,0.0,0.0,0.0,0.0
British Virgin Islands,2014,VGB,0.0,0.0,0.0,0.0
British Virgin Islands,2015,VGB,0.0,0.0,0.0,0.0
British Virgin Islands,2016,VGB,0.0,0.0,0.0,0.0
British Virgin Islands,2017,VGB,0.0,0.0,0.0,0.0
British Virgin Islands,2018,VGB,0.0,0.0,0.0,0.0
British Virgin Islands,2019,VGB,0.0,0.0,0.0,0.0
British Virgin Islands,2020,VGB,0.0,0.0,0.0,0.0
British Virgin Islands,2021,VGB,0.0,0.0,0.0,0.0
British Virgin Islands,2022,VGB,0.0,0.0,0.0,0.0
British Virgin Islands,2023,VGB,0.0,0.0,0.0,0.0
Brunei,2000,BRN,0.0,0.0,0.0,0.0
Brunei,2001,BRN,0.0,0.0,0.0,0.0
Brunei,2002,BRN,0.0,0.0,0.0,0.0
Brunei,2003,BRN,0.0,0.0,0.0,0.0
Brunei,2004,BRN,0.0,0.0,0.0,0.0
Brunei,2005,BRN,0.0,0.0,0.0,0.0
Brunei,2006,BRN,0.0,0.0,0.0,0.0
Brunei,2007,BRN,0.0,0.0,0.0,0.0
Brunei,2008,BRN,0.0,0.0,0.0,0.0
Brunei,2009,BRN,0.0,0.0,0.0,0.0
Brunei,2010,BRN,0.0,0.0,0.0,0.0
Brunei,2011,BRN,0.0,0.0,0.0,0.0
Brunei,2012,BRN,0.0,0.0,0.0,0.0
Brunei,2013,BRN,0.0,0.0,0.0,0.0
Brunei,2014,BRN,0.0,0.0,0.0,0.0
Brunei,2015,BRN,0.0,0.0,0.0,0.0
Brunei,2016,BRN,0.0,0.0,0.0,0.0
Brunei,2017,BRN,0.0,0.0,0.0,0.0
Brunei,2018,BRN,0.0,0.0,0.0,0.0
Brunei,2019,BRN,0.0,0.0,0.0,0.0
Brunei,2020,BRN,0.0,0.0,0.0,0.0
Brunei,2021,BRN,0.0,0.0,0.0,0.0
Brunei,2022,BRN,0.0,0.0,0.0,0.0
Brunei,2023,BRN,0.0,0.0,0.0,0.0
Brunei,2024,BRN,0.01,0.18,0.01,0.0
Bulgaria,1965,BGR,2.0,,0.0,0.0
Bulgaria,1966,BGR,2.01,,0.0,0.0
Bulgaria,1967,BGR,2.022,,0.0,0.0
Bulgaria,1968,BGR,1.305,,0.0,0.0
Bulgaria,1969,BGR,1.839,,0.0,0.0
Bulgaria,1970,BGR,2.152,,0.0,0.0
Bulgaria,1971,BGR,2.17,,0.0,0.0
Bulgaria,1972,BGR,2.095,,0.0,0.0
Bulgaria,1973,BGR,2.57,,0.0,0.0
Bulgaria,1974,BGR,2.08,,0.0,0.0
Bulgaria,1975,BGR,2.453,,0.0,0.0
Bulgaria,1976,BGR,2.954,,0.0,0.0
Bulgaria,1977,BGR,3.529,,0.0,0.0
Bulgaria,1978,BGR,2.909,,0.0,0.0
Bulgaria,1979,BGR,3.311,,0.0,0.0
Bulgaria,1980,BGR,3.713,,0.0,0.0
Bulgaria,1981,BGR,3.618,,0.0,0.0
Bulgaria,1982,BGR,3.05,,0.0,0.0
Bulgaria,1983,BGR,3.353,,0.0,0.0
Bulgaria,1984,BGR,3.26,,0.0,0.0
Bulgaria,1985,BGR,2.237,5.373,0.0,0.0
Bulgaria,1986,BGR,2.326,5.562,0.0,0.0
Bulgaria,1987,BGR,2.537,5.836,0.0,0.0
Bulgaria,1988,BGR,2.596,5.766,0.0,0.0
Bulgaria,1989,BGR,2.691,6.07,0.0,0.0
Bulgaria,1990,BGR,1.63,3.89,0.0,0.0
Bulgaria,1991,BGR,2.27,5.579,0.0,0.0
Bulgaria,1992,BGR,1.9,5.361,0.0,0.0
Bulgaria,1993,BGR,1.79,4.73,0.0,0.0
Bulgaria,1994,BGR,1.3,3.423,0.0,0.0
Bulgaria,1995,BGR,2.17,5.21,0.0,0.0
Bulgaria,1996,BGR,2.89,6.771,0.0,0.0
Bulgaria,1997,BGR,2.72,6.388,0.0,0.0
Bulgaria,1998,BGR,3.07,7.412,0.0,0.0
Bulgaria,1999,BGR,2.73,7.197,0.0,0.0
Bulgaria,2004,BGR,3.14,7.592,0.0,0.0
Bulgaria,2005,BGR,4.3,9.797,0.0,0.0
Bulgaria,2006,BGR,4.23,9.309,0.0,0.02
Bulgaria,2007,BGR,2.88,6.726,0.0,0.05
Bulgaria,2008,BGR,2.93,6.586,0.0,0.12
Bulgaria,2009,BGR,3.68,8.698,0.0,0.24
Bulgaria,2010,BGR,5.76,12.541,0.01,0.68
Bulgaria,2011,BGR,3.89,7.786,0.1,0.86
Bulgaria,2012,BGR,5.25,11.3,0.78,1.22
Bulgaria,2013,BGR,6.91,16.062,1.39,1.37
Bulgaria,2014,BGR,7.39,15.75,1.26,1.33
Bulgaria,2015,BGR,8.75,17.963,1.38,1.45
Bulgaria,2016,BGR,7.04,15.81,1.39,1.42
Bulgaria,2017,BGR,6.13,13.671,1.4,1.5
Bulgaria,2018,BGR,9.38,20.168,1.34,1.32
Bulgaria,2019,BGR,7.49,17.132,1.42,1.32
Bulgaria,2020,BGR,7.47,18.61,1.47,1.48
Bulgaria,2021,BGR,10.31,21.834,1.47,1.43
Bulgaria,2022,BGR,9.63,19.153,2.09,1.5
Bulgaria,2023,BGR,10.05,25.075,3.52,1.58
Bulgaria,2024,BGR,11.46,29.922,5.49,1.46
Bulgaria,2025,BGR,12.45,32.798,6.89,1.32
Burkina Faso,2000,BFA,0.1,25.641,0.0,0.0
Burkina Faso,2001,BFA,0.05,13.889,0.0,0.0
Burkina Faso,2002,BFA,0.06,16.667,0.0,0.0
Burkina Faso,2003,BFA,0.1,22.222,0.0,0.0
Burkina Faso,2004,BFA,0.1,21.277,0.0,0.0
Burkina Faso,2005,BFA,0.1,19.231,0.0,0.0
Burkina Faso,2006,BFA,0.08,14.545,0.0,0.0
Burkina Faso,2007,BFA,0.11,18.033,0.0,0.0
Burkina Faso,2008,BFA,0.13,21.311,0.0,0.0
Burkina Faso,2009,BFA,0.13,18.571,0.0,0.0
Burkina Faso,2010,BFA,0.13,22.414,0.01,0.0
Burkina Faso,2011,BFA,0.09,16.667,0.01,0.0
Burkina Faso,2012,BFA,0.11,17.188,0.01,0.0
Burkina Faso,2013,BFA,0.12,16.0,0.01,0.0
Burkina Faso,2014,BFA,0.1,11.364,0.01,0.0
Burkina Faso,2015,BFA,0.1,9.901,0.01,0.0
Burkina Faso,2016,BFA,0.16,16.162,0.02,0.0
Burkina Faso,2017,BFA,0.16,14.286,0.03,0.0
Burkina Faso,2018,BFA,0.27,14.439,0.09,0.0
Burkina Faso,2019,BFA,0.26,16.25,0.09,0.0
Burkina Faso,2020,BFA,0.3,18.868,0.09,0.0
Burkina Faso,2021,BFA,0.31,18.129,0.09,0.0
Burkina Faso,2022,BFA,0.26,15.385,0.09,0.0
Burkina Faso,2023,BFA,0.27,15.976,0.09,0.0
Burkina Faso,2024,BFA,0.29,17.16,0.11,0.0
Burundi,2000,BDI,0.1,100.0,0.0,0.0
Burundi,2001,BDI,0.11,100.0,0.0,0.0
Burundi,2002,BDI,0.13,100.0,0.0,0.0
Burundi,2003,BDI,0.1,100.0,0.0,0.0
Burundi,2004,BDI,0.09,100.0,0.0,0.0
Burundi,2005,BDI,0.09,100.0,0.0,0.0
Burundi,2006,BDI,0.09,100.0,0.0,0.0
Burundi,2007,BDI,0.12,100.0,0.0,0.0
Burundi,2008,BDI,0.11,100.0,0.0,0.0
Burundi,2009,BDI,0.12,100.0,0.0,0.0
Burundi,2010,BDI,0.14,87.5,0.0,0.0
Burundi,2011,BDI,0.14,93.333,0.0,0.0
Burundi,2012,BDI,0.15,100.0,0.0,0.0
Burundi,2013,BDI,0.15,88.235,0.0,0.0
Burundi,2014,BDI,0.15,83.333,0.0,0.0
Burundi,2015,BDI,0.15,83.333,0.0,0.0
Burundi,2016,BDI,0.16,88.889,0.01,0.0
Burundi,2017,BDI,0.21,75.0,0.01,0.0
Burundi,2018,BDI,0.25,71.429,0.0,0.0
Burundi,2019,BDI,0.27,69.231,0.0,0.0
Burundi,2020,BDI,0.28,75.676,0.0,0.0
Burundi,2021,BDI,0.27,69.231,0.0,0.0
Burundi,2022,BDI,0.27,69.231,0.0,0.0
Burundi,2023,BDI,0.38,76.0,0.0,0.0
Burundi,2024,BDI,0.37,75.51,0.0,0.0
Cameroon,2000,CMR,3.41,98.841,0.0,0.0
Cameroon,2001,CMR,3.44,98.006,0.0,0.0
Cameroon,2002,CMR,3.15,96.33,0.0,0.0
Cameroon,2003,CMR,3.49,95.616,0.0,0.0
Cameroon,2004,CMR,3.88,95.332,0.0,0.0
Cameroon,2005,CMR,3.73,94.192,0.0,0.0
Cameroon,2006,CMR,4.49,88.735,0.0,0.0
Cameroon,2007,CMR,3.89,74.664,0.0,0.0
Cameroon,2008,CMR,4.27,75.709,0.0,0.0
Cameroon,2009,CMR,4.05,70.557,0.0,0.0
Cameroon,2010,CMR,4.28,73.038,0.0,0.0
Cameroon,2011,CMR,4.41,75.0,0.0,0.0
Cameroon,2012,CMR,4.27,78.637,0.0,0.0
Cameroon,2013,CMR,4.4,69.401,0.0,0.0
Cameroon,2014,CMR,4.41,64.006,0.01,0.0
Cameroon,2015,CMR,4.37,54.899,0.01,0.0
Cameroon,2016,CMR,4.38,61.603,0.01,0.0
Cameroon,2017,CMR,5.1,63.354,0.02,0.0
Cameroon,2018,CMR,5.03,58.899,0.02,0.0
Cameroon,2019,CMR,5.09,61.473,0.02,0.0
Cameroon,2020,CMR,5.29,60.114,0.02,0.0
Cameroon,2021,CMR,5.29,62.901,0.02,0.0
Cameroon,2022,CMR,5.29,64.908,0.02,0.0
Cameroon,2023,CMR,5.29,73.269,0.02,0.0
Cameroon,2024,CMR,5.31,73.14,0.04,0.0
Canada,1965,CAN,118.088,,0.0,0.0
Canada,1966,CAN,131.0,,0.0,0.0
Canada,1967,CAN,133.924,,0.0,0.0
Canada,1968,CAN,136.2,,0.0,0.0
Canada,1969,CAN,150.638,,0.0,0.0
Canada,1970,CAN,158.137,,0.0,0.0
Canada,1971,CAN,162.461,,0.0,0.0
Canada,1972,CAN,181.639,,0.0,0.0
Canada,1973,CAN,194.654,,0.0,0.0
Canada,1974,CAN,210.667,,0.0,0.0
Canada,1975,CAN,202.47,,0.0,0.0
Canada,1976,CAN,213.396,,0.0,0.0
Canada,1977,CAN,221.216,,0.0,0.0
Canada,1978,CAN,236.386,,0.0,0.0
Canada,1979,CAN,245.466,,0.0,0.0
Canada,1980,CAN,252.448,,0.0,0.0
Canada,1981,CAN,267.913,,0.0,0.0
Canada,1982,CAN,259.934,,0.0,0.0
Canada,1983,CAN,268.037,,0.0,0.0
Canada,1984,CAN,288.46,,0.0,0.0
Canada,1985,CAN,305.323,66.517,0.0,0.001
Canada,1986,CAN,312.501,66.69,0.0,0.001
Canada,1987,CAN,318.519,64.166,0.0,0.001
Canada,1988,CAN,309.921,61.247,0.0,0.001
Canada,1989,CAN,293.928,59.011,0.0,0.001
Canada,1990,CAN,299.639,62.348,0.0,0.002
Canada,1991,CAN,311.262,61.394,0.0,0.002
Canada,1992,CAN,319.701,61.644,0.002,0.059
Canada,1993,CAN,327.092,61.688,0.002,0.059
Canada,1994,CAN,333.65,60.328,0.002,0.059
Canada,1995,CAN,341.26,61.172,0.004,0.059
Canada,1996,CAN,362.188,63.362,0.006,0.062
Canada,1997,CAN,356.917,62.361,0.007,0.062
Canada,1998,CAN,339.929,60.487,0.01,0.062
Canada,1999,CAN,354.119,61.29,0.013,0.162
Canada,2000,CAN,365.96,60.607,0.02,0.26
Canada,2001,CAN,341.54,58.109,0.02,0.33
Canada,2002,CAN,359.75,59.979,0.02,0.41
Canada,2003,CAN,346.27,58.862,0.02,0.69
Canada,2004,CAN,349.15,58.338,0.01,0.94
Canada,2005,CAN,372.71,60.066,0.02,1.57
Canada,2006,CAN,364.32,59.879,0.02,2.47
Canada,2007,CAN,379.65,59.864,0.03,3.01
Canada,2008,CAN,389.3,61.296,0.04,3.79
Canada,2009,CAN,384.38,62.616,0.11,6.64
Canada,2010,CAN,370.67,61.063,0.26,8.72
Canada,2011,CAN,396.69,62.151,0.57,10.19
Canada,2012,CAN,403.37,63.369,0.88,11.31
Canada,2013,CAN,415.48,63.365,1.5,11.15
Canada,2014,CAN,407.24,62.367,2.12,12.82
Canada,2015,CAN,422.04,63.841,2.89,26.97
Canada,2016,CAN,430.73,64.565,3.01,30.93
Canada,2017,CAN,440.56,65.819,3.31,31.51
Canada,2018,CAN,433.39,65.546,3.49,33.47
Canada,2019,CAN,428.71,65.382,3.75,32.88
Canada,2020,CAN,436.79,66.595,4.07,35.76
Canada,2021,CAN,435.39,66.737,5.11,37.3
Canada,2022,CAN,452.47,68.135,5.74,39.48
Canada,2023,CAN,419.45,65.397,8.4,40.51
Canada,2024,CAN,409.28,64.272,9.42,46.83
Canada,2025,CAN,416.91,63.9,10.17,51.48
Cape Verde,2000,CPV,0.01,6.667,0.0,0.01
Cape Verde,2001,CPV,0.01,5.882,0.0,0.01
Cape Verde,2002,CPV,0.01,5.263,0.0,0.01
Cape Verde,2003,CPV,0.0,0.0,0.0,0.0
Cape Verde,2004,CPV,0.01,4.545,0.0,0.01
Cape Verde,2005,CPV,0.01,4.167,0.0,0.01
Cape Verde,2006,CPV,0.01,4.0,0.0,0.01
Cape Verde,2007,CPV,0.01,3.704,0.0,0.01
Cape Verde,2008,CPV,0.01,3.448,0.0,0.01
Cape Verde,2009,CPV,0.01,3.226,0.0,0.01
Cape Verde,2010,CPV,0.0,0.0,0.0,0.0
Cape Verde,2011,CPV,0.03,8.108,0.01,0.02
Cape Verde,2012,CPV,0.07,18.421,0.01,0.06
Cape Verde,2013,CPV,0.09,21.951,0.01,0.08
Cape Verde,2014,CPV,0.09,20.93,0.01,0.08
Cape Verde,2015,CPV,0.09,20.93,0.01,0.08
Cape Verde,2016,CPV,0.09,20.0,0.01,0.08
Cape Verde,2017,CPV,0.08,18.605,0.01,0.07
Cape Verde,2018,CPV,0.09,20.93,0.01,0.08
Cape Verde,2019,CPV,0.08,18.182,0.01,0.07
Cape Verde,2020,CPV,0.07,16.667,0.01,0.06
Cape Verde,2021,CPV,0.08,18.605,0.01,0.07
Cape Verde,2022,CPV,0.14,28.0,0.07,0.07
Cape Verde,2023,CPV,0.14,28.0,0.07,0.07
Cape Verde,2024,CPV,0.16,30.769,0.08,0.08
Cayman Islands,2000,CYM,0.0,0.0,0.0,0.0
Cayman Islands,2001,CYM,0.0,0.0,0.0,0.0
Cayman Islands,2002,CYM,0.0,0.0,0.0,0.0
Cayman Islands,2003,CYM,0.0,0.0,0.0,0.0
Cayman Islands,2004,CYM,0.0,0.0,0.0,0.0
Cayman Islands,2005,CYM,0.0,0.0,0.0,0.0
Cayman Islands,2006,CYM,0.0,0.0,0.0,0.0
Cayman Islands,2007,CYM,0.0,0.0,0.0,0.0
Cayman Islands,2008,CYM,0.0,0.0,0.0,0.0
Cayman Islands,2009,CYM,0.0,0.0,0.0,0.0
Cayman Islands,2010,CYM,0.0,0.0,0.0,0.0
Cayman Islands,2011,CYM,0.0,0.0,0.0,0.0
Cayman Islands,2012,CYM,0.0,0.0,0.0,0.0
Cayman Islands,2013,CYM,0.0,0.0,0.0,0.0
Cayman Islands,2014,CYM,0.0,0.0,0.0,0.0
Cayman Islands,2015,CYM,0.0,0.0,0.0,0.0
Cayman Islands,2016,CYM,0.0,0.0,0.0,0.0
Cayman Islands,2017,CYM,0.01,1.471,0.01,0.0
Cayman Islands,2018,CYM,0.01,1.493,0.01,0.0
Cayman Islands,2019,CYM,0.02,2.778,0.02,0.0
Cayman Islands,2020,CYM,0.02,2.899,0.02,0.0
Cayman Islands,2021,CYM,0.02,2.857,0.02,0.0
Cayman Islands,2022,CYM,0.02,2.857,0.02,0.0
Cayman Islands,2023,CYM,0.02,2.857,0.02,0.0
Cayman Islands,2024,CYM,0.03,4.225,0.03,0.0
Central African Republic,2000,CAF,0.08,80.0,0.0,0.0
Central African Republic,2001,CAF,0.08,72.727,0.0,0.0
Central African Republic,2002,CAF,0.08,72.727,0.0,0.0
Central African Republic,2003,CAF,0.08,72.727,0.0,0.0
Central African Republic,2004,CAF,0.12,80.0,0.0,0.0
Central African Republic,2005,CAF,0.13,81.25,0.0,0.0
Central African Republic,2006,CAF,0.14,82.353,0.0,0.0
Central African Republic,2007,CAF,0.14,87.5,0.0,0.0
Central African Republic,2008,CAF,0.14,87.5,0.0,0.0
Central African Republic,2009,CAF,0.14,87.5,0.0,0.0
Central African Republic,2010,CAF,0.13,81.25,0.0,0.0
Central African Republic,2011,CAF,0.15,83.333,0.0,0.0
Central African Republic,2012,CAF,0.15,83.333,0.0,0.0
Central African Republic,2013,CAF,0.14,100.0,0.0,0.0
Central African Republic,2014,CAF,0.17,100.0,0.0,0.0
Central African Republic,2015,CAF,0.17,100.0,0.0,0.0
Central African Republic,2016,CAF,0.17,100.0,0.0,0.0
Central African Republic,2017,CAF,0.15,100.0,0.0,0.0
Central African Republic,2018,CAF,0.15,100.0,0.0,0.0
Central African Republic,2019,CAF,0.15,100.0,0.0,0.0
Central African Republic,2020,CAF,0.15,100.0,0.0,0.0
Central African Republic,2021,CAF,0.15,100.0,0.0,0.0
Central African Republic,2022,CAF,0.14,100.0,0.0,0.0
Central African Republic,2023,CAF,0.14,100.0,0.0,0.0
Chad,2000,TCD,0.0,0.0,0.0,0.0
Chad,2001,TCD,0.0,0.0,0.0,0.0
Chad,2002,TCD,0.0,0.0,0.0,0.0
Chad,2003,TCD,0.0,0.0,0.0,0.0
Chad,2004,TCD,0.0,0.0,0.0,0.0
Chad,2005,TCD,0.0,0.0,0.0,0.0
Chad,2006,TCD,0.0,0.0,0.0,0.0
Chad,2007,TCD,0.0,0.0,0.0,0.0
Chad,2008,TCD,0.0,0.0,0.0,0.0
Chad,2009,TCD,0.0,0.0,0.0,0.0
Chad,2010,TCD,0.0,0.0,0.0,0.0
Chad,2011,TCD,0.0,0.0,0.0,0.0
Chad,2012,TCD,0.01,4.167,0.0,0.0
Chad,2013,TCD,0.01,3.571,0.0,0.0
Chad,2014,TCD,0.01,3.333,0.0,0.0
Chad,2015,TCD,0.01,3.333,0.0,0.0
Chad,2016,TCD,0.02,6.452,0.0,0.01
Chad,2017,TCD,0.02,6.25,0.0,0.01
Chad,2018,TCD,0.02,5.882,0.0,0.01
Chad,2019,TCD,0.02,5.714,0.0,0.01
Chad,2020,TCD,0.02,5.714,0.0,0.01
Chad,2021,TCD,0.02,4.651,0.0,0.01
Chad,2022,TCD,0.02,5.128,0.0,0.01
Chad,2023,TCD,0.02,5.556,0.0,0.01
Chad,2024,TCD,0.02,5.405,0.0,0.01
Chile,1965,CHL,3.954,,0.0,0.0
Chile,1966,CHL,4.168,,0.0,0.0
Chile,1967,CHL,4.255,,0.0,0.0
Chile,1968,CHL,3.565,,0.0,0.0
Chile,1969,CHL,4.024,,0.0,0.0
Chile,1970,CHL,4.307,,0.0,0.0
Chile,1971,CHL,4.875,,0.0,0.0
Chile,1972,CHL,5.787,,0.0,0.0
Chile,1973,CHL,5.646,,0.0,0.0
Chile,1974,CHL,6.41,,0.0,0.0
Chile,1975,CHL,6.439,,0.0,0.0
Chile,1976,CHL,6.672,,0.0,0.0
Chile,1977,CHL,7.049,,0.0,0.0
Chile,1978,CHL,7.342,,0.0,0.0
Chile,1979,CHL,7.542,,0.0,0.0
Chile,1980,CHL,7.976,,0.0,0.0
Chile,1981,CHL,8.26,,0.0,0.0
Chile,1982,CHL,9.051,,0.0,0.0
Chile,1983,CHL,9.821,,0.0,0.0
Chile,1984,CHL,10.176,,0.0,0.0
Chile,1985,CHL,11.265,80.235,0.0,0.0
Chile,1986,CHL,12.11,81.714,0.0,0.0
Chile,1987,CHL,13.094,83.737,0.0,0.0
Chile,1988,CHL,12.885,76.175,0.0,0.0
Chile,1989,CHL,10.864,60.996,0.0,0.0
Chile,1990,CHL,9.904,53.834,0.0,0.0
Chile,1991,CHL,14.169,70.975,0.0,0.0
Chile,1992,CHL,18.483,82.699,0.0,0.0
Chile,1993,CHL,18.967,78.988,0.0,0.0
Chile,1994,CHL,18.771,74.266,0.0,0.0
Chile,1995,CHL,20.293,72.404,0.0,0.0
Chile,1996,CHL,18.611,60.445,0.0,0.0
Chile,1997,CHL,20.686,62.135,0.0,0.0
Chile,1998,CHL,17.098,48.171,0.0,0.0
Chile,1999,CHL,15.027,39.149,0.0,0.0
Chile,2000,CHL,20.49,49.83,0.0,0.0
Chile,2001,CHL,22.87,54.041,0.0,0.01
Chile,2002,CHL,23.99,55.226,0.0,0.01
Chile,2003,CHL,23.28,49.925,0.0,0.01
Chile,2004,CHL,23.8,46.667,0.0,0.01
Chile,2005,CHL,28.02,53.658,0.0,0.01
Chile,2006,CHL,30.28,55.015,0.0,0.01
Chile,2007,CHL,25.61,43.943,0.0,0.01
Chile,2008,CHL,27.07,45.526,0.0,0.04
Chile,2009,CHL,29.39,48.683,0.0,0.08
Chile,2010,CHL,24.22,40.199,0.0,0.33
Chile,2011,CHL,25.95,39.528,0.0,0.34
Chile,2012,CHL,25.24,36.28,0.0,0.41
Chile,2013,CHL,26.0,35.695,0.01,0.55
Chile,2014,CHL,30.06,42.839,0.48,1.44
Chile,2015,CHL,32.36,43.199,1.24,2.11
Chile,2016,CHL,33.81,42.89,2.59,2.45
Chile,2017,CHL,34.37,43.545,3.84,3.52
Chile,2018,CHL,37.5,45.866,5.12,3.58
Chile,2019,CHL,38.81,46.213,6.3,4.89
Chile,2020,CHL,40.49,48.445,7.53,5.55
Chile,2021,CHL,43.07,48.888,10.56,7.62
Chile,2022,CHL,50.37,55.327,15.71,8.88
Chile,2023,CHL,56.34,63.14,17.94,9.46
Chile,2024,CHL,62.07,70.041,20.19,10.43
Chile,2025,CHL,58.74,66.373,22.18,11.58
China,1965,CHN,22.097,,0.0,0.0
China,1966,CHN,22.486,,0.0,0.0
China,1967,CHN,19.383,,0.0,0.0
China,1968,CHN,22.87,,0.0,0.0
China,1969,CHN,23.259,,0.0,0.0
China,1970,CHN,24.037,,0.0,0.0
China,1971,CHN,29.075,,0.0,0.0
China,1972,CHN,32.951,,0.0,0.0
China,1973,CHN,36.827,,0.0,0.0
China,1974,CHN,41.675,,0.0,0.0
China,1975,CHN,43.611,,0.0,0.0
China,1976,CHN,44.194,,0.0,0.0
China,1977,CHN,46.134,,0.0,0.0
China,1978,CHN,43.226,,0.0,0.0
China,1979,CHN,48.556,,0.0,0.0
China,1980,CHN,58.221,,0.0,0.0
China,1981,CHN,65.513,,0.0,0.0
China,1982,CHN,74.414,,0.0,0.0
China,1983,CHN,86.417,,0.0,0.0
China,1984,CHN,86.815,,0.0,0.0
China,1985,CHN,92.388,22.496,0.0,0.0
China,1986,CHN,94.549,21.033,0.0,0.0
China,1987,CHN,100.024,20.115,0.0,0.0
China,1988,CHN,109.168,20.023,0.0,0.0
China,1989,CHN,118.409,20.247,0.0,0.0
China,1990,CHN,126.812,20.414,0.002,0.002
China,1991,CHN,124.764,18.414,0.002,0.009
China,1992,CHN,130.933,17.367,0.003,0.131
China,1993,CHN,152.179,18.751,0.004,0.212
China,1994,CHN,168.278,18.137,0.005,0.384
China,1995,CHN,194.217,19.286,0.007,0.616
China,1996,CHN,189.606,17.535,0.009,0.094
China,1997,CHN,198.911,17.517,0.011,0.198
China,1998,CHN,201.74,17.287,0.014,0.356
China,1999,CHN,199.591,16.105,0.017,0.474
China,2000,CHN,225.56,16.639,0.02,0.59
China,2001,CHN,280.73,18.958,0.03,0.72
China,2002,CHN,291.41,17.618,0.05,0.84
China,2003,CHN,287.28,15.036,0.06,1.0
China,2004,CHN,357.43,16.222,0.08,1.28
China,2005,CHN,404.37,16.173,0.08,1.95
China,2006,CHN,446.72,15.588,0.09,3.71
China,2007,CHN,500.71,15.258,0.11,5.48
China,2008,CHN,665.08,19.025,0.15,13.1
China,2009,CHN,664.39,17.886,0.28,27.61
China,2010,CHN,786.38,18.691,0.7,49.4
China,2011,CHN,792.38,16.813,2.61,74.1
China,2012,CHN,999.56,20.041,3.59,103.05
China,2013,CHN,1093.37,20.13,8.37,138.26
China,2014,CHN,1289.23,22.249,23.51,159.76
China,2015,CHN,1393.66,23.968,39.48,185.59
China,2016,CHN,1522.79,24.829,66.53,240.86
China,2017,CHN,1667.06,25.242,117.8,304.6
China,2018,CHN,1835.39,25.612,176.9,365.8
China,2019,CHN,2014.64,26.85,224.0,405.3
China,2020,CHN,2185.01,28.088,261.1,466.5
China,2021,CHN,2448.8,28.694,327.0,655.8
China,2022,CHN,2670.66,30.181,427.27,762.67
China,2023,CHN,2894.22,30.606,584.15,885.87
China,2024,CHN,3398.83,33.696,839.04,997.04
China,2025,CHN,3920.47,37.044,1174.96,1135.44
Colombia,1965,COL,3.544,,0.0,0.0
Colombia,1966,COL,3.937,,0.0,0.0
Colombia,1967,COL,4.389,,0.0,0.0
Colombia,1968,COL,4.891,,0.0,0.0
Colombia,1969,COL,5.438,,0.0,0.0
Colombia,1970,COL,6.053,,0.0,0.0
Colombia,1971,COL,6.423,,0.0,0.0
Colombia,1972,COL,7.115,,0.0,0.0
Colombia,1973,COL,7.743,,0.0,0.0
Colombia,1974,COL,8.792,,0.0,0.0
Colombia,1975,COL,9.921,,0.0,0.0
Colombia,1976,COL,10.428,,0.0,0.0
Colombia,1977,COL,10.644,,0.0,0.0
Colombia,1978,COL,12.277,,0.0,0.0
Colombia,1979,COL,13.475,,0.0,0.0
Colombia,1980,COL,14.674,,0.0,0.0
Colombia,1981,COL,14.477,,0.0,0.0
Colombia,1982,COL,15.47,,0.0,0.0
Colombia,1983,COL,15.6,,0.0,0.0
Colombia,1984,COL,17.395,,0.0,0.0
Colombia,1985,COL,18.708,63.687,0.0,0.0
Colombia,1986,COL,21.599,68.237,0.0,0.0
Colombia,1987,COL,23.516,69.82,0.0,0.0
Colombia,1988,COL,24.793,69.893,0.0,0.0
Colombia,1989,COL,27.056,73.084,0.0,0.0
Colombia,1990,COL,27.77,72.609,0.0,0.0
Colombia,1991,COL,27.995,69.772,0.0,0.0
Colombia,1992,COL,22.621,61.783,0.0,0.0
Colombia,1993,COL,28.245,67.749,0.0,0.0
Colombia,1994,COL,32.502,72.189,0.0,0.0
Colombia,1995,COL,32.466,68.374,0.0,0.0
Colombia,1996,COL,35.784,73.977,0.0,0.0
Colombia,1997,COL,31.959,64.037,0.0,0.0
Colombia,1998,COL,31.314,62.275,0.0,0.0
Colombia,1999,COL,34.158,71.497,0.0,0.0
Colombia,2000,COL,32.26,75.356,0.01,0.0
Colombia,2001,COL,31.99,74.154,0.01,0.0
Colombia,2002,COL,34.13,76.336,0.01,0.0
Colombia,2003,COL,36.32,78.615,0.01,0.0
Colombia,2004,COL,40.21,81.512,0.01,0.05
Colombia,2005,COL,39.96,80.016,0.01,0.05
Colombia,2006,COL,42.91,80.446,0.01,0.06
Colombia,2007,COL,44.59,81.383,0.01,0.05
Colombia,2008,COL,46.54,83.886,0.01,0.05
Colombia,2009,COL,41.25,72.687,0.01,0.06
Colombia,2010,COL,42.47,70.513,0.01,0.04
Colombia,2011,COL,50.44,81.75,0.01,0.04
Colombia,2012,COL,49.12,77.894,0.01,0.05
Colombia,2013,COL,50.88,69.215,0.01,0.06
Colombia,2014,COL,48.68,69.089,0.01,0.07
Colombia,2015,COL,49.39,63.345,0.01,0.07
Colombia,2016,COL,49.98,65.616,0.01,0.05
Colombia,2017,COL,62.07,79.1,0.01,0.0
Colombia,2018,COL,59.7,76.333,0.02,0.04
Colombia,2019,COL,54.74,69.485,0.13,0.06
Colombia,2020,COL,50.79,65.325,0.19,0.01
Colombia,2021,COL,63.33,75.071,0.33,0.06
Colombia,2022,COL,61.61,74.354,0.63,0.07
Colombia,2023,COL,58.0,66.99,1.35,0.22
Colombia,2024,COL,54.68,61.342,3.43,0.15
Colombia,2025,COL,69.6,77.025,4.6,0.15
Comoros,2000,COM,0.0,0.0,0.0,0.0
Comoros,2001,COM,0.0,0.0,0.0,0.0
Comoros,2002,COM,0.0,0.0,0.0,0.0
Comoros,2003,COM,0.0,0.0,0.0,0.0
Comoros,2004,COM,0.0,0.0,0.0,0.0
Comoros,2005,COM,0.0,0.0,0.0,0.0
Comoros,2006,COM,0.0,0.0,0.0,0.0
Comoros,2007,COM,0.0,0.0,0.0,0.0
Comoros,2008,COM,0.0,0.0,0.0,0.0
Comoros,2009,COM,0.0,0.0,0.0,0.0
Comoros,2010,COM,0.0,0.0,0.0,0.0
Comoros,2011,COM,0.0,0.0,0.0,0.0
Comoros,2012,COM,0.0,0.0,0.0,0.0
Comoros,2013,COM,0.0,0.0,0.0,0.0
Comoros,2014,COM,0.0,0.0,0.0,0.0
Comoros,2015,COM,0.0,0.0,0.0,0.0
Comoros,2016,COM,0.0,0.0,0.0,0.0
Comoros,2017,COM,0.0,0.0,0.0,0.0
Comoros,2018,COM,0.0,0.0,0.0,0.0
Comoros,2019,COM,0.0,0.0,0.0,0.0
Comoros,2020,COM,0.0,0.0,0.0,0.0
Comoros,2021,COM,0.0,0.0,0.0,0.0
Comoros,2022,COM,0.0,0.0,0.0,0.0
Comoros,2023,COM,0.0,0.0,0.0,0.0
Congo,2000,COG,0.29,100.0,0.0,0.0
Congo,2001,COG,0.33,100.0,0.0,0.0
Congo,2002,COG,0.39,100.0,0.0,0.0
Congo,2003,COG,0.34,85.0,0.0,0.0
Congo,2004,COG,0.33,82.5,0.0,0.0
Congo,2005,COG,0.35,81.395,0.0,0.0
Congo,2006,COG,0.37,82.222,0.0,0.0
Congo,2007,COG,0.33,82.5,0.0,0.0
Congo,2008,COG,0.37,80.435,0.0,0.0
Congo,2009,COG,0.33,61.111,0.0,0.0
Congo,2010,COG,0.46,56.79,0.0,0.0
Congo,2011,COG,0.81,61.832,0.0,0.0
Congo,2012,COG,1.01,58.721,0.0,0.0
Congo,2013,COG,0.99,57.225,0.0,0.0
Congo,2014,COG,0.97,55.114,0.0,0.0
Congo,2015,COG,1.12,40.143,0.0,0.0
Congo,2016,COG,1.15,38.721,0.0,0.0
Congo,2017,COG,1.22,40.94,0.0,0.0
Congo,2018,COG,1.08,35.065,0.0,0.0
Congo,2019,COG,1.08,27.763,0.0,0.0
Congo,2020,COG,1.08,26.933,0.0,0.0
Congo,2021,COG,1.08,26.277,0.0,0.0
Congo,2022,COG,1.08,21.818,0.0,0.0
Congo,2023,COG,1.26,23.507,0.01,0.0
Congo,2024,COG,1.14,20.879,0.01,0.0
Cook Islands,2000,COK,0.0,0.0,0.0,0.0
Cook Islands,2001,COK,0.0,0.0,0.0,0.0
Cook Islands,2002,COK,0.0,0.0,0.0,0.0
Cook Islands,2003,COK,0.0,0.0,0.0,0.0
Cook Islands,2004,COK,0.0,0.0,0.0,0.0
Cook Islands,2005,COK,0.0,0.0,0.0,0.0
Cook Islands,2006,COK,0.0,0.0,0.0,0.0
Cook Islands,2007,COK,0.0,0.0,0.0,0.0
Cook Islands,2008,COK,0.0,0.0,0.0,0.0
Cook Islands,2009,COK,0.0,0.0,0.0,0.0
Cook Islands,2010,COK,0.0,0.0,0.0,0.0
Cook Islands,2011,COK,0.0,0.0,0.0,0.0
Cook Islands,2012,COK,0.0,0.0,0.0,0.0
Cook Islands,2013,COK,0.0,0.0,0.0,0.0
Cook Islands,2014,COK,0.0,0.0,0.0,0.0
Cook Islands,2015,COK,0.0,0.0,0.0,0.0
Cook Islands,2016,COK,0.0,0.0,0.0,0.0
Cook Islands,2017,COK,0.01,25.0,0.01,0.0
Cook Islands,2018,COK,0.02,40.0,0.02,0.0
Cook Islands,2019,COK,0.01,25.0,0.01,0.0
Cook Islands,2020,COK,0.01,25.0,0.01,0.0
Cook Islands,2021,COK,0.02,50.0,0.02,0.0
Cook Islands,2022,COK,0.02,50.0,0.02,0.0
Cook Islands,2023,COK,0.02,50.0,0.02,0.0
Cook Islands,2024,COK,0.02,50.0,0.02,0.0
Costa Rica,2000,CRI,6.8,99.125,0.0,0.18
Costa Rica,2001,CRI,6.8,98.551,0.0,0.19
Costa Rica,2002,CRI,7.3,98.383,0.0,0.26
Costa Rica,2003,CRI,7.14,97.808,0.0,0.31
Costa Rica,2004,CRI,7.91,99.123,0.0,0.26
Costa Rica,2005,CRI,7.92,96.703,0.0,0.2
Costa Rica,2006,CRI,8.09,93.852,0.0,0.27
Costa Rica,2007,CRI,8.26,91.982,0.0,0.24
Costa Rica,2008,CRI,8.72,92.766,0.0,0.2
Costa Rica,2009,CRI,8.79,95.13,0.0,0.33
Costa Rica,2010,CRI,8.87,93.27,0.0,0.36
Costa Rica,2011,CRI,8.89,91.179,0.0,0.41
Costa Rica,2012,CRI,9.28,91.79,0.01,0.53
Costa Rica,2013,CRI,8.99,88.224,0.02,0.49
Costa Rica,2014,CRI,9.13,89.774,0.02,0.74
Costa Rica,2015,CRI,10.66,98.979,0.03,1.08
Costa Rica,2016,CRI,10.67,98.25,0.03,1.15
Costa Rica,2017,CRI,11.24,99.645,0.04,1.29
Costa Rica,2018,CRI,11.28,98.601,0.06,1.8
Costa Rica,2019,CRI,11.32,99.124,0.07,1.8
Costa Rica,2020,CRI,11.7,99.829,0.07,1.46
Costa Rica,2021,CRI,12.73,100.0,0.08,1.57
Costa Rica,2022,CRI,12.44,100.0,0.08,1.37
Costa Rica,2023,CRI,11.71,99.915,0.09,1.49
Costa Rica,2024,CRI,10.99,99.909,0.09,1.24
Costa Rica,2025,CRI,12.81,100.0,0.09,1.55
Cote d'Ivoire,2000,CIV,1.75,36.458,0.0,0.0
Cote d'Ivoire,2001,CIV,1.78,36.475,0.0,0.0
Cote d'Ivoire,2002,CIV,1.71,32.325,0.0,0.0
Cote d'Ivoire,2003,CIV,1.81,35.63,0.0,0.0
Cote d'Ivoire,2004,CIV,1.84,33.455,0.0,0.0
Cote d'Ivoire,2005,CIV,1.53,26.984,0.0,0.0
Cote d'Ivoire,2006,CIV,1.6,28.369,0.0,0.0
Cote d'Ivoire,2007,CIV,1.9,33.808,0.0,0.0
Cote d'Ivoire,2008,CIV,2.0,34.542,0.0,0.0
Cote d'Ivoire,2009,CIV,2.18,37.265,0.0,0.0
Cote d'Ivoire,2010,CIV,1.67,28.067,0.0,0.0
Cote d'Ivoire,2011,CIV,1.82,29.934,0.0,0.0
Cote d'Ivoire,2012,CIV,1.84,26.286,0.0,0.0
Cote d'Ivoire,2013,CIV,1.66,21.756,0.0,0.0
Cote d'Ivoire,2014,CIV,1.96,23.7,0.0,0.0
Cote d'Ivoire,2015,CIV,1.44,16.552,0.0,0.0
Cote d'Ivoire,2016,CIV,1.68,16.422,0.0,0.0
Cote d'Ivoire,2017,CIV,2.15,21.245,0.01,0.0
Cote d'Ivoire,2018,CIV,3.0,29.88,0.01,0.0
Cote d'Ivoire,2019,CIV,3.53,33.114,0.01,0.0
Cote d'Ivoire,2020,CIV,3.44,30.551,0.02,0.0
Cote d'Ivoire,2021,CIV,2.71,23.877,0.02,0.0
Cote d'Ivoire,2022,CIV,3.45,27.359,0.02,0.0
Cote d'Ivoire,2023,CIV,3.31,30.146,0.02,0.0
Cote d'Ivoire,2024,CIV,3.12,28.916,0.02,0.0
Croatia,1990,HRV,3.93,44.608,0.0,0.0
Croatia,1991,HRV,5.54,64.569,0.0,0.0
Croatia,1992,HRV,4.36,48.989,0.0,0.0
Croatia,1993,HRV,4.57,47.904,0.0,0.0
Croatia,1994,HRV,5.44,62.243,0.0,0.0
Croatia,1995,HRV,5.69,61.58,0.0,0.0
Croatia,1996,HRV,7.87,70.646,0.0,0.0
Croatia,1997,HRV,5.85,57.297,0.0,0.0
Croatia,1998,HRV,6.03,52.71,0.0,0.0
Croatia,1999,HRV,7.34,56.636,0.0,0.0
Croatia,2004,HRV,7.63,55.011,0.0,0.0
Croatia,2005,HRV,7.06,54.1,0.0,0.01
Croatia,2006,HRV,6.65,51.51,0.0,0.02
Croatia,2007,HRV,4.74,37.799,0.0,0.03
Croatia,2008,HRV,5.84,45.696,0.0,0.04
Croatia,2009,HRV,7.48,56.03,0.0,0.05
Croatia,2010,HRV,9.3,62.88,0.0,0.14
Croatia,2011,HRV,5.28,47.017,0.0,0.2
Croatia,2012,HRV,5.26,49.763,0.0,0.33
Croatia,2013,HRV,9.28,66.571,0.01,0.52
Croatia,2014,HRV,9.94,74.013,0.04,0.73
Croatia,2015,HRV,7.52,66.904,0.06,0.8
Croatia,2016,HRV,8.36,66.349,0.07,1.01
Croatia,2017,HRV,7.12,60.493,0.08,1.2
Croatia,2018,HRV,9.78,72.337,0.07,1.34
Croatia,2019,HRV,8.35,66.008,0.08,1.47
Croatia,2020,HRV,8.55,64.626,0.1,1.72
Croatia,2021,HRV,10.53,69.689,0.15,2.06
Croatia,2022,HRV,8.95,63.475,0.15,2.14
Croatia,2023,HRV,12.23,70.126,0.41,2.59
Croatia,2024,HRV,11.23,73.447,0.82,2.68
Croatia,2025,HRV,11.21,76.259,1.29,3.15
Cuba,2000,CUB,1.03,6.853,0.0,0.0
Cuba,2001,CUB,1.0,6.536,0.0,0.0
Cuba,2002,CUB,1.04,6.628,0.0,0.0
Cuba,2003,CUB,0.85,5.376,0.0,0.0
Cuba,2004,CUB,0.88,5.627,0.0,0.0
Cuba,2005,CUB,0.49,3.192,0.0,0.0
Cuba,2006,CUB,0.5,3.036,0.0,0.0
Cuba,2007,CUB,0.53,3.01,0.0,0.0
Cuba,2008,CUB,0.7,3.959,0.0,0.01
Cuba,2009,CUB,0.69,3.892,0.0,0.0
Cuba,2010,CUB,0.57,3.276,0.0,0.01
Cuba,2011,CUB,0.57,3.211,0.0,0.02
Cuba,2012,CUB,0.69,3.744,0.01,0.02
Cuba,2013,CUB,0.94,4.883,0.11,0.02
Cuba,2014,CUB,0.85,4.375,0.09,0.02
Cuba,2015,CUB,0.9,4.414,0.13,0.02
Cuba,2016,CUB,0.91,4.428,0.14,0.02
Cuba,2017,CUB,0.8,3.889,0.08,0.02
Cuba,2018,CUB,0.72,3.462,0.12,0.02
Cuba,2019,CUB,0.89,4.3,0.21,0.02
Cuba,2020,CUB,0.9,4.729,0.22,0.02
Cuba,2021,CUB,0.79,4.431,0.22,0.02
Cuba,2022,CUB,0.67,4.281,0.21,0.06
Cuba,2023,CUB,0.72,3.647,0.21,0.06
Cuba,2024,CUB,0.78,4.014,0.24,0.07
Cyprus,1965,CYP,0.0,,0.0,0.0
Cyprus,1966,CYP,0.0,,0.0,0.0
Cyprus,1967,CYP,0.0,,0.0,0.0
Cyprus,1968,CYP,0.0,,0.0,0.0
Cyprus,1969,CYP,0.0,,0.0,0.0
Cyprus,1970,CYP,0.0,,0.0,0.0
Cyprus,1971,CYP,0.0,,0.0,0.0
Cyprus,1972,CYP,0.0,,0.0,0.0
Cyprus,1973,CYP,0.0,,0.0,0.0
Cyprus,1974,CYP,0.0,,0.0,0.0
Cyprus,1975,CYP,0.0,,0.0,0.0
Cyprus,1976,CYP,0.0,,0.0,0.0
Cyprus,1977,CYP,0.0,,0.0,0.0
Cyprus,1978,CYP,0.0,,0.0,0.0
Cyprus,1979,CYP,0.0,,0.0,0.0
Cyprus,1980,CYP,0.0,,0.0,0.0
Cyprus,1981,CYP,0.0,,0.0,0.0
Cyprus,1982,CYP,0.0,,0.0,0.0
Cyprus,1983,CYP,0.0,,0.0,0.0
Cyprus,1984,CYP,0.0,,0.0,0.0
Cyprus,1985,CYP,0.0,0.0,0.0,0.0
Cyprus,1986,CYP,0.0,0.0,0.0,0.0
Cyprus,1987,CYP,0.0,0.0,0.0,0.0
Cyprus,1988,CYP,0.0,0.0,0.0,0.0
Cyprus,1989,CYP,0.0,0.0,0.0,0.0
Cyprus,1990,CYP,0.0,0.0,0.0,0.0
Cyprus,1991,CYP,0.0,0.0,0.0,0.0
Cyprus,1992,CYP,0.0,0.0,0.0,0.0
Cyprus,1993,CYP,0.0,0.0,0.0,0.0
Cyprus,1994,CYP,0.0,0.0,0.0,0.0
Cyprus,1995,CYP,0.0,0.0,0.0,0.0
Cyprus,1996,CYP,0.0,0.0,0.0,0.0
Cyprus,1997,CYP,0.0,0.0,0.0,0.0
Cyprus,1998,CYP,0.0,0.0,0.0,0.0
Cyprus,1999,CYP,0.0,0.0,0.0,0.0
Cyprus,2004,CYP,0.0,0.0,0.0,0.0
Cyprus,2005,CYP,0.0,0.0,0.0,0.0
Cyprus,2006,CYP,0.0,0.0,0.0,0.0
Cyprus,2007,CYP,0.0,0.0,0.0,0.0
Cyprus,2008,CYP,0.01,0.197,0.0,0.0
Cyprus,2009,CYP,0.03,0.576,0.0,0.0
Cyprus,2010,CYP,0.08,1.501,0.01,0.03
Cyprus,2011,CYP,0.17,3.455,0.01,0.11
Cyprus,2012,CYP,0.26,5.508,0.02,0.19
Cyprus,2013,CYP,0.33,7.692,0.05,0.23
Cyprus,2014,CYP,0.31,7.143,0.08,0.18
Cyprus,2015,CYP,0.4,8.811,0.13,0.22
Cyprus,2016,CYP,0.43,8.793,0.15,0.23
Cyprus,2017,CYP,0.43,8.6,0.17,0.21
Cyprus,2018,CYP,0.48,9.486,0.2,0.22
Cyprus,2019,CYP,0.52,10.097,0.22,0.24
Cyprus,2020,CYP,0.6,12.371,0.3,0.24
Cyprus,2021,CYP,0.78,15.234,0.47,0.25
Cyprus,2022,CYP,0.88,16.73,0.6,0.22
Cyprus,2023,CYP,1.09,20.45,0.83,0.21
Cyprus,2024,CYP,1.39,24.007,1.11,0.22
Cyprus,2025,CYP,1.64,27.75,1.37,0.21
Czechia,1965,CZE,2.232,,0.0,0.0
Czechia,1966,CZE,2.104,,0.0,0.0
Czechia,1967,CZE,1.896,,0.0,0.0
Czechia,1968,CZE,1.467,,0.0,0.0
Czechia,1969,CZE,1.198,,0.0,0.0
Czechia,1970,CZE,1.71,,0.0,0.0
Czechia,1971,CZE,1.208,,0.0,0.0
Czechia,1972,CZE,1.264,,0.0,0.0
Czechia,1973,CZE,1.081,,0.0,0.0
Czechia,1974,CZE,1.819,,0.0,0.0
Czechia,1975,CZE,1.814,,0.0,0.0
Czechia,1976,CZE,1.446,,0.0,0.0
Czechia,1977,CZE,1.967,,0.0,0.0
Czechia,1978,CZE,1.83,,0.0,0.0
Czechia,1979,CZE,2.293,,0.0,0.0
Czechia,1980,CZE,2.399,,0.0,0.0
Czechia,1981,CZE,2.061,,0.0,0.0
Czechia,1982,CZE,1.67,,0.0,0.0
Czechia,1983,CZE,1.655,,0.0,0.0
Czechia,1984,CZE,1.298,,0.0,0.0
Czechia,1985,CZE,1.671,2.875,0.0,0.0
Czechia,1986,CZE,1.876,3.095,0.0,0.0
Czechia,1987,CZE,2.465,3.963,0.0,0.0
Czechia,1988,CZE,2.099,3.263,0.0,0.0
Czechia,1989,CZE,1.643,2.523,0.0,0.0
Czechia,1990,CZE,1.16,1.863,0.0,0.0
Czechia,1991,CZE,1.09,1.808,0.0,0.0
Czechia,1992,CZE,1.4,2.371,0.0,0.0
Czechia,1993,CZE,1.53,2.608,0.0,0.0
Czechia,1994,CZE,1.78,3.048,0.0,0.0
Czechia,1995,CZE,2.41,3.978,0.0,0.0
Czechia,1996,CZE,2.26,3.541,0.0,0.0
Czechia,1997,CZE,2.19,3.411,0.0,0.0
Czechia,1998,CZE,1.99,3.08,0.0,0.0
Czechia,1999,CZE,2.36,3.678,0.0,0.0
Czechia,2000,CZE,2.28,3.128,0.0,0.0
Czechia,2002,CZE,2.99,3.934,0.0,0.0
Czechia,2003,CZE,1.87,2.259,0.0,0.0
Czechia,2004,CZE,2.74,3.27,0.0,0.01
Czechia,2005,CZE,3.13,3.82,0.0,0.02
Czechia,2006,CZE,3.52,4.208,0.0,0.05
Czechia,2007,CZE,3.42,3.897,0.0,0.13
Czechia,2008,CZE,3.72,4.467,0.01,0.24
Czechia,2009,CZE,4.66,5.708,0.09,0.29
Czechia,2010,CZE,5.91,6.935,0.62,0.34
Czechia,2011,CZE,7.24,8.356,2.18,0.4
Czechia,2012,CZE,8.07,9.321,2.15,0.42
Czechia,2013,CZE,9.3,10.825,2.03,0.48
Czechia,2014,CZE,9.17,10.791,2.12,0.48
Czechia,2015,CZE,9.41,11.407,2.26,0.57
Czechia,2016,CZE,9.39,11.451,2.13,0.5
Czechia,2017,CZE,9.63,11.229,2.2,0.59
Czechia,2018,CZE,9.43,10.859,2.36,0.61
Czechia,2019,CZE,10.06,11.736,2.32,0.7
Czechia,2020,CZE,10.34,12.909,2.29,0.7
Czechia,2021,CZE,10.64,12.718,2.25,0.6
Czechia,2022,CZE,10.77,12.863,2.63,0.64
Czechia,2023,CZE,11.14,14.697,2.89,0.7
Czechia,2024,CZE,12.3,16.893,3.59,0.67
Czechia,2025,CZE,12.72,16.848,4.39,0.57
Democratic Republic of Congo,2000,COD,5.94,100.0,0.0,0.0
Democratic Republic of Congo,2001,COD,5.91,99.831,0.0,0.0
Democratic Republic of Congo,2002,COD,6.05,99.835,0.0,0.0
Democratic Republic of Congo,2003,COD,6.1,99.836,0.0,0.0
Democratic Republic of Congo,2004,COD,7.01,99.858,0.0,0.0
Democratic Republic of Congo,2005,COD,7.32,99.864,0.0,0.0
Democratic Republic of Congo,2006,COD,7.45,99.333,0.0,0.0
Democratic Republic of Congo,2007,COD,7.74,98.851,0.0,0.0
Democratic Republic of Congo,2008,COD,7.41,98.668,0.0,0.0
Democratic Republic of Congo,2009,COD,7.72,98.848,0.0,0.0
Democratic Republic of Congo,2010,COD,7.74,98.851,0.0,0.0
Democratic Republic of Congo,2011,COD,7.73,98.849,0.0,0.0
Democratic Republic of Congo,2012,COD,7.51,99.867,0.0,0.0
Democratic Republic of Congo,2013,COD,8.15,99.877,0.0,0.0
Democratic Republic of Congo,2014,COD,8.73,99.886,0.0,0.0
Democratic Republic of Congo,2015,COD,8.83,99.887,0.0,0.0
Democratic Republic of Congo,2016,COD,9.01,99.889,0.0,0.0
Democratic Republic of Congo,2017,COD,9.41,99.894,0.01,0.0
Democratic Republic of Congo,2018,COD,10.45,99.904,0.01,0.0
Democratic Republic of Congo,2019,COD,11.78,99.915,0.01,0.0
Democratic Republic of Congo,2020,COD,12.48,99.92,0.02,0.0
Democratic Republic of Congo,2021,COD,14.19,100.0,1.05,0.0
Democratic Republic of Congo,2022,COD,15.31,100.0,2.11,0.0
Democratic Republic of Congo,2023,COD,15.63,100.0,2.2,0.0
Democratic Republic of Congo,2024,COD,15.92,100.0,2.51,0.0
Denmark,1965,DNK,0.025,,0.0,0.0
Denmark,1966,DNK,0.026,,0.0,0.0
Denmark,1967,DNK,0.025,,0.0,0.0
Denmark,1968,DNK,0.021,,0.0,0.0
Denmark,1969,DNK,0.022,,0.0,0.0
Denmark,1970,DNK,0.024,,0.0,0.0
Denmark,1971,DNK,0.024,,0.0,0.0
Denmark,1972,DNK,0.024,,0.0,0.0
Denmark,1973,DNK,0.024,,0.0,0.0
Denmark,1974,DNK,0.024,,0.0,0.0
Denmark,1975,DNK,0.021,,0.0,0.0
Denmark,1976,DNK,0.019,,0.0,0.0
Denmark,1977,DNK,0.026,,0.0,0.0
Denmark,1978,DNK,0.03,,0.0,0.003
Denmark,1979,DNK,0.035,,0.0,0.006
Denmark,1980,DNK,0.045,,0.0,0.01
Denmark,1981,DNK,0.046,,0.0,0.01
Denmark,1982,DNK,0.049,,0.0,0.019
Denmark,1983,DNK,0.094,,0.0,0.027
Denmark,1984,DNK,0.096,,0.0,0.033
Denmark,1985,DNK,0.117,0.402,0.0,0.051
Denmark,1986,DNK,0.205,0.667,0.0,0.126
Denmark,1987,DNK,0.264,0.896,0.0,0.174
Denmark,1988,DNK,0.405,1.441,0.0,0.292
Denmark,1989,DNK,0.577,2.517,0.0,0.428
Denmark,1990,DNK,0.83,3.2,0.0,0.61
Denmark,1991,DNK,1.06,2.908,0.0,0.74
Denmark,1992,DNK,1.36,4.444,0.0,0.92
Denmark,1993,DNK,1.61,4.766,0.0,1.03
Denmark,1994,DNK,1.74,4.309,0.0,1.14
Denmark,1995,DNK,1.86,5.085,0.0,1.18
Denmark,1996,DNK,2.08,3.897,0.0,1.23
Denmark,1997,DNK,2.93,6.638,0.0,1.93
Denmark,1998,DNK,3.93,9.604,0.0,2.82
Denmark,1999,DNK,4.38,11.312,0.0,3.03
Denmark,2000,DNK,5.57,15.537,0.0,4.24
Denmark,2001,DNK,5.85,15.583,0.0,4.31
Denmark,2002,DNK,6.79,17.366,0.0,4.88
Denmark,2003,DNK,8.07,17.555,0.0,5.56
Denmark,2004,DNK,9.53,23.683,0.0,6.59
Denmark,2005,DNK,9.8,27.162,0.0,6.61
Denmark,2006,DNK,9.19,20.224,0.0,6.1
Denmark,2007,DNK,10.3,26.316,0.0,7.17
Denmark,2008,DNK,10.1,27.686,0.0,6.93
Denmark,2009,DNK,10.07,27.779,0.0,6.73
Denmark,2010,DNK,12.43,32.077,0.01,7.81
Denmark,2011,DNK,14.17,40.359,0.01,9.77
Denmark,2012,DNK,14.84,48.544,0.1,10.27
Denmark,2013,DNK,15.96,46.114,0.52,11.12
Denmark,2014,DNK,17.99,56.149,0.6,13.08
Denmark,2015,DNK,18.93,65.775,0.6,14.13
Denmark,2016,DNK,18.39,60.493,0.74,12.78
Denmark,2017,DNK,21.8,70.55,0.75,14.78
Denmark,2018,DNK,20.75,68.686,0.95,13.9
Denmark,2019,DNK,23.07,78.55,0.96,16.15
Denmark,2020,DNK,23.45,82.05,1.18,16.33
Denmark,2021,DNK,26.1,79.283,1.31,16.05
Denmark,2022,DNK,28.43,80.859,2.38,19.02
Denmark,2023,DNK,29.28,86.397,3.66,19.39
Denmark,2024,DNK,31.27,89.19,3.78,20.41
Denmark,2025,DNK,30.36,91.171,4.45,19.21
Djibouti,2000,DJI,0.0,0.0,0.0,0.0
Djibouti,2001,DJI,0.0,0.0,0.0,0.0
Djibouti,2002,DJI,0.0,0.0,0.0,0.0
Djibouti,2003,DJI,0.0,0.0,0.0,0.0
Djibouti,2004,DJI,0.0,0.0,0.0,0.0
Djibouti,2005,DJI,0.0,0.0,0.0,0.0
Djibouti,2006,DJI,0.0,0.0,0.0,0.0
Djibouti,2007,DJI,0.0,0.0,0.0,0.0
Djibouti,2008,DJI,0.0,0.0,0.0,0.0
Djibouti,2009,DJI,0.0,0.0,0.0,0.0
Djibouti,2010,DJI,0.0,0.0,0.0,0.0
Djibouti,2011,DJI,0.0,0.0,0.0,0.0
Djibouti,2012,DJI,0.0,0.0,0.0,0.0
Djibouti,2013,DJI,0.0,0.0,0.0,0.0
Djibouti,2014,DJI,0.0,0.0,0.0,0.0
Djibouti,2015,DJI,0.0,0.0,0.0,0.0
Djibouti,2016,DJI,0.0,0.0,0.0,0.0
Djibouti,2017,DJI,0.0,0.0,0.0,0.0
Djibouti,2018,DJI,0.0,0.0,0.0,0.0
Djibouti,2019,DJI,0.0,0.0,0.0,0.0
Djibouti,2020,DJI,0.0,0.0,0.0,0.0
Djibouti,2021,DJI,0.07,35.0,0.0,0.07
Djibouti,2022,DJI,0.07,35.0,0.0,0.07
Djibouti,2023,DJI,0.07,35.0,0.0,0.07
Djibouti,2024,DJI,0.07,35.0,0.0,0.07
Dominica,2000,DMA,0.03,37.5,0.0,0.0
Dominica,2001,DMA,0.03,37.5,0.0,0.0
Dominica,2002,DMA,0.03,42.857,0.0,0.0
Dominica,2003,DMA,0.03,37.5,0.0,0.0
Dominica,2004,DMA,0.03,27.273,0.0,0.0
Dominica,2005,DMA,0.03,25.0,0.0,0.0
Dominica,2006,DMA,0.03,25.0,0.0,0.0
Dominica,2007,DMA,0.02,16.667,0.0,0.0
Dominica,2008,DMA,0.02,15.385,0.0,0.0
Dominica,2009,DMA,0.02,15.385,0.0,0.0
Dominica,2010,DMA,0.02,14.286,0.0,0.0
Dominica,2011,DMA,0.04,26.667,0.0,0.0
Dominica,2012,DMA,0.03,20.0,0.0,0.0
Dominica,2013,DMA,0.04,26.667,0.0,0.0
Dominica,2014,DMA,0.03,20.0,0.0,0.0
Dominica,2015,DMA,0.02,13.333,0.0,0.0
Dominica,2016,DMA,0.04,25.0,0.0,0.0
Dominica,2017,DMA,0.03,23.077,0.0,0.0
Dominica,2018,DMA,0.02,18.182,0.0,0.0
Dominica,2019,DMA,0.02,14.286,0.0,0.0
Dominica,2020,DMA,0.02,14.286,0.0,0.0
Dominica,2021,DMA,0.02,14.286,0.0,0.0
Dominica,2022,DMA,0.02,13.333,0.0,0.0
Dominica,2023,DMA,0.02,13.333,0.0,0.0
Dominican Republic,2000,DOM,0.91,6.995,0.0,0.0
Dominican Republic,2001,DOM,0.86,6.698,0.0,0.0
Dominican Republic,2002,DOM,1.04,7.482,0.0,0.0
Dominican Republic,2003,DOM,1.36,9.591,0.0,0.0
Dominican Republic,2004,DOM,1.74,14.476,0.0,0.0
Dominican Republic,2005,DOM,2.06,15.442,0.0,0.0
Dominican Republic,2006,DOM,1.91,13.536,0.0,0.0
Dominican Republic,2007,DOM,1.86,12.766,0.0,0.0
Dominican Republic,2008,DOM,1.54,10.541,0.0,0.0
Dominican Republic,2009,DOM,1.62,11.782,0.0,0.0
Dominican Republic,2010,DOM,1.59,10.758,0.0,0.0
Dominican Republic,2011,DOM,1.7,10.787,0.0,0.01
Dominican Republic,2012,DOM,2.05,12.13,0.0,0.1
Dominican Republic,2013,DOM,2.31,13.036,0.01,0.24
Dominican Republic,2014,DOM,1.75,10.127,0.02,0.24
Dominican Republic,2015,DOM,1.42,7.889,0.03,0.29
Dominican Republic,2016,DOM,2.08,11.076,0.08,0.32
Dominican Republic,2017,DOM,3.04,15.833,0.14,0.39
Dominican Republic,2018,DOM,2.7,13.776,0.23,0.5
Dominican Republic,2019,DOM,2.67,12.547,0.37,0.79
Dominican Republic,2020,DOM,3.15,16.162,0.6,1.07
Dominican Republic,2021,DOM,3.81,17.779,0.85,1.22
Dominican Republic,2022,DOM,4.09,18.448,1.24,1.17
Dominican Republic,2023,DOM,4.24,17.264,1.36,1.2
Dominican Republic,2024,DOM,4.53,18.851,1.55,1.3
Dominican Republic,2025,DOM,5.4,23.81,2.25,1.42
East Timor,2003,TLS,0.0,0.0,0.0,0.0
East Timor,2004,TLS,0.0,0.0,0.0,0.0
East Timor,2005,TLS,0.0,0.0,0.0,0.0
East Timor,2006,TLS,0.0,0.0,0.0,0.0
East Timor,2007,TLS,0.0,0.0,0.0,0.0
East Timor,2008,TLS,0.0,0.0,0.0,0.0
East Timor,2009,TLS,0.0,0.0,0.0,0.0
East Timor,2010,TLS,0.0,0.0,0.0,0.0
East Timor,2011,TLS,0.0,0.0,0.0,0.0
East Timor,2012,TLS,0.0,0.0,0.0,0.0
East Timor,2013,TLS,0.0,0.0,0.0,0.0
East Timor,2014,TLS,0.0,0.0,0.0,0.0
East Timor,2015,TLS,0.0,0.0,0.0,0.0
East Timor,2016,TLS,0.0,0.0,0.0,0.0
East Timor,2017,TLS,0.0,0.0,0.0,0.0
East Timor,2018,TLS,0.0,0.0,0.0,0.0
East Timor,2019,TLS,0.0,0.0,0.0,0.0
East Timor,2020,TLS,0.0,0.0,0.0,0.0
East Timor,2021,TLS,0.0,0.0,0.0,0.0
East Timor,2022,TLS,0.0,0.0,0.0,0.0
East Timor,2023,TLS,0.0,0.0,0.0,0.0
East Timor,2024,TLS,0.0,0.0,0.0,0.0
Ecuador,1965,ECU,0.249,,0.0,0.0
Ecuador,1966,ECU,0.285,,0.0,0.0
Ecuador,1967,ECU,0.314,,0.0,0.0
Ecuador,1968,ECU,0.328,,0.0,0.0
Ecuador,1969,ECU,0.364,,0.0,0.0
Ecuador,1970,ECU,0.405,,0.0,0.0
Ecuador,1971,ECU,0.44,,0.0,0.0
Ecuador,1972,ECU,0.445,,0.0,0.0
Ecuador,1973,ECU,0.435,,0.0,0.0
Ecuador,1974,ECU,0.5,,0.0,0.0
Ecuador,1975,ECU,0.628,,0.0,0.0
Ecuador,1976,ECU,0.605,,0.0,0.0
Ecuador,1977,ECU,0.558,,0.0,0.0
Ecuador,1978,ECU,0.791,,0.0,0.0
Ecuador,1979,ECU,0.709,,0.0,0.0
Ecuador,1980,ECU,0.872,,0.0,0.0
Ecuador,1981,ECU,0.779,,0.0,0.0
Ecuador,1982,ECU,0.895,,0.0,0.0
Ecuador,1983,ECU,1.721,,0.0,0.0
Ecuador,1984,ECU,3.233,,0.0,0.0
Ecuador,1985,ECU,3.279,71.939,0.0,0.0
Ecuador,1986,ECU,4.012,80.048,0.0,0.0
Ecuador,1987,ECU,4.57,84.881,0.0,0.0
Ecuador,1988,ECU,4.826,85.552,0.0,0.0
Ecuador,1989,ECU,4.954,85.873,0.0,0.0
Ecuador,1990,ECU,4.987,78.545,0.0,0.0
Ecuador,1991,ECU,5.076,72.779,0.0,0.0
Ecuador,1992,ECU,4.974,69.116,0.0,0.0
Ecuador,1993,ECU,5.81,78.396,0.0,0.0
Ecuador,1994,ECU,6.565,80.615,0.0,0.0
Ecuador,1995,ECU,5.161,61.227,0.0,0.0
Ecuador,1996,ECU,6.343,65.537,0.0,0.0
Ecuador,1997,ECU,6.534,63.061,0.0,0.0
Ecuador,1998,ECU,6.506,59.742,0.0,0.0
Ecuador,1999,ECU,7.177,69.622,0.0,0.0
Ecuador,2000,ECU,7.53,71.51,0.0,0.0
Ecuador,2001,ECU,7.0,63.752,0.0,0.0
Ecuador,2002,ECU,7.45,63.082,0.0,0.0
Ecuador,2003,ECU,7.11,61.934,0.0,0.0
Ecuador,2004,ECU,7.34,57.344,0.0,0.0
Ecuador,2005,ECU,6.83,54.035,0.0,0.0
Ecuador,2006,ECU,7.08,50.284,0.0,0.0
Ecuador,2007,ECU,8.97,52.0,0.0,0.0
Ecuador,2008,ECU,11.2,60.573,0.0,0.0
Ecuador,2009,ECU,9.15,50.385,0.0,0.0
Ecuador,2010,ECU,8.57,44.13,0.0,0.0
Ecuador,2011,ECU,11.03,53.989,0.0,0.0
Ecuador,2012,ECU,12.14,53.41,0.0,0.0
Ecuador,2013,ECU,11.03,47.625,0.0,0.06
Ecuador,2014,ECU,11.5,47.54,0.02,0.08
Ecuador,2015,ECU,13.2,51.103,0.04,0.1
Ecuador,2016,ECU,16.29,59.978,0.04,0.08
Ecuador,2017,ECU,20.46,73.518,0.04,0.07
Ecuador,2018,ECU,21.02,71.912,0.04,0.08
Ecuador,2019,ECU,25.24,77.781,0.04,0.09
Ecuador,2020,ECU,24.92,79.642,0.04,0.08
Ecuador,2021,ECU,26.08,81.196,0.04,0.06
Ecuador,2022,ECU,25.13,76.013,0.04,0.06
Ecuador,2023,ECU,26.37,73.618,0.04,0.21
Ecuador,2024,ECU,23.66,72.443,0.04,0.23
Ecuador,2025,ECU,29.06,79.399,0.04,0.19
Egypt,1965,EGY,1.732,,0.0,0.0
Egypt,1966,EGY,1.825,,0.0,0.0
Egypt,1967,EGY,1.967,,0.0,0.0
Egypt,1968,EGY,3.001,,0.0,0.0
Egypt,1969,EGY,3.991,,0.0,0.0
Egypt,1970,EGY,4.689,,0.0,0.0
Egypt,1971,EGY,5.047,,0.0,0.0
Egypt,1972,EGY,5.162,,0.0,0.0
Egypt,1973,EGY,5.153,,0.0,0.0
Egypt,1974,EGY,6.116,,0.0,0.0
Egypt,1975,EGY,6.793,,0.0,0.0
Egypt,1976,EGY,8.004,,0.0,0.0
Egypt,1977,EGY,9.038,,0.0,0.0
Egypt,1978,EGY,9.93,,0.0,0.0
Egypt,1979,EGY,9.608,,0.0,0.0
Egypt,1980,EGY,9.802,,0.0,0.0
Egypt,1981,EGY,10.213,,0.0,0.0
Egypt,1982,EGY,10.492,,0.0,0.0
Egypt,1983,EGY,9.815,,0.0,0.0
Egypt,1984,EGY,9.63,,0.0,0.0
Egypt,1985,EGY,9.148,30.238,0.0,0.0
Egypt,1986,EGY,8.972,27.639,0.0,0.0
Egypt,1987,EGY,8.969,25.157,0.0,0.0
Egypt,1988,EGY,8.829,22.807,0.0,0.0
Egypt,1989,EGY,9.487,23.359,0.0,0.0
Egypt,1990,EGY,9.953,23.724,0.0,0.0
Egypt,1991,EGY,9.916,22.913,0.0,0.0
Egypt,1992,EGY,9.8,21.784,0.0,0.0
Egypt,1993,EGY,10.092,21.594,0.0,0.0
Egypt,1994,EGY,10.728,22.097,0.0,0.0
Egypt,1995,EGY,11.192,22.096,0.0,0.0
Egypt,1996,EGY,11.484,21.437,0.0,0.0
Egypt,1997,EGY,11.771,20.729,0.0,0.0
Egypt,1998,EGY,12.104,19.943,0.0,0.0
Egypt,1999,EGY,13.453,20.466,0.0,0.012
Egypt,2000,EGY,14.26,19.449,0.0,0.08
Egypt,2001,EGY,14.59,18.077,0.0,0.18
Egypt,2002,EGY,14.2,16.468,0.0,0.21
Egypt,2003,EGY,13.23,14.351,0.0,0.29
Egypt,2004,EGY,13.33,13.567,0.0,0.5
Egypt,2005,EGY,13.15,12.531,0.0,0.51
Egypt,2006,EGY,13.39,11.992,0.0,0.61
Egypt,2007,EGY,14.88,12.414,0.0,0.66
Egypt,2008,EGY,16.03,12.446,0.0,0.93
Egypt,2009,EGY,14.81,11.03,0.0,1.04
Egypt,2010,EGY,14.39,9.963,0.03,1.41
Egypt,2011,EGY,14.72,9.842,0.24,1.49
Egypt,2012,EGY,14.87,9.132,0.5,1.34
Egypt,2013,EGY,14.85,8.996,0.03,1.58
Egypt,2014,EGY,14.76,8.619,0.14,1.03
Egypt,2015,EGY,15.61,8.585,0.04,1.89
Egypt,2016,EGY,15.83,8.412,0.23,2.4
Egypt,2017,EGY,15.5,8.022,0.6,2.11
Egypt,2018,EGY,16.46,8.255,0.55,2.99
Egypt,2019,EGY,19.59,9.767,1.49,4.98
Egypt,2020,EGY,23.76,11.964,4.45,5.23
Egypt,2021,EGY,25.36,12.096,4.97,5.49
Egypt,2022,EGY,25.61,11.817,5.0,5.9
Egypt,2023,EGY,25.97,11.702,4.93,5.99
Egypt,2024,EGY,26.58,11.197,6.07,6.14
Egypt,2025,EGY,31.98,13.015,7.61,9.3
El Salvador,2020,SLV,5.45,84.759,0.99,0.01
El Salvador,2021,SLV,6.1,86.037,1.69,0.13
El Salvador,2022,SLV,6.02,90.799,1.24,0.14
El Salvador,2023,SLV,5.25,87.793,1.2,0.17
El Salvador,2024,SLV,5.93,90.812,1.25,0.14
El Salvador,2025,SLV,5.59,86.533,1.31,0.2
Equatorial Guinea,2000,GNQ,0.01,20.0,0.0,0.0
Equatorial Guinea,2001,GNQ,0.01,16.667,0.0,0.0
Equatorial Guinea,2002,GNQ,0.01,14.286,0.0,0.0
Equatorial Guinea,2003,GNQ,0.01,14.286,0.0,0.0
Equatorial Guinea,2004,GNQ,0.01,11.111,0.0,0.0
Equatorial Guinea,2005,GNQ,0.01,10.0,0.0,0.0
Equatorial Guinea,2006,GNQ,0.01,9.091,0.0,0.0
Equatorial Guinea,2007,GNQ,0.01,7.692,0.0,0.0
Equatorial Guinea,2008,GNQ,0.05,25.0,0.0,0.0
Equatorial Guinea,2009,GNQ,0.05,22.727,0.0,0.0
Equatorial Guinea,2010,GNQ,0.03,13.636,0.0,0.0
Equatorial Guinea,2011,GNQ,0.03,10.0,0.0,0.0
Equatorial Guinea,2012,GNQ,0.08,14.815,0.0,0.0
Equatorial Guinea,2013,GNQ,0.25,29.412,0.0,0.0
Equatorial Guinea,2014,GNQ,0.38,34.862,0.0,0.0
Equatorial Guinea,2015,GNQ,0.47,36.154,0.0,0.0
Equatorial Guinea,2016,GNQ,0.47,33.571,0.0,0.0
Equatorial Guinea,2017,GNQ,0.44,32.836,0.0,0.0
Equatorial Guinea,2018,GNQ,0.44,32.593,0.0,0.0
Equatorial Guinea,2019,GNQ,0.45,32.143,0.0,0.0
Equatorial Guinea,2020,GNQ,0.49,34.752,0.0,0.0
Equatorial Guinea,2021,GNQ,0.47,32.867,0.0,0.0
Equatorial Guinea,2022,GNQ,0.48,31.788,0.0,0.0
Equatorial Guinea,2023,GNQ,0.35,24.476,0.0,0.0
Equatorial Guinea,2024,GNQ,0.4,26.846,0.0,0.0
Eritrea,2000,ERI,0.0,0.0,0.0,0.0
Eritrea,2001,ERI,0.0,0.0,0.0,0.0
Eritrea,2002,ERI,0.0,0.0,0.0,0.0
Eritrea,2003,ERI,0.0,0.0,0.0,0.0
Eritrea,2004,ERI,0.0,0.0,0.0,0.0
Eritrea,2005,ERI,0.0,0.0,0.0,0.0
Eritrea,2006,ERI,0.0,0.0,0.0,0.0
Eritrea,2007,ERI,0.0,0.0,0.0,0.0
Eritrea,2008,ERI,0.0,0.0,0.0,0.0
Eritrea,2009,ERI,0.0,0.0,0.0,0.0
Eritrea,2010,ERI,0.0,0.0,0.0,0.0
Eritrea,2011,ERI,0.0,0.0,0.0,0.0
Eritrea,2012,ERI,0.0,0.0,0.0,0.0
Eritrea,2013,ERI,0.0,0.0,0.0,0.0
Eritrea,2014,ERI,0.0,0.0,0.0,0.0
Eritrea,2015,ERI,0.0,0.0,0.0,0.0
Eritrea,2016,ERI,0.0,0.0,0.0,0.0
Eritrea,2017,ERI,0.01,2.941,0.01,0.0
Eritrea,2018,ERI,0.05,12.821,0.05,0.0
Eritrea,2019,ERI,0.05,12.5,0.05,0.0
Eritrea,2020,ERI,0.05,12.195,0.05,0.0
Eritrea,2021,ERI,0.05,11.905,0.05,0.0
Eritrea,2022,ERI,0.05,11.364,0.05,0.0
Eritrea,2023,ERI,0.05,10.204,0.05,0.0
Eritrea,2024,ERI,0.05,11.111,0.05,0.0
Estonia,1985,EST,0.0,0.0,0.0,0.0
Estonia,1986,EST,0.0,0.0,0.0,0.0
Estonia,1987,EST,0.0,0.0,0.0,0.0
Estonia,1988,EST,0.0,0.0,0.0,0.0
Estonia,1989,EST,0.0,0.0,0.0,0.0
Estonia,1990,EST,0.0,0.0,0.0,0.0
Estonia,1991,EST,0.0,0.0,0.0,0.0
Estonia,1992,EST,0.0,0.0,0.0,0.0
Estonia,1993,EST,0.0,0.0,0.0,0.0
Estonia,1994,EST,0.0,0.0,0.0,0.0
Estonia,1995,EST,0.01,0.115,0.0,0.0
Estonia,1996,EST,0.0,0.0,0.0,0.0
Estonia,1997,EST,0.01,0.108,0.0,0.0
Estonia,1998,EST,0.01,0.117,0.0,0.0
Estonia,1999,EST,0.01,0.121,0.0,0.0
Estonia,2002,EST,0.03,0.352,0.0,0.0
Estonia,2003,EST,0.05,0.492,0.0,0.01
Estonia,2004,EST,0.06,0.582,0.0,0.01
Estonia,2005,EST,0.11,1.078,0.0,0.05
Estonia,2006,EST,0.13,1.336,0.0,0.08
Estonia,2007,EST,0.14,1.149,0.0,0.09
Estonia,2008,EST,0.2,1.89,0.0,0.13
Estonia,2009,EST,0.54,6.15,0.0,0.2
Estonia,2010,EST,1.05,8.096,0.0,0.28
Estonia,2011,EST,1.18,9.154,0.0,0.37
Estonia,2012,EST,1.47,12.291,0.0,0.43
Estonia,2013,EST,1.23,9.262,0.0,0.53
Estonia,2014,EST,1.39,11.165,0.0,0.6
Estonia,2015,EST,1.56,15.369,0.0,0.71
Estonia,2016,EST,1.59,13.065,0.01,0.59
Estonia,2017,EST,1.86,14.134,0.01,0.72
Estonia,2018,EST,1.99,16.087,0.03,0.64
Estonia,2019,EST,2.14,28.121,0.07,0.69
Estonia,2020,EST,2.97,48.849,0.25,0.84
Estonia,2021,EST,2.87,39.917,0.35,0.73
Estonia,2022,EST,2.86,31.991,0.6,0.67
Estonia,2023,EST,2.8,48.78,0.72,0.68
Estonia,2024,EST,3.49,55.751,1.07,1.05
Estonia,2025,EST,3.64,59.574,1.13,1.15
Eswatini,2000,SWZ,0.65,98.485,0.0,0.0
Eswatini,2001,SWZ,0.69,98.571,0.0,0.0
Eswatini,2002,SWZ,0.69,95.833,0.0,0.0
Eswatini,2003,SWZ,0.61,95.313,0.0,0.0
Eswatini,2004,SWZ,0.55,94.828,0.0,0.0
Eswatini,2005,SWZ,0.6,96.774,0.0,0.0
Eswatini,2006,SWZ,0.67,97.101,0.0,0.0
Eswatini,2007,SWZ,0.69,97.183,0.0,0.0
Eswatini,2008,SWZ,0.67,97.101,0.0,0.0
Eswatini,2009,SWZ,0.64,96.97,0.0,0.0
Eswatini,2010,SWZ,0.72,97.297,0.0,0.0
Eswatini,2011,SWZ,0.56,96.552,0.0,0.0
Eswatini,2012,SWZ,0.48,92.308,0.0,0.0
Eswatini,2013,SWZ,0.56,93.333,0.0,0.0
Eswatini,2014,SWZ,0.46,95.833,0.0,0.0
Eswatini,2015,SWZ,0.36,94.737,0.0,0.0
Eswatini,2016,SWZ,0.33,91.667,0.0,0.0
Eswatini,2017,SWZ,0.41,95.349,0.0,0.0
Eswatini,2018,SWZ,0.47,95.918,0.0,0.0
Eswatini,2019,SWZ,0.45,91.837,0.0,0.0
Eswatini,2020,SWZ,0.47,95.918,0.0,0.0
Eswatini,2021,SWZ,0.49,96.078,0.03,0.0
Eswatini,2022,SWZ,0.53,96.364,0.03,0.0
Eswatini,2023,SWZ,0.64,96.97,0.03,0.0
Eswatini,2024,SWZ,0.59,96.721,0.03,0.0
Ethiopia,2000,ETH,1.67,98.817,0.0,0.0
Ethiopia,2001,ETH,2.02,99.02,0.0,0.0
Ethiopia,2002,ETH,2.04,99.029,0.0,0.0
Ethiopia,2003,ETH,2.31,99.142,0.0,0.0
Ethiopia,2004,ETH,2.55,99.222,0.0,0.0
Ethiopia,2005,ETH,2.87,99.653,0.0,0.0
Ethiopia,2006,ETH,3.29,99.396,0.0,0.0
Ethiopia,2007,ETH,3.39,98.834,0.0,0.0
Ethiopia,2008,ETH,3.32,99.7,0.0,0.0
Ethiopia,2009,ETH,3.56,98.343,0.0,0.0
Ethiopia,2010,ETH,4.96,99.002,0.0,0.0
Ethiopia,2011,ETH,6.29,99.211,0.0,0.03
Ethiopia,2012,ETH,7.55,99.736,0.0,0.19
Ethiopia,2013,ETH,8.66,99.885,0.01,0.36
Ethiopia,2014,ETH,9.47,100.0,0.02,0.5
Ethiopia,2015,ETH,10.39,100.0,0.02,0.76
Ethiopia,2016,ETH,12.47,100.0,0.02,0.78
Ethiopia,2017,ETH,13.12,100.0,0.02,0.53
Ethiopia,2018,ETH,14.23,100.0,0.02,0.53
Ethiopia,2019,ETH,15.3,99.935,0.02,0.85
Ethiopia,2020,ETH,15.61,99.936,0.03,0.61
Ethiopia,2021,ETH,15.78,100.0,0.03,0.82
Ethiopia,2022,ETH,17.41,100.0,0.04,0.56
Ethiopia,2023,ETH,17.77,100.0,0.04,0.56
Ethiopia,2024,ETH,25.2,100.0,0.04,0.7
Ethiopia,2025,ETH,33.37,100.0,0.04,1.1
Falkland Islands,2000,FLK,0.0,0.0,0.0,0.0
Falkland Islands,2001,FLK,0.0,0.0,0.0,0.0
Falkland Islands,2002,FLK,0.0,0.0,0.0,0.0
Falkland Islands,2003,FLK,0.0,0.0,0.0,0.0
Falkland Islands,2004,FLK,0.0,0.0,0.0,0.0
Falkland Islands,2005,FLK,0.0,0.0,0.0,0.0
Falkland Islands,2006,FLK,0.0,0.0,0.0,0.0
Falkland Islands,2007,FLK,0.0,0.0,0.0,0.0
Falkland Islands,2008,FLK,0.0,0.0,0.0,0.0
Falkland Islands,2009,FLK,0.0,0.0,0.0,0.0
Falkland Islands,2010,FLK,0.0,0.0,0.0,0.0
Falkland Islands,2011,FLK,0.01,50.0,0.0,0.01
Falkland Islands,2012,FLK,0.01,50.0,0.0,0.01
Falkland Islands,2013,FLK,0.01,50.0,0.0,0.01
Falkland Islands,2014,FLK,0.01,50.0,0.0,0.01
Falkland Islands,2015,FLK,0.01,50.0,0.0,0.01
Falkland Islands,2016,FLK,0.01,50.0,0.0,0.01
Falkland Islands,2017,FLK,0.0,0.0,0.0,0.0
Falkland Islands,2018,FLK,0.0,0.0,0.0,0.0
Falkland Islands,2019,FLK,0.0,0.0,0.0,0.0
Falkland Islands,2020,FLK,0.0,0.0,0.0,0.0
Falkland Islands,2021,FLK,0.0,0.0,0.0,0.0
Falkland Islands,2022,FLK,0.0,0.0,0.0,0.0
Falkland Islands,2023,FLK,0.0,0.0,0.0,0.0
Faroe Islands,2000,FRO,0.08,36.364,0.0,0.0
Faroe Islands,2001,FRO,0.08,33.333,0.0,0.0
Faroe Islands,2002,FRO,0.1,41.667,0.0,0.0
Faroe Islands,2003,FRO,0.08,33.333,0.0,0.0
Faroe Islands,2004,FRO,0.1,40.0,0.0,0.01
Faroe Islands,2005,FRO,0.11,44.0,0.0,0.01
Faroe Islands,2006,FRO,0.11,44.0,0.0,0.01
Faroe Islands,2007,FRO,0.12,44.444,0.0,0.02
Faroe Islands,2008,FRO,0.1,37.037,0.0,0.01
Faroe Islands,2009,FRO,0.1,37.037,0.0,0.01
Faroe Islands,2010,FRO,0.08,28.571,0.0,0.01
Faroe Islands,2011,FRO,0.1,37.037,0.0,0.01
Faroe Islands,2012,FRO,0.11,37.931,0.0,0.01
Faroe Islands,2013,FRO,0.11,37.931,0.0,0.02
Faroe Islands,2014,FRO,0.16,51.613,0.0,0.04
Faroe Islands,2015,FRO,0.19,59.375,0.0,0.06
Faroe Islands,2016,FRO,0.15,48.387,0.0,0.05
Faroe Islands,2017,FRO,0.17,51.515,0.0,0.06
Faroe Islands,2018,FRO,0.17,48.571,0.0,0.06
Faroe Islands,2019,FRO,0.15,39.474,0.0,0.05
Faroe Islands,2020,FRO,0.16,39.024,0.0,0.05
Faroe Islands,2021,FRO,0.17,39.535,0.0,0.05
Faroe Islands,2022,FRO,0.22,45.833,0.0,0.09
Faroe Islands,2023,FRO,0.23,46.939,0.0,0.09
Fiji,2000,FJI,0.54,72.0,0.0,0.0
Fiji,2001,FJI,0.59,74.684,0.0,0.0
Fiji,2002,FJI,0.58,69.88,0.0,0.0
Fiji,2003,FJI,0.47,54.023,0.0,0.0
Fiji,2004,FJI,0.5,56.818,0.0,0.0
Fiji,2005,FJI,0.47,52.809,0.0,0.0
Fiji,2006,FJI,0.47,52.222,0.0,0.0
Fiji,2007,FJI,0.61,68.539,0.0,0.01
Fiji,2008,FJI,0.57,67.857,0.0,0.02
Fiji,2009,FJI,0.52,62.651,0.0,0.02
Fiji,2010,FJI,0.46,52.273,0.0,0.01
Fiji,2011,FJI,0.49,57.647,0.0,0.0
Fiji,2012,FJI,0.57,66.279,0.0,0.01
Fiji,2013,FJI,0.56,63.636,0.0,0.0
Fiji,2014,FJI,0.44,48.352,0.0,0.0
Fiji,2015,FJI,0.45,48.387,0.0,0.01
Fiji,2016,FJI,0.52,54.737,0.01,0.0
Fiji,2017,FJI,0.51,50.0,0.01,0.0
Fiji,2018,FJI,0.65,59.091,0.01,0.0
Fiji,2019,FJI,0.66,57.895,0.01,0.0
Fiji,2020,FJI,0.68,62.963,0.01,0.0
Fiji,2021,FJI,0.66,62.264,0.01,0.0
Fiji,2022,FJI,0.65,60.748,0.01,0.0
Fiji,2023,FJI,0.73,63.478,0.01,0.0
Fiji,2024,FJI,0.73,63.478,0.01,0.0
Finland,1965,FIN,9.354,,0.0,0.0
Finland,1966,FIN,10.381,,0.0,0.0
Finland,1967,FIN,11.629,,0.0,0.0
Finland,1968,FIN,10.489,,0.0,0.0
Finland,1969,FIN,8.745,,0.0,0.0
Finland,1970,FIN,9.524,,0.0,0.0
Finland,1971,FIN,10.681,,0.0,0.0
Finland,1972,FIN,10.38,,0.0,0.0
Finland,1973,FIN,10.58,,0.0,0.0
Finland,1974,FIN,12.703,,0.0,0.0
Finland,1975,FIN,12.209,,0.0,0.0
Finland,1976,FIN,9.482,,0.0,0.0
Finland,1977,FIN,12.182,,0.0,0.0
Finland,1978,FIN,9.799,,0.0,0.0
Finland,1979,FIN,10.871,,0.0,0.0
Finland,1980,FIN,10.217,,0.0,0.0
Finland,1981,FIN,13.655,,0.0,0.0
Finland,1982,FIN,13.089,,0.0,0.0
Finland,1983,FIN,13.581,,0.0,0.0
Finland,1984,FIN,13.247,,0.0,0.0
Finland,1985,FIN,12.334,24.971,0.0,0.0
Finland,1986,FIN,12.39,25.312,0.0,0.0
Finland,1987,FIN,13.796,26.022,0.0,0.0
Finland,1988,FIN,13.363,24.981,0.0,0.0
Finland,1989,FIN,13.03,24.42,0.0,0.0
Finland,1990,FIN,16.02,29.47,0.0,0.0
Finland,1991,FIN,18.2,31.401,0.0,0.0
Finland,1992,FIN,20.06,34.766,0.0,0.0
Finland,1993,FIN,19.44,31.838,0.0,0.0
Finland,1994,FIN,18.27,27.842,0.0,0.01
Finland,1995,FIN,19.55,30.547,0.0,0.01
Finland,1996,FIN,17.76,25.624,0.0,0.01
Finland,1997,FIN,20.15,29.156,0.0,0.02
Finland,1998,FIN,24.4,34.802,0.0,0.02
Finland,1999,FIN,21.19,30.524,0.0,0.05
Finland,2000,FIN,23.38,33.414,0.0,0.08
Finland,2001,FIN,21.54,28.932,0.0,0.07
Finland,2002,FIN,19.83,26.468,0.0,0.06
Finland,2003,FIN,19.06,22.615,0.0,0.09
Finland,2004,FIN,25.63,29.858,0.0,0.12
Finland,2005,FIN,23.46,33.248,0.0,0.17
Finland,2006,FIN,22.46,27.294,0.0,0.16
Finland,2007,FIN,24.32,29.962,0.0,0.19
Finland,2008,FIN,27.77,35.902,0.0,0.26
Finland,2009,FIN,21.7,30.114,0.0,0.28
Finland,2010,FIN,24.18,29.985,0.0,0.29
Finland,2011,FIN,24.18,32.898,0.01,0.48
Finland,2012,FIN,28.56,40.562,0.01,0.49
Finland,2013,FIN,25.63,35.967,0.01,0.77
Finland,2014,FIN,26.28,38.59,0.01,1.11
Finland,2015,FIN,30.53,44.498,0.01,2.33
Finland,2016,FIN,30.41,44.233,0.02,3.07
Finland,2017,FIN,31.47,46.608,0.05,4.79
Finland,2018,FIN,32.14,45.764,0.09,5.84
Finland,2019,FIN,31.88,46.466,0.15,6.02
Finland,2020,FIN,35.93,51.892,0.22,8.26
Finland,2021,FIN,38.18,52.947,0.3,8.51
Finland,2022,FIN,38.66,53.568,0.39,12.02
Finland,2023,FIN,42.3,51.889,0.72,15.04
Finland,2024,FIN,46.11,55.857,0.94,20.48
Finland,2025,FIN,46.47,56.464,0.98,22.58
France,1965,FRA,46.881,,0.0,0.0
France,1966,FRA,52.598,,0.0,0.0
France,1967,FRA,45.983,,0.0,0.0
France,1968,FRA,51.349,,0.0,0.0
France,1969,FRA,54.009,,0.0,0.0
France,1970,FRA,58.052,,0.0,0.0
France,1971,FRA,50.249,,0.0,0.0
France,1972,FRA,50.347,,0.0,0.0
France,1973,FRA,49.246,,0.0,0.0
France,1974,FRA,57.807,,0.0,0.0
France,1975,FRA,61.524,,0.0,0.0
France,1976,FRA,49.898,,0.0,0.0
France,1977,FRA,77.698,,0.0,0.0
France,1978,FRA,69.778,,0.0,0.0
France,1979,FRA,67.903,,0.0,0.0
France,1980,FRA,70.998,,0.0,0.0
France,1981,FRA,73.687,,0.0,0.0
France,1982,FRA,72.102,,0.0,0.0
France,1983,FRA,71.002,,0.0,0.0
France,1984,FRA,67.312,,0.0,0.0
France,1985,FRA,63.568,18.454,0.0,0.0
France,1986,FRA,64.146,17.671,0.0,0.0
France,1987,FRA,72.249,19.089,0.0,0.0
France,1988,FRA,78.295,19.969,0.0,0.0
France,1989,FRA,48.478,11.974,0.0,0.0
France,1990,FRA,54.62,13.129,0.0,0.0
France,1991,FRA,58.43,12.975,0.0,0.0
France,1992,FRA,69.62,15.183,0.0,0.0
France,1993,FRA,65.27,13.944,0.0,0.0
France,1994,FRA,79.19,16.748,0.0,0.0
France,1995,FRA,73.66,15.051,0.0,0.0
France,1996,FRA,67.1,13.214,0.0,0.01
France,1997,FRA,64.79,12.976,0.0,0.01
France,1998,FRA,63.44,12.539,0.0,0.02
France,1999,FRA,73.71,14.188,0.0,0.04
France,2000,FRA,67.83,12.737,0.01,0.05
France,2001,FRA,76.09,14.023,0.01,0.13
France,2002,FRA,62.69,11.373,0.01,0.27
France,2003,FRA,61.47,10.994,0.01,0.39
France,2004,FRA,62.42,11.022,0.01,0.59
France,2005,FRA,54.98,9.66,0.01,0.96
France,2006,FRA,60.91,10.737,0.01,2.18
France,2007,FRA,64.3,11.445,0.02,4.07
France,2008,FRA,72.33,12.757,0.04,5.69
France,2009,FRA,68.15,12.886,0.17,7.91
France,2010,FRA,76.68,13.635,0.62,9.94
France,2011,FRA,66.02,11.63,2.33,12.37
France,2012,FRA,85.25,15.02,4.43,15.18
France,2013,FRA,99.43,17.24,5.19,16.14
France,2014,FRA,94.03,16.604,6.39,17.32
France,2015,FRA,91.84,15.996,7.75,21.42
France,2016,FRA,99.0,17.715,8.66,21.38
France,2017,FRA,91.91,16.538,8.87,24.61
France,2018,FRA,113.85,19.757,11.15,28.6
France,2019,FRA,112.9,19.964,12.02,34.72
France,2020,FRA,125.03,23.714,13.09,40.05
France,2021,FRA,122.1,22.187,15.28,37.12
France,2022,FRA,113.37,24.201,19.34,38.2
France,2023,FRA,139.49,26.89,22.59,50.48
France,2024,FRA,152.67,27.176,24.87,45.43
France,2025,FRA,148.56,26.064,31.82,46.49
French Polynesia,2000,PYF,0.12,29.268,0.0,0.0
French Polynesia,2001,PYF,0.1,23.81,0.0,0.0
French Polynesia,2002,PYF,0.13,28.261,0.0,0.0
French Polynesia,2003,PYF,0.15,31.915,0.0,0.0
French Polynesia,2004,PYF,0.18,33.333,0.0,0.0
French Polynesia,2005,PYF,0.18,35.294,0.0,0.0
French Polynesia,2006,PYF,0.2,37.736,0.0,0.0
French Polynesia,2007,PYF,0.22,40.0,0.0,0.0
French Polynesia,2008,PYF,0.21,36.842,0.0,0.0
French Polynesia,2009,PYF,0.21,36.207,0.0,0.0
French Polynesia,2010,PYF,0.27,34.177,0.0,0.0
French Polynesia,2011,PYF,0.23,31.081,0.01,0.0
French Polynesia,2012,PYF,0.21,29.167,0.01,0.0
French Polynesia,2013,PYF,0.17,25.0,0.02,0.0
French Polynesia,2014,PYF,0.2,29.412,0.03,0.0
French Polynesia,2015,PYF,0.2,29.412,0.03,0.0
French Polynesia,2016,PYF,0.21,30.882,0.03,0.0
French Polynesia,2017,PYF,0.22,31.884,0.04,0.0
French Polynesia,2018,PYF,0.2,29.412,0.04,0.0
French Polynesia,2019,PYF,0.2,28.986,0.04,0.0
French Polynesia,2020,PYF,0.2,30.303,0.04,0.0
French Polynesia,2021,PYF,0.19,28.788,0.05,0.0
French Polynesia,2022,PYF,0.24,33.803,0.05,0.0
French Polynesia,2023,PYF,0.24,33.803,0.05,0.0
French Polynesia,2024,PYF,0.25,34.722,0.06,0.0
Gabon,2000,GAB,0.81,61.832,0.0,0.0
Gabon,2001,GAB,0.88,62.857,0.0,0.0
Gabon,2002,GAB,0.92,62.585,0.0,0.0
Gabon,2003,GAB,0.9,58.824,0.0,0.0
Gabon,2004,GAB,0.89,58.17,0.0,0.0
Gabon,2005,GAB,0.81,51.592,0.0,0.0
Gabon,2006,GAB,0.95,57.229,0.0,0.0
Gabon,2007,GAB,0.8,46.243,0.0,0.0
Gabon,2008,GAB,0.89,49.171,0.0,0.0
Gabon,2009,GAB,0.95,51.913,0.0,0.0
Gabon,2010,GAB,0.91,47.15,0.0,0.0
Gabon,2011,GAB,0.84,41.379,0.0,0.0
Gabon,2012,GAB,0.91,42.13,0.0,0.0
Gabon,2013,GAB,0.94,44.976,0.0,0.0
Gabon,2014,GAB,0.8,40.201,0.0,0.0
Gabon,2015,GAB,0.92,43.396,0.0,0.0
Gabon,2016,GAB,0.83,37.9,0.0,0.0
Gabon,2017,GAB,0.94,41.964,0.0,0.0
Gabon,2018,GAB,1.31,47.122,0.0,0.0
Gabon,2019,GAB,1.32,46.479,0.0,0.0
Gabon,2020,GAB,1.43,48.805,0.0,0.0
Gabon,2021,GAB,1.38,46.622,0.0,0.0
Gabon,2022,GAB,1.53,47.962,0.0,0.0
Gabon,2023,GAB,0.92,35.521,0.0,0.0
Gabon,2024,GAB,0.92,35.385,0.0,0.0
Gambia,2000,GMB,0.0,0.0,0.0,0.0
Gambia,2001,GMB,0.0,0.0,0.0,0.0
Gambia,2002,GMB,0.0,0.0,0.0,0.0
Gambia,2003,GMB,0.0,0.0,0.0,0.0
Gambia,2004,GMB,0.0,0.0,0.0,0.0
Gambia,2005,GMB,0.0,0.0,0.0,0.0
Gambia,2006,GMB,0.0,0.0,0.0,0.0
Gambia,2007,GMB,0.0,0.0,0.0,0.0
Gambia,2008,GMB,0.0,0.0,0.0,0.0
Gambia,2009,GMB,0.0,0.0,0.0,0.0
Gambia,2010,GMB,0.0,0.0,0.0,0.0
Gambia,2011,GMB,0.0,0.0,0.0,0.0
Gambia,2012,GMB,0.0,0.0,0.0,0.0
Gambia,2013,GMB,0.0,0.0,0.0,0.0
Gambia,2014,GMB,0.0,0.0,0.0,0.0
Gambia,2015,GMB,0.0,0.0,0.0,0.0
Gambia,2016,GMB,0.0,0.0,0.0,0.0
Gambia,2017,GMB,0.0,0.0,0.0,0.0
Gambia,2018,GMB,0.0,0.0,0.0,0.0
Gambia,2019,GMB,0.0,0.0,0.0,0.0
Gambia,2020,GMB,0.0,0.0,0.0,0.0
Gambia,2021,GMB,0.0,0.0,0.0,0.0
Gambia,2022,GMB,0.0,0.0,0.0,0.0
Gambia,2023,GMB,0.0,0.0,0.0,0.0
Gambia,2024,GMB,0.0,0.0,0.0,0.0
Georgia,2000,GEO,5.8,78.804,0.0,0.0
Georgia,2001,GEO,5.49,79.797,0.0,0.0
Georgia,2002,GEO,6.7,93.185,0.0,0.0
Georgia,2003,GEO,6.46,90.986,0.0,0.0
Georgia,2004,GEO,5.99,87.318,0.0,0.0
Georgia,2005,GEO,6.17,85.694,0.0,0.0
Georgia,2006,GEO,5.26,70.415,0.0,0.0
Georgia,2007,GEO,6.75,79.412,0.0,0.0
Georgia,2008,GEO,7.09,84.606,0.0,0.0
Georgia,2009,GEO,7.34,88.115,0.0,0.0
Georgia,2010,GEO,9.27,93.166,0.0,0.0
Georgia,2011,GEO,7.81,77.944,0.0,0.0
Georgia,2012,GEO,7.15,74.324,0.0,0.0
Georgia,2013,GEO,8.19,82.064,0.0,0.0
Georgia,2014,GEO,8.25,80.175,0.0,0.0
Georgia,2015,GEO,8.37,77.86,0.0,0.0
Georgia,2016,GEO,9.25,80.505,0.0,0.01
Georgia,2017,GEO,9.21,80.507,0.0,0.09
Georgia,2018,GEO,9.93,82.475,0.0,0.08
Georgia,2019,GEO,9.02,76.054,0.0,0.09
Georgia,2020,GEO,8.34,74.731,0.0,0.09
Georgia,2021,GEO,10.26,81.171,0.0,0.08
Georgia,2022,GEO,10.86,76.211,0.0,0.09
Georgia,2023,GEO,10.98,76.091,0.03,0.09
Georgia,2024,GEO,11.12,79.828,0.03,0.09
Georgia,2025,GEO,10.75,79.63,0.03,0.08
Germany,1965,DEU,16.212,,0.0,0.0
Germany,1966,DEU,17.534,,0.0,0.0
Germany,1967,DEU,16.652,,0.0,0.0
Germany,1968,DEU,16.899,,0.0,0.0
Germany,1969,DEU,13.713,,0.0,0.0
Germany,1970,DEU,18.454,,0.0,0.0
Germany,1971,DEU,14.456,,0.0,0.0
Germany,1972,DEU,14.225,,0.0,0.0
Germany,1973,DEU,16.283,,0.0,0.0
Germany,1974,DEU,18.714,,0.0,0.0
Germany,1975,DEU,18.184,,0.0,0.0
Germany,1976,DEU,15.125,,0.0,0.0
Germany,1977,DEU,18.829,,0.0,0.0
Germany,1978,DEU,19.68,,0.0,0.0
Germany,1979,DEU,19.827,,0.0,0.0
Germany,1980,DEU,21.035,,0.0,0.0
Germany,1981,DEU,21.719,,0.0,0.0
Germany,1982,DEU,21.537,,0.0,0.0
Germany,1983,DEU,20.252,,0.0,0.0
Germany,1984,DEU,20.122,,0.0,0.0
Germany,1985,DEU,19.045,3.645,0.0,0.0
Germany,1986,DEU,20.169,3.852,0.0,0.001
Germany,1987,DEU,21.791,4.093,0.0,0.002
Germany,1988,DEU,21.725,3.954,0.0,0.008
Germany,1989,DEU,20.019,3.576,0.0,0.026
Germany,1990,DEU,19.1,3.522,0.0,0.07
Germany,1991,DEU,16.98,3.168,0.0,0.22
Germany,1992,DEU,19.73,3.696,0.0,0.29
Germany,1993,DEU,20.52,3.941,0.0,0.67
Germany,1994,DEU,23.43,4.497,0.0,1.43
Germany,1995,DEU,25.92,4.884,0.0,1.71
Germany,1996,DEU,26.55,4.843,0.01,2.08
Germany,1997,DEU,23.05,4.219,0.01,3.03
Germany,1998,DEU,24.88,4.53,0.01,4.59
Germany,1999,DEU,28.71,5.227,0.02,5.53
Germany,2000,DEU,35.41,6.224,0.0,9.35
Germany,2001,DEU,37.88,6.543,0.1,10.46
Germany,2002,DEU,44.49,7.621,0.2,15.86
Germany,2003,DEU,46.67,7.752,0.31,19.09
Germany,2004,DEU,57.97,9.51,0.56,26.02
Germany,2005,DEU,63.43,10.342,1.31,27.77
Germany,2006,DEU,72.56,11.514,2.27,31.32
Germany,2007,DEU,89.44,14.172,3.14,40.51
Germany,2008,DEU,94.37,14.925,4.51,41.38
Germany,2009,DEU,96.08,16.341,6.72,39.42
Germany,2010,DEU,105.41,16.887,11.96,38.55
Germany,2011,DEU,124.43,20.567,19.99,49.86
Germany,2012,DEU,143.4,23.136,26.74,51.68
Germany,2013,DEU,151.95,24.131,30.62,52.74
Germany,2014,DEU,161.93,26.171,35.45,58.5
Germany,2015,DEU,188.14,29.435,38.08,80.62
Germany,2016,DEU,189.13,29.482,37.56,79.92
Germany,2017,DEU,215.68,33.467,38.76,105.69
Germany,2018,DEU,222.93,35.258,44.32,109.95
Germany,2019,DEU,241.17,40.189,45.22,125.89
Germany,2020,DEU,251.49,44.374,49.5,132.11
Germany,2021,DEU,232.5,40.167,49.34,114.16
Germany,2022,DEU,251.54,44.373,60.3,124.81
Germany,2023,DEU,277.1,54.685,63.87,140.54
Germany,2024,DEU,290.86,58.642,74.13,141.6
Germany,2025,DEU,295.74,59.092,89.62,136.03
Ghana,2000,GHA,6.55,91.353,0.0,0.0
Ghana,2001,GHA,6.55,83.867,0.0,0.0
Ghana,2002,GHA,5.0,68.776,0.0,0.0
Ghana,2003,GHA,3.86,65.646,0.0,0.0
Ghana,2004,GHA,5.24,87.333,0.0,0.0
Ghana,2005,GHA,5.58,82.789,0.0,0.0
Ghana,2006,GHA,5.57,66.389,0.0,0.0
Ghana,2007,GHA,3.7,53.161,0.0,0.0
Ghana,2008,GHA,6.15,73.918,0.0,0.0
Ghana,2009,GHA,6.83,76.398,0.0,0.0
Ghana,2010,GHA,6.95,68.676,0.0,0.0
Ghana,2011,GHA,7.51,66.401,0.0,0.0
Ghana,2012,GHA,8.01,65.926,0.0,0.0
Ghana,2013,GHA,8.17,62.895,0.0,0.0
Ghana,2014,GHA,8.32,63.609,0.0,0.0
Ghana,2015,GHA,5.81,49.914,0.0,0.0
Ghana,2016,GHA,5.56,42.217,0.03,0.0
Ghana,2017,GHA,5.67,42.632,0.03,0.0
Ghana,2018,GHA,6.07,40.711,0.03,0.0
Ghana,2019,GHA,7.32,42.312,0.05,0.0
Ghana,2020,GHA,7.37,37.354,0.06,0.0
Ghana,2021,GHA,7.68,34.783,0.13,0.0
Ghana,2022,GHA,8.37,36.047,0.16,0.0
Ghana,2023,GHA,9.36,38.519,0.15,0.0
Ghana,2024,GHA,8.79,36.218,0.17,0.0
Gibraltar,2000,GIB,0.0,0.0,0.0,0.0
Gibraltar,2001,GIB,0.0,0.0,0.0,0.0
Gibraltar,2002,GIB,0.0,0.0,0.0,0.0
Gibraltar,2003,GIB,0.0,0.0,0.0,0.0
Gibraltar,2004,GIB,0.0,0.0,0.0,0.0
Gibraltar,2005,GIB,0.0,0.0,0.0,0.0
Gibraltar,2006,GIB,0.0,0.0,0.0,0.0
Gibraltar,2007,GIB,0.0,0.0,0.0,0.0
Gibraltar,2008,GIB,0.0,0.0,0.0,0.0
Gibraltar,2009,GIB,0.0,0.0,0.0,0.0
Gibraltar,2010,GIB,0.0,0.0,0.0,0.0
Gibraltar,2011,GIB,0.0,0.0,0.0,0.0
Gibraltar,2012,GIB,0.0,0.0,0.0,0.0
Gibraltar,2013,GIB,0.0,0.0,0.0,0.0
Gibraltar,2014,GIB,0.0,0.0,0.0,0.0
Gibraltar,2015,GIB,0.0,0.0,0.0,0.0
Gibraltar,2016,GIB,0.0,0.0,0.0,0.0
Gibraltar,2017,GIB,0.0,0.0,0.0,0.0
Gibraltar,2018,GIB,0.0,0.0,0.0,0.0
Gibraltar,2019,GIB,0.0,0.0,0.0,0.0
Gibraltar,2020,GIB,0.0,0.0,0.0,0.0
Gibraltar,2021,GIB,0.0,0.0,0.0,0.0
Gibraltar,2022,GIB,0.0,0.0,0.0,0.0
Gibraltar,2023,GIB,0.0,0.0,0.0,0.0
Gibraltar,2024,GIB,0.0,0.0,0.0,0.0
Greece,1965,GRC,0.801,,0.0,0.0
Greece,1966,GRC,1.73,,0.0,0.0
Greece,1967,GRC,1.66,,0.0,0.0
Greece,1968,GRC,1.368,,0.0,0.0
Greece,1969,GRC,2.055,,0.0,0.0
Greece,1970,GRC,2.636,,0.0,0.0
Greece,1971,GRC,2.652,,0.0,0.0
Greece,1972,GRC,2.677,,0.0,0.0
Greece,1973,GRC,2.223,,0.0,0.0
Greece,1974,GRC,2.347,,0.0,0.0
Greece,1975,GRC,2.015,,0.0,0.0
Greece,1976,GRC,1.879,,0.0,0.0
Greece,1977,GRC,1.922,,0.0,0.0
Greece,1978,GRC,2.988,,0.0,0.0
Greece,1979,GRC,3.566,,0.0,0.0
Greece,1980,GRC,3.405,,0.0,0.0
Greece,1981,GRC,3.407,,0.0,0.0
Greece,1982,GRC,3.561,,0.0,0.0
Greece,1983,GRC,2.34,,0.0,0.0
Greece,1984,GRC,2.862,,0.0,0.0
Greece,1985,GRC,2.805,10.112,0.0,0.0
Greece,1986,GRC,3.235,11.457,0.0,0.0
Greece,1987,GRC,2.781,9.187,0.0,0.001
Greece,1988,GRC,2.367,7.088,0.0,0.001
Greece,1989,GRC,1.901,5.517,0.0,0.001
Greece,1990,GRC,1.77,5.175,0.0,0.0
Greece,1991,GRC,3.1,8.809,0.0,0.0
Greece,1992,GRC,2.21,6.012,0.0,0.01
Greece,1993,GRC,2.33,6.175,0.0,0.05
Greece,1994,GRC,2.64,6.597,0.0,0.04
Greece,1995,GRC,3.56,8.696,0.0,0.03
Greece,1996,GRC,4.39,10.41,0.0,0.04
Greece,1997,GRC,3.92,9.157,0.0,0.04
Greece,1998,GRC,3.79,8.293,0.0,0.07
Greece,1999,GRC,4.75,9.716,0.0,0.16
Greece,2000,GRC,4.14,7.82,0.0,0.45
Greece,2001,GRC,2.94,5.596,0.0,0.76
Greece,2002,GRC,3.58,6.709,0.0,0.65
Greece,2003,GRC,5.89,10.283,0.0,1.02
Greece,2004,GRC,5.91,10.151,0.0,1.12
Greece,2005,GRC,6.41,10.914,0.0,1.27
Greece,2006,GRC,7.67,12.91,0.0,1.7
Greece,2007,GRC,4.59,7.356,0.0,1.82
Greece,2008,GRC,5.75,9.247,0.01,2.24
Greece,2009,GRC,8.16,13.523,0.05,2.54
Greece,2010,GRC,10.53,18.601,0.16,2.71
Greece,2011,GRC,8.15,13.944,0.61,3.32
Greece,2012,GRC,10.13,16.909,1.69,3.85
Greece,2013,GRC,14.36,25.475,3.65,4.14
Greece,2014,GRC,12.18,24.547,3.79,3.69
Greece,2015,GRC,14.85,29.089,3.9,4.62
Greece,2016,GRC,14.89,27.656,3.93,5.15
Greece,2017,GRC,13.8,25.182,3.99,5.54
Greece,2018,GRC,16.14,30.679,3.79,6.3
Greece,2019,GRC,16.1,33.577,4.43,7.27
Greece,2020,GRC,17.55,36.94,4.45,9.31
Greece,2021,GRC,22.13,40.8,5.25,10.48
Greece,2022,GRC,22.45,43.449,7.14,10.88
Greece,2023,GRC,24.38,49.826,8.89,11.02
Greece,2024,GRC,28.1,49.229,11.26,12.55
Greece,2025,GRC,28.96,49.7,12.92,11.91
Greenland,2000,GRL,0.17,58.621,0.0,0.0
Greenland,2001,GRL,0.16,57.143,0.0,0.0
Greenland,2002,GRL,0.18,58.065,0.0,0.0
Greenland,2003,GRL,0.18,58.065,0.0,0.0
Greenland,2004,GRL,0.19,57.576,0.0,0.0
Greenland,2005,GRL,0.2,58.824,0.0,0.0
Greenland,2006,GRL,0.2,57.143,0.0,0.0
Greenland,2007,GRL,0.2,55.556,0.0,0.0
Greenland,2008,GRL,0.2,54.054,0.0,0.0
Greenland,2009,GRL,0.26,63.415,0.0,0.0
Greenland,2010,GRL,0.29,70.732,0.0,0.0
Greenland,2011,GRL,0.34,75.556,0.0,0.0
Greenland,2012,GRL,0.34,75.556,0.0,0.0
Greenland,2013,GRL,0.37,80.435,0.0,0.0
Greenland,2014,GRL,0.39,81.25,0.0,0.0
Greenland,2015,GRL,0.42,82.353,0.0,0.0
Greenland,2016,GRL,0.4,83.333,0.0,0.0
Greenland,2017,GRL,0.38,76.0,0.0,0.0
Greenland,2018,GRL,0.42,80.769,0.0,0.0
Greenland,2019,GRL,0.41,83.673,0.0,0.0
Greenland,2020,GRL,0.43,82.692,0.0,0.0
Greenland,2021,GRL,0.43,84.314,0.0,0.0
Greenland,2022,GRL,0.47,87.037,0.0,0.0
Greenland,2023,GRL,0.5,81.967,0.0,0.0
Greenland,2024,GRL,0.5,83.333,0.0,0.0
Grenada,2000,GRD,0.0,0.0,0.0,0.0
Grenada,2001,GRD,0.0,0.0,0.0,0.0
Grenada,2002,GRD,0.0,0.0,0.0,0.0
Grenada,2003,GRD,0.0,0.0,0.0,0.0
Grenada,2004,GRD,0.0,0.0,0.0,0.0
Grenada,2005,GRD,0.0,0.0,0.0,0.0
Grenada,2006,GRD,0.0,0.0,0.0,0.0
Grenada,2007,GRD,0.0,0.0,0.0,0.0
Grenada,2008,GRD,0.0,0.0,0.0,0.0
Grenada,2009,GRD,0.0,0.0,0.0,0.0
Grenada,2010,GRD,0.0,0.0,0.0,0.0
Grenada,2011,GRD,0.0,0.0,0.0,0.0
Grenada,2012,GRD,0.0,0.0,0.0,0.0
Grenada,2013,GRD,0.0,0.0,0.0,0.0
Grenada,2014,GRD,0.0,0.0,0.0,0.0
Grenada,2015,GRD,0.0,0.0,0.0,0.0
Grenada,2016,GRD,0.0,0.0,0.0,0.0
Grenada,2017,GRD,0.0,0.0,0.0,0.0
Grenada,2018,GRD,0.0,0.0,0.0,0.0
Grenada,2019,GRD,0.0,0.0,0.0,0.0
Grenada,2020,GRD,0.0,0.0,0.0,0.0
Grenada,2021,GRD,0.0,0.0,0.0,0.0
Grenada,2022,GRD,0.0,0.0,0.0,0.0
Grenada,2023,GRD,0.0,0.0,0.0,0.0
Grenada,2024,GRD,0.0,0.0,0.0,0.0
Guadeloupe,2005,GLP,0.21,14.0,0.0,0.02
Guadeloupe,2006,GLP,0.2,13.072,0.0,0.03
Guadeloupe,2007,GLP,0.22,13.75,0.0,0.04
Guadeloupe,2008,GLP,0.22,13.665,0.0,0.05
Guadeloupe,2009,GLP,0.19,11.656,0.01,0.05
Guadeloupe,2010,GLP,0.15,8.671,0.02,0.04
Guadeloupe,2011,GLP,0.2,11.905,0.03,0.05
Guadeloupe,2012,GLP,0.26,15.116,0.09,0.05
Guadeloupe,2013,GLP,0.31,17.816,0.1,0.06
Guadeloupe,2014,GLP,0.32,18.391,0.1,0.05
Guadeloupe,2015,GLP,0.31,17.614,0.1,0.05
Guadeloupe,2016,GLP,0.3,16.949,0.09,0.05
Guadeloupe,2017,GLP,0.36,20.455,0.09,0.05
Guadeloupe,2018,GLP,0.37,21.637,0.1,0.05
Guadeloupe,2019,GLP,0.37,21.512,0.1,0.06
Guadeloupe,2020,GLP,0.41,24.118,0.11,0.07
Guadeloupe,2021,GLP,0.56,33.735,0.11,0.11
Guadeloupe,2022,GLP,0.57,34.756,0.11,0.11
Guadeloupe,2023,GLP,0.59,35.329,0.11,0.1
Guam,2000,GUM,0.0,0.0,0.0,0.0
Guam,2001,GUM,0.0,0.0,0.0,0.0
Guam,2002,GUM,0.0,0.0,0.0,0.0
Guam,2003,GUM,0.0,0.0,0.0,0.0
Guam,2004,GUM,0.0,0.0,0.0,0.0
Guam,2005,GUM,0.0,0.0,0.0,0.0
Guam,2006,GUM,0.0,0.0,0.0,0.0
Guam,2007,GUM,0.0,0.0,0.0,0.0
Guam,2008,GUM,0.0,0.0,0.0,0.0
Guam,2009,GUM,0.0,0.0,0.0,0.0
Guam,2010,GUM,0.0,0.0,0.0,0.0
Guam,2011,GUM,0.0,0.0,0.0,0.0
Guam,2012,GUM,0.0,0.0,0.0,0.0
Guam,2013,GUM,0.0,0.0,0.0,0.0
Guam,2014,GUM,0.0,0.0,0.0,0.0
Guam,2015,GUM,0.03,1.754,0.03,0.0
Guam,2016,GUM,0.07,4.023,0.07,0.0
Guam,2017,GUM,0.06,3.39,0.06,0.0
Guam,2018,GUM,0.07,4.046,0.07,0.0
Guam,2019,GUM,0.08,4.571,0.08,0.0
Guam,2020,GUM,0.08,4.678,0.08,0.0
Guam,2021,GUM,0.08,4.598,0.08,0.0
Guam,2022,GUM,0.14,7.778,0.14,0.0
Guam,2023,GUM,0.14,7.778,0.14,0.0
Guam,2024,GUM,0.16,8.602,0.16,0.0
Guatemala,2000,GTM,3.24,50.155,0.0,0.0
Guatemala,2001,GTM,2.94,43.685,0.0,0.0
Guatemala,2002,GTM,2.64,39.64,0.0,0.0
Guatemala,2003,GTM,3.37,48.77,0.0,0.0
Guatemala,2004,GTM,3.27,50.935,0.0,0.0
Guatemala,2005,GTM,3.9,56.115,0.0,0.0
Guatemala,2006,GTM,4.21,53.494,0.0,0.0
Guatemala,2007,GTM,4.44,50.917,0.0,0.0
Guatemala,2008,GTM,4.77,54.954,0.0,0.0
Guatemala,2009,GTM,4.08,45.791,0.0,0.0
Guatemala,2010,GTM,5.63,63.688,0.0,0.0
Guatemala,2011,GTM,5.49,62.671,0.0,0.0
Guatemala,2012,GTM,6.24,66.667,0.0,0.0
Guatemala,2013,GTM,6.84,67.589,0.0,0.0
Guatemala,2014,GTM,7.28,68.421,0.01,0.0
Guatemala,2015,GTM,6.83,61.146,0.16,0.11
Guatemala,2016,GTM,7.33,61.804,0.19,0.22
Guatemala,2017,GTM,8.47,68.639,0.2,0.22
Guatemala,2018,GTM,8.76,66.113,0.2,0.32
Guatemala,2019,GTM,8.11,63.858,0.23,0.33
Guatemala,2020,GTM,9.41,75.765,0.22,0.31
Guatemala,2021,GTM,11.37,73.497,0.23,0.32
Guatemala,2022,GTM,11.41,84.644,0.23,0.31
Guatemala,2023,GTM,10.03,67.27,0.24,0.34
Guatemala,2024,GTM,10.79,68.334,0.28,0.37
Guinea,2000,GIN,0.41,50.617,0.0,0.0
Guinea,2001,GIN,0.55,57.292,0.0,0.0
Guinea,2002,GIN,0.59,58.416,0.0,0.0
Guinea,2003,GIN,0.4,46.512,0.0,0.0
Guinea,2004,GIN,0.55,61.111,0.0,0.0
Guinea,2005,GIN,0.49,62.025,0.0,0.0
Guinea,2006,GIN,0.46,63.014,0.0,0.0
Guinea,2007,GIN,0.53,67.949,0.0,0.0
Guinea,2008,GIN,0.52,64.198,0.0,0.0
Guinea,2009,GIN,0.52,65.0,0.0,0.0
Guinea,2010,GIN,0.48,76.19,0.0,0.0
Guinea,2011,GIN,0.41,74.545,0.0,0.0
Guinea,2012,GIN,0.49,67.123,0.0,0.0
Guinea,2013,GIN,0.48,73.846,0.0,0.0
Guinea,2014,GIN,0.42,59.155,0.0,0.0
Guinea,2015,GIN,0.9,78.947,0.02,0.0
Guinea,2016,GIN,1.1,68.323,0.02,0.0
Guinea,2017,GIN,1.23,69.492,0.02,0.0
Guinea,2018,GIN,1.21,62.371,0.02,0.0
Guinea,2019,GIN,1.31,63.902,0.02,0.0
Guinea,2020,GIN,1.51,60.887,0.02,0.0
Guinea,2021,GIN,2.66,73.077,0.02,0.0
Guinea,2022,GIN,2.98,74.5,0.03,0.0
Guinea,2023,GIN,2.98,74.5,0.03,0.0
Guinea,2024,GIN,3.03,75.186,0.03,0.0
Guinea-Bissau,2000,GNB,0.0,0.0,0.0,0.0
Guinea-Bissau,2001,GNB,0.0,0.0,0.0,0.0
Guinea-Bissau,2002,GNB,0.0,0.0,0.0,0.0
Guinea-Bissau,2003,GNB,0.0,0.0,0.0,0.0
Guinea-Bissau,2004,GNB,0.0,0.0,0.0,0.0
Guinea-Bissau,2005,GNB,0.0,0.0,0.0,0.0
Guinea-Bissau,2006,GNB,0.0,0.0,0.0,0.0
Guinea-Bissau,2007,GNB,0.0,0.0,0.0,0.0
Guinea-Bissau,2008,GNB,0.0,0.0,0.0,0.0
Guinea-Bissau,2009,GNB,0.0,0.0,0.0,0.0
Guinea-Bissau,2010,GNB,0.0,0.0,0.0,0.0
Guinea-Bissau,2011,GNB,0.0,0.0,0.0,0.0
Guinea-Bissau,2012,GNB,0.0,0.0,0.0,0.0
Guinea-Bissau,2013,GNB,0.0,0.0,0.0,0.0
Guinea-Bissau,2014,GNB,0.0,0.0,0.0,0.0
Guinea-Bissau,2015,GNB,0.0,0.0,0.0,0.0
Guinea-Bissau,2016,GNB,0.0,0.0,0.0,0.0
Guinea-Bissau,2017,GNB,0.0,0.0,0.0,0.0
Guinea-Bissau,2018,GNB,0.0,0.0,0.0,0.0
Guinea-Bissau,2019,GNB,0.0,0.0,0.0,0.0
Guinea-Bissau,2020,GNB,0.0,0.0,0.0,0.0
Guinea-Bissau,2021,GNB,0.0,0.0,0.0,0.0
Guinea-Bissau,2022,GNB,0.0,0.0,0.0,0.0
Guinea-Bissau,2023,GNB,0.0,0.0,0.0,0.0
Guinea-Bissau,2024,GNB,0.0,0.0,0.0,0.0
Guyana,2000,GUY,0.01,1.111,0.0,0.0
Guyana,2001,GUY,0.01,1.087,0.0,0.0
Guyana,2002,GUY,0.01,1.087,0.0,0.0
Guyana,2003,GUY,0.01,1.22,0.0,0.0
Guyana,2004,GUY,0.01,1.163,0.0,0.0
Guyana,2005,GUY,0.01,1.538,0.0,0.0
Guyana,2006,GUY,0.01,1.515,0.0,0.0
Guyana,2007,GUY,0.01,1.429,0.0,0.0
Guyana,2008,GUY,0.01,1.408,0.0,0.0
Guyana,2009,GUY,0.01,1.205,0.0,0.0
Guyana,2010,GUY,0.04,4.444,0.0,0.0
Guyana,2011,GUY,0.05,5.263,0.0,0.0
Guyana,2012,GUY,0.04,4.167,0.0,0.0
Guyana,2013,GUY,0.04,4.082,0.0,0.0
Guyana,2014,GUY,0.04,4.0,0.0,0.0
Guyana,2015,GUY,0.04,3.96,0.0,0.0
Guyana,2016,GUY,0.04,3.636,0.0,0.0
Guyana,2017,GUY,0.04,3.571,0.01,0.0
Guyana,2018,GUY,0.03,2.632,0.01,0.0
Guyana,2019,GUY,0.04,3.478,0.02,0.0
Guyana,2020,GUY,0.03,2.632,0.01,0.0
Guyana,2021,GUY,0.04,3.509,0.01,0.0
Guyana,2022,GUY,0.03,2.344,0.01,0.0
Guyana,2023,GUY,0.04,2.899,0.02,0.0
Guyana,2024,GUY,0.04,2.899,0.02,0.0
Haiti,2000,HTI,0.28,51.852,0.0,0.0
Haiti,2001,HTI,0.28,47.458,0.0,0.0
Haiti,2002,HTI,0.26,47.273,0.0,0.0
Haiti,2003,HTI,0.25,47.17,0.0,0.0
Haiti,2004,HTI,0.26,47.273,0.0,0.0
Haiti,2005,HTI,0.26,47.273,0.0,0.0
Haiti,2006,HTI,0.27,47.368,0.0,0.0
Haiti,2007,HTI,0.15,32.609,0.0,0.0
Haiti,2008,HTI,0.18,36.735,0.0,0.0
Haiti,2009,HTI,0.2,28.169,0.0,0.0
Haiti,2010,HTI,0.17,25.0,0.0,0.0
Haiti,2011,HTI,0.12,12.121,0.0,0.0
Haiti,2012,HTI,0.22,20.0,0.0,0.0
Haiti,2013,HTI,0.14,13.333,0.0,0.0
Haiti,2014,HTI,0.09,8.738,0.0,0.0
Haiti,2015,HTI,0.08,7.767,0.0,0.0
Haiti,2016,HTI,0.07,6.481,0.0,0.0
Haiti,2017,HTI,0.13,12.264,0.0,0.0
Haiti,2018,HTI,0.19,18.269,0.0,0.0
Haiti,2019,HTI,0.17,16.038,0.0,0.0
Haiti,2020,HTI,0.14,13.725,0.0,0.0
Haiti,2021,HTI,0.13,12.621,0.0,0.0
Haiti,2022,HTI,0.19,18.812,0.0,0.0
Haiti,2023,HTI,0.19,22.353,0.0,0.0
Haiti,2024,HTI,0.16,18.605,0.0,0.0
Honduras,2000,HND,2.25,61.813,0.0,0.0
Honduras,2001,HND,1.94,49.616,0.0,0.0
Honduras,2002,HND,1.69,40.723,0.0,0.0
Honduras,2003,HND,1.92,41.026,0.0,0.0
Honduras,2004,HND,1.76,34.109,0.0,0.0
Honduras,2005,HND,1.83,33.092,0.0,0.0
Honduras,2006,HND,2.19,36.745,0.0,0.0
Honduras,2007,HND,2.36,37.52,0.0,0.0
Honduras,2008,HND,2.47,38.117,0.0,0.0
Honduras,2009,HND,3.25,47.376,0.0,0.0
Honduras,2010,HND,3.5,48.611,0.0,0.0
Honduras,2011,HND,3.44,46.051,0.0,0.12
Honduras,2012,HND,3.64,46.429,0.0,0.34
Honduras,2013,HND,3.62,44.093,0.0,0.31
Honduras,2014,HND,3.37,40.602,0.01,0.4
Honduras,2015,HND,3.97,44.062,0.44,0.67
Honduras,2016,HND,4.47,48.065,0.89,0.58
Honduras,2017,HND,5.38,57.356,0.93,0.58
Honduras,2018,HND,6.1,62.822,1.0,0.93
Honduras,2019,HND,5.64,52.908,1.12,0.82
Honduras,2020,HND,5.54,54.635,1.11,0.71
Honduras,2021,HND,6.83,61.421,1.14,0.77
Honduras,2022,HND,6.76,59.665,1.04,0.69
Honduras,2023,HND,6.79,54.363,1.04,0.69
Honduras,2024,HND,6.92,55.449,1.18,0.75
Hong Kong,1965,HKG,0.0,,0.0,0.0
Hong Kong,1966,HKG,0.0,,0.0,0.0
Hong Kong,1967,HKG,0.0,,0.0,0.0
Hong Kong,1968,HKG,0.0,,0.0,0.0
Hong Kong,1969,HKG,0.0,,0.0,0.0
Hong Kong,1970,HKG,0.0,,0.0,0.0
Hong Kong,1971,HKG,0.0,,0.0,0.0
Hong Kong,1972,HKG,0.0,,0.0,0.0
Hong Kong,1973,HKG,0.0,,0.0,0.0
Hong Kong,1974,HKG,0.0,,0.0,0.0
Hong Kong,1975,HKG,0.0,,0.0,0.0
Hong Kong,1976,HKG,0.0,,0.0,0.0
Hong Kong,1977,HKG,0.0,,0.0,0.0
Hong Kong,1978,HKG,0.0,,0.0,0.0
Hong Kong,1979,HKG,0.0,,0.0,0.0
Hong Kong,1980,HKG,0.0,,0.0,0.0
Hong Kong,1981,HKG,0.0,,0.0,0.0
Hong Kong,1982,HKG,0.0,,0.0,0.0
Hong Kong,1983,HKG,0.0,,0.0,0.0
Hong Kong,1984,HKG,0.0,,0.0,0.0
Hong Kong,1985,HKG,0.0,0.0,0.0,0.0
Hong Kong,1986,HKG,0.0,0.0,0.0,0.0
Hong Kong,1987,HKG,0.0,0.0,0.0,0.0
Hong Kong,1988,HKG,0.0,0.0,0.0,0.0
Hong Kong,1989,HKG,0.0,0.0,0.0,0.0
Hong Kong,1990,HKG,0.0,0.0,0.0,0.0
Hong Kong,1991,HKG,0.0,0.0,0.0,0.0
Hong Kong,1992,HKG,0.0,0.0,0.0,0.0
Hong Kong,1993,HKG,0.0,0.0,0.0,0.0
Hong Kong,1994,HKG,0.0,0.0,0.0,0.0
Hong Kong,1995,HKG,0.0,0.0,0.0,0.0
Hong Kong,1996,HKG,0.0,0.0,0.0,0.0
Hong Kong,1997,HKG,0.0,0.0,0.0,0.0
Hong Kong,1998,HKG,0.0,0.0,0.0,0.0
Hong Kong,1999,HKG,0.0,0.0,0.0,0.0
Hong Kong,2000,HKG,0.0,0.0,0.0,0.0
Hong Kong,2001,HKG,0.0,0.0,0.0,0.0
Hong Kong,2002,HKG,0.0,0.0,0.0,0.0
Hong Kong,2003,HKG,0.0,0.0,0.0,0.0
Hong Kong,2004,HKG,0.0,0.0,0.0,0.0
Hong Kong,2005,HKG,0.0,0.0,0.0,0.0
Hong Kong,2006,HKG,0.0,0.0,0.0,0.0
Hong Kong,2007,HKG,0.0,0.0,0.0,0.0
Hong Kong,2008,HKG,0.0,0.0,0.0,0.0
Hong Kong,2009,HKG,0.0,0.0,0.0,0.0
Hong Kong,2010,HKG,0.04,0.105,0.0,0.0
Hong Kong,2011,HKG,0.04,0.103,0.0,0.0
Hong Kong,2012,HKG,0.04,0.104,0.0,0.0
Hong Kong,2013,HKG,0.04,0.103,0.0,0.0
Hong Kong,2014,HKG,0.04,0.101,0.0,0.0
Hong Kong,2015,HKG,0.07,0.185,0.0,0.0
Hong Kong,2016,HKG,0.14,0.367,0.0,0.0
Hong Kong,2017,HKG,0.15,0.406,0.01,0.0
Hong Kong,2018,HKG,0.15,0.41,0.01,0.0
Hong Kong,2019,HKG,0.16,0.433,0.02,0.0
Hong Kong,2020,HKG,0.19,0.553,0.05,0.0
Hong Kong,2021,HKG,0.26,0.718,0.12,0.0
Hong Kong,2022,HKG,0.33,0.914,0.18,0.0
Hong Kong,2023,HKG,0.36,0.954,0.2,0.0
Hong Kong,2024,HKG,0.39,1.042,0.23,0.0
Hungary,1965,HUN,0.075,,0.0,0.0
Hungary,1966,HUN,0.1,,0.0,0.0
Hungary,1967,HUN,0.082,,0.0,0.0
Hungary,1968,HUN,0.089,,0.0,0.0
Hungary,1969,HUN,0.095,,0.0,0.0
Hungary,1970,HUN,0.088,,0.0,0.0
Hungary,1971,HUN,0.096,,0.0,0.0
Hungary,1972,HUN,0.11,,0.0,0.0
Hungary,1973,HUN,0.101,,0.0,0.0
Hungary,1974,HUN,0.081,,0.0,0.0
Hungary,1975,HUN,0.163,,0.0,0.0
Hungary,1976,HUN,0.165,,0.0,0.0
Hungary,1977,HUN,0.149,,0.0,0.0
Hungary,1978,HUN,0.138,,0.0,0.0
Hungary,1979,HUN,0.146,,0.0,0.0
Hungary,1980,HUN,0.112,,0.0,0.0
Hungary,1981,HUN,0.168,,0.0,0.0
Hungary,1982,HUN,0.159,,0.0,0.0
Hungary,1983,HUN,0.155,,0.0,0.0
Hungary,1984,HUN,0.181,,0.0,0.0
Hungary,1985,HUN,0.155,0.578,0.0,0.0
Hungary,1986,HUN,0.154,0.549,0.0,0.0
Hungary,1987,HUN,0.169,0.568,0.0,0.0
Hungary,1988,HUN,0.169,0.578,0.0,0.0
Hungary,1989,HUN,0.158,0.534,0.0,0.0
Hungary,1990,HUN,0.2,0.703,0.0,0.0
Hungary,1991,HUN,0.21,0.701,0.0,0.0
Hungary,1992,HUN,0.21,0.663,0.0,0.0
Hungary,1993,HUN,0.21,0.638,0.0,0.0
Hungary,1994,HUN,0.21,0.626,0.0,0.0
Hungary,1995,HUN,0.22,0.647,0.0,0.0
Hungary,1996,HUN,0.26,0.741,0.0,0.0
Hungary,1997,HUN,0.27,0.763,0.0,0.0
Hungary,1998,HUN,0.22,0.591,0.0,0.0
Hungary,1999,HUN,0.24,0.634,0.0,0.0
Hungary,2001,HUN,0.26,0.714,0.0,0.0
Hungary,2002,HUN,0.23,0.636,0.0,0.0
Hungary,2003,HUN,0.33,0.967,0.0,0.0
Hungary,2004,HUN,0.94,2.788,0.0,0.01
Hungary,2005,HUN,1.87,5.231,0.0,0.01
Hungary,2006,HUN,1.49,4.156,0.0,0.04
Hungary,2007,HUN,1.88,4.705,0.0,0.11
Hungary,2008,HUN,2.35,5.872,0.0,0.2
Hungary,2009,HUN,2.89,8.048,0.0,0.33
Hungary,2010,HUN,3.02,8.084,0.0,0.53
Hungary,2011,HUN,2.71,7.524,0.0,0.63
Hungary,2012,HUN,2.64,7.626,0.01,0.77
Hungary,2013,HUN,2.78,9.184,0.02,0.72
Hungary,2014,HUN,3.16,10.752,0.07,0.66
Hungary,2015,HUN,3.22,10.617,0.14,0.69
Hungary,2016,HUN,3.25,10.194,0.24,0.68
Hungary,2017,HUN,3.48,10.571,0.35,0.76
Hungary,2018,HUN,3.77,11.763,0.63,0.61
Hungary,2019,HUN,4.7,13.711,1.5,0.73
Hungary,2020,HUN,5.52,15.808,2.46,0.65
Hungary,2021,HUN,6.91,19.141,3.8,0.66
Hungary,2022,HUN,7.66,21.409,4.73,0.61
Hungary,2023,HUN,9.38,26.393,6.93,0.65
Hungary,2024,HUN,11.96,31.474,9.2,0.69
Hungary,2025,HUN,14.21,35.313,10.98,0.6
Iceland,1965,ISL,0.641,,0.0,0.0
Iceland,1966,ISL,0.624,,0.0,0.0
Iceland,1967,ISL,0.664,,0.0,0.0
Iceland,1968,ISL,0.687,,0.0,0.0
Iceland,1969,ISL,0.862,,0.0,0.0
Iceland,1970,ISL,1.425,,0.0,0.0
Iceland,1971,ISL,1.552,,0.0,0.0
Iceland,1972,ISL,1.724,,0.0,0.0
Iceland,1973,ISL,2.205,,0.0,0.0
Iceland,1974,ISL,2.264,,0.0,0.0
Iceland,1975,ISL,2.224,,0.0,0.0
Iceland,1976,ISL,2.369,,0.0,0.0
Iceland,1977,ISL,2.536,,0.0,0.0
Iceland,1978,ISL,2.623,,0.0,0.0
Iceland,1979,ISL,2.865,,0.0,0.0
Iceland,1980,ISL,3.098,,0.0,0.0
Iceland,1981,ISL,3.208,,0.0,0.0
Iceland,1982,ISL,3.566,,0.0,0.0
Iceland,1983,ISL,3.76,,0.0,0.0
Iceland,1984,ISL,3.911,,0.0,0.0
Iceland,1985,ISL,3.834,99.915,0.0,0.0
Iceland,1986,ISL,4.054,99.909,0.0,0.0
Iceland,1987,ISL,4.148,99.906,0.0,0.0
Iceland,1988,ISL,4.41,99.856,0.0,0.0
Iceland,1989,ISL,4.471,99.899,0.0,0.0
Iceland,1990,ISL,4.437,99.761,0.0,0.0
Iceland,1991,ISL,4.421,99.898,0.0,0.0
Iceland,1992,ISL,4.534,99.893,0.0,0.0
Iceland,1993,ISL,4.715,99.873,0.0,0.0
Iceland,1994,ISL,4.768,99.893,0.0,0.0
Iceland,1995,ISL,4.965,99.789,0.0,0.0
Iceland,1996,ISL,5.105,99.879,0.0,0.0
Iceland,1997,ISL,5.574,99.908,0.0,0.0
Iceland,1998,ISL,6.268,99.902,0.0,0.0
Iceland,1999,ISL,7.178,99.91,0.0,0.0
Iceland,2000,ISL,7.61,100.0,0.0,0.0
Iceland,2001,ISL,7.96,100.0,0.0,0.0
Iceland,2002,ISL,8.34,99.88,0.0,0.0
Iceland,2003,ISL,8.43,99.882,0.0,0.0
Iceland,2004,ISL,8.54,100.0,0.0,0.0
Iceland,2005,ISL,8.61,100.0,0.0,0.0
Iceland,2006,ISL,9.85,100.0,0.0,0.0
Iceland,2007,ISL,11.89,100.0,0.0,0.0
Iceland,2008,ISL,16.34,100.0,0.0,0.0
Iceland,2009,ISL,16.71,100.0,0.0,0.0
Iceland,2010,ISL,16.74,100.0,0.0,0.0
Iceland,2011,ISL,16.85,100.0,0.0,0.0
Iceland,2012,ISL,17.29,100.0,0.0,0.0
Iceland,2013,ISL,17.99,100.0,0.0,0.0
Iceland,2014,ISL,17.8,100.0,0.0,0.01
Iceland,2015,ISL,18.55,100.0,0.0,0.01
Iceland,2016,ISL,18.17,100.0,0.0,0.01
Iceland,2017,ISL,19.07,100.0,0.0,0.01
Iceland,2018,ISL,19.69,100.0,0.0,0.0
Iceland,2019,ISL,19.36,100.0,0.0,0.01
Iceland,2020,ISL,18.89,100.0,0.0,0.01
Iceland,2021,ISL,19.39,100.0,0.0,0.01
Iceland,2022,ISL,19.87,100.0,0.0,0.01
Iceland,2023,ISL,19.81,100.0,0.0,0.01
Iceland,2024,ISL,19.05,100.0,0.01,0.01
India,1965,IND,19.167,,0.0,0.0
India,1966,IND,20.015,,0.0,0.0
India,1967,IND,22.398,,0.0,0.0
India,1968,IND,25.849,,0.0,0.0
India,1969,IND,28.7,,0.0,0.0
India,1970,IND,30.436,,0.0,0.0
India,1971,IND,33.384,,0.0,0.0
India,1972,IND,32.403,,0.0,0.0
India,1973,IND,34.507,,0.0,0.0
India,1974,IND,33.203,,0.0,0.0
India,1975,IND,39.669,,0.0,0.0
India,1976,IND,41.498,,0.0,0.0
India,1977,IND,45.277,,0.0,0.0
India,1978,IND,56.175,,0.0,0.0
India,1979,IND,54.169,,0.0,0.0
India,1980,IND,55.441,,0.0,0.0
India,1981,IND,59.083,,0.0,0.0
India,1982,IND,49.86,,0.0,0.0
India,1983,IND,48.043,,0.0,0.0
India,1984,IND,53.682,,0.0,0.0
India,1985,IND,51.813,27.799,0.0,0.0
India,1986,IND,52.569,25.937,0.0,0.0
India,1987,IND,48.963,21.891,0.0,0.0
India,1988,IND,54.615,22.633,0.0,0.0
India,1989,IND,63.37,23.26,0.0,0.0
India,1990,IND,66.465,23.097,0.0,0.03
India,1991,IND,74.127,23.132,0.0,0.113
India,1992,IND,70.269,20.842,0.0,0.088
India,1993,IND,71.079,19.626,0.0,0.095
India,1994,IND,80.784,20.822,0.0,0.191
India,1995,IND,76.982,18.022,0.001,0.496
India,1996,IND,70.698,15.952,0.006,0.878
India,1997,IND,72.187,15.387,0.006,0.988
India,1998,IND,86.01,17.029,0.006,1.079
India,1999,IND,85.388,15.6,0.006,1.446
India,2000,IND,80.27,14.048,0.01,1.58
India,2001,IND,76.19,13.0,0.01,2.09
India,2002,IND,72.78,11.938,0.01,2.09
India,2003,IND,74.63,11.695,0.02,2.6
India,2004,IND,109.2,15.638,0.02,5.23
India,2005,IND,107.47,15.254,0.02,5.99
India,2006,IND,127.56,17.135,0.01,9.34
India,2007,IND,141.75,17.802,0.06,11.68
India,2008,IND,138.91,16.768,0.06,14.38
India,2009,IND,133.25,15.166,0.08,16.27
India,2010,IND,141.53,15.114,0.11,19.46
India,2011,IND,171.94,16.656,0.83,23.95
India,2012,IND,161.83,14.868,2.1,27.43
India,2013,IND,182.99,16.034,3.43,30.01
India,2014,IND,198.5,15.77,4.91,33.45
India,2015,IND,191.67,14.625,7.09,32.74
India,2016,IND,201.4,14.438,12.2,43.45
India,2017,IND,225.96,15.451,22.36,52.63
India,2018,IND,256.08,16.294,37.45,60.31
India,2019,IND,282.04,17.617,37.45,63.31
India,2020,IND,297.16,19.007,52.91,60.43
India,2021,IND,315.45,18.791,65.59,68.09
India,2022,IND,364.35,20.19,95.92,70.05
India,2023,IND,369.97,19.287,115.42,82.11
India,2024,IND,403.39,19.808,143.07,81.54
India,2025,IND,500.98,24.067,195.99,103.98
Indonesia,1965,IDN,1.825,,0.0,0.0
Indonesia,1966,IDN,2.373,,0.0,0.0
Indonesia,1967,IDN,2.665,,0.0,0.0
Indonesia,1968,IDN,3.292,,0.0,0.0
Indonesia,1969,IDN,3.443,,0.0,0.0
Indonesia,1970,IDN,4.185,,0.0,0.0
Indonesia,1971,IDN,1.379,,0.0,0.0
Indonesia,1972,IDN,1.233,,0.0,0.0
Indonesia,1973,IDN,1.556,,0.0,0.0
Indonesia,1974,IDN,1.724,,0.0,0.0
Indonesia,1975,IDN,1.808,,0.0,0.0
Indonesia,1976,IDN,1.061,,0.0,0.0
Indonesia,1977,IDN,1.763,,0.0,0.0
Indonesia,1978,IDN,1.26,,0.0,0.0
Indonesia,1979,IDN,1.401,,0.0,0.0
Indonesia,1980,IDN,1.268,,0.0,0.0
Indonesia,1981,IDN,1.264,,0.0,0.0
Indonesia,1982,IDN,1.379,,0.0,0.0
Indonesia,1983,IDN,2.073,,0.0,0.0
Indonesia,1984,IDN,2.263,,0.0,0.0
Indonesia,1985,IDN,2.767,16.901,0.0,0.0
Indonesia,1986,IDN,4.455,24.191,0.0,0.0
Indonesia,1987,IDN,4.583,22.118,0.0,0.0
Indonesia,1988,IDN,5.034,20.291,0.0,0.0
Indonesia,1989,IDN,6.28,22.045,0.0,0.0
Indonesia,1990,IDN,7.62,23.01,0.0,0.0
Indonesia,1991,IDN,8.461,22.205,0.0,0.0
Indonesia,1992,IDN,10.731,26.639,0.0,0.0
Indonesia,1993,IDN,9.983,25.142,0.0,0.0
Indonesia,1994,IDN,9.587,20.873,0.0,0.0
Indonesia,1995,IDN,10.506,19.412,0.0,0.0
Indonesia,1996,IDN,11.167,18.97,0.0,0.0
Indonesia,1997,IDN,8.594,12.157,0.0,0.0
Indonesia,1998,IDN,13.65,17.798,0.0,0.0
Indonesia,1999,IDN,14.321,17.054,0.0,0.0
Indonesia,2000,IDN,19.6,19.992,0.0,0.0
Indonesia,2001,IDN,22.19,20.902,0.0,0.0
Indonesia,2002,IDN,21.0,18.577,0.0,0.0
Indonesia,2003,IDN,19.82,16.884,0.0,0.0
Indonesia,2004,IDN,20.97,16.806,0.0,0.0
Indonesia,2005,IDN,22.66,17.052,0.0,0.0
Indonesia,2006,IDN,21.18,15.348,0.0,0.0
Indonesia,2007,IDN,24.29,16.368,0.0,0.0
Indonesia,2008,IDN,26.34,16.895,0.0,0.0
Indonesia,2009,IDN,26.79,16.449,0.0,0.0
Indonesia,2010,IDN,34.63,19.503,0.0,0.0
Indonesia,2011,IDN,30.46,15.875,0.0,0.0
Indonesia,2012,IDN,31.11,14.888,0.0,0.0
Indonesia,2013,IDN,35.5,15.765,0.01,0.0
Indonesia,2014,IDN,34.41,14.486,0.01,0.0
Indonesia,2015,IDN,33.56,13.795,0.01,0.0
Indonesia,2016,IDN,39.58,15.368,0.02,0.01
Indonesia,2017,IDN,43.19,16.247,0.03,0.0
Indonesia,2018,IDN,48.38,17.048,0.09,0.19
Indonesia,2019,IDN,48.04,16.26,0.12,0.48
Indonesia,2020,IDN,52.89,18.124,0.17,0.47
Indonesia,2021,IDN,56.2,18.167,0.19,0.44
Indonesia,2022,IDN,65.41,19.611,0.44,0.36
Indonesia,2023,IDN,65.2,18.597,0.71,0.48
Indonesia,2024,IDN,67.21,18.09,1.35,0.47
Iran,1965,IRN,1.719,,0.0,0.0
Iran,1966,IRN,1.847,,0.0,0.0
Iran,1967,IRN,1.989,,0.0,0.0
Iran,1968,IRN,2.139,,0.0,0.0
Iran,1969,IRN,2.303,,0.0,0.0
Iran,1970,IRN,2.479,,0.0,0.0
Iran,1971,IRN,2.665,,0.0,0.0
Iran,1972,IRN,3.5,,0.0,0.0
Iran,1973,IRN,2.965,,0.0,0.0
Iran,1974,IRN,3.266,,0.0,0.0
Iran,1975,IRN,3.429,,0.0,0.0
Iran,1976,IRN,3.836,,0.0,0.0
Iran,1977,IRN,3.964,,0.0,0.0
Iran,1978,IRN,6.209,,0.0,0.0
Iran,1979,IRN,5.383,,0.0,0.0
Iran,1980,IRN,5.582,,0.0,0.0
Iran,1981,IRN,6.094,,0.0,0.0
Iran,1982,IRN,6.395,,0.0,0.0
Iran,1983,IRN,6.258,,0.0,0.0
Iran,1984,IRN,5.851,,0.0,0.0
Iran,1985,IRN,5.899,15.159,0.0,0.0
Iran,1986,IRN,7.05,16.712,0.0,0.0
Iran,1987,IRN,7.816,17.345,0.0,0.0
Iran,1988,IRN,8.246,17.556,0.0,0.0
Iran,1989,IRN,6.732,13.089,0.0,0.0
Iran,1990,IRN,7.381,12.802,0.0,0.0
Iran,1991,IRN,5.607,8.926,0.0,0.0
Iran,1992,IRN,9.204,13.701,0.0,0.0
Iran,1993,IRN,10.533,14.103,0.0,0.0
Iran,1994,IRN,6.896,8.513,0.0,0.0
Iran,1995,IRN,8.323,9.867,0.0,0.0
Iran,1996,IRN,8.814,9.822,0.0,0.0
Iran,1997,IRN,5.941,6.126,0.0,0.0
Iran,1998,IRN,7.488,7.314,0.0,0.0
Iran,1999,IRN,5.178,4.704,0.0,0.035
Iran,2000,IRN,3.82,3.201,0.0,0.04
Iran,2001,IRN,4.15,3.253,0.0,0.03
Iran,2002,IRN,8.04,5.816,0.0,0.03
Iran,2003,IRN,9.62,6.344,0.0,0.03
Iran,2004,IRN,11.98,7.361,0.0,0.05
Iran,2005,IRN,14.52,8.2,0.0,0.07
Iran,2006,IRN,18.64,9.637,0.0,0.13
Iran,2007,IRN,18.1,8.911,0.0,0.14
Iran,2008,IRN,7.64,3.63,0.0,0.2
Iran,2009,IRN,6.95,3.133,0.0,0.23
Iran,2010,IRN,10.43,4.425,0.0,0.17
Iran,2011,IRN,10.91,4.631,0.0,0.21
Iran,2012,IRN,12.8,5.146,0.0,0.28
Iran,2013,IRN,14.86,5.741,0.0,0.22
Iran,2014,IRN,14.75,5.351,0.0,0.2
Iran,2015,IRN,13.41,4.785,0.0,0.14
Iran,2016,IRN,15.6,5.452,0.0,0.16
Iran,2017,IRN,17.66,5.787,0.09,0.32
Iran,2018,IRN,10.83,3.467,0.22,0.75
Iran,2019,IRN,35.11,11.01,0.51,0.72
Iran,2020,IRN,24.93,7.393,0.58,1.13
Iran,2021,IRN,15.6,4.377,0.62,1.13
Iran,2022,IRN,15.77,4.296,0.62,1.13
Iran,2023,IRN,24.73,6.473,0.68,1.21
Iran,2024,IRN,21.05,5.318,0.9,1.25
Iran,2025,IRN,15.21,3.843,0.9,1.25
Iraq,1965,IRQ,0.071,,0.0,0.0
Iraq,1966,IRQ,0.093,,0.0,0.0
Iraq,1967,IRQ,0.106,,0.0,0.0
Iraq,1968,IRQ,0.128,,0.0,0.0
Iraq,1969,IRQ,0.141,,0.0,0.0
Iraq,1970,IRQ,0.172,,0.0,0.0
Iraq,1971,IRQ,0.2,,0.0,0.0
Iraq,1972,IRQ,0.2,,0.0,0.0
Iraq,1973,IRQ,0.29,,0.0,0.0
Iraq,1974,IRQ,0.4,,0.0,0.0
Iraq,1975,IRQ,0.461,,0.0,0.0
Iraq,1976,IRQ,0.459,,0.0,0.0
Iraq,1977,IRQ,0.566,,0.0,0.0
Iraq,1978,IRQ,0.708,,0.0,0.0
Iraq,1979,IRQ,1.032,,0.0,0.0
Iraq,1980,IRQ,0.69,,0.0,0.0
Iraq,1981,IRQ,0.61,,0.0,0.0
Iraq,1982,IRQ,0.6,,0.0,0.0
Iraq,1983,IRQ,0.6,,0.0,0.0
Iraq,1984,IRQ,0.61,,0.0,0.0
Iraq,1985,IRQ,0.61,2.909,0.0,0.0
Iraq,1986,IRQ,0.6,2.692,0.0,0.0
Iraq,1987,IRQ,2.6,11.55,0.0,0.0
Iraq,1988,IRQ,2.6,11.087,0.0,0.0
Iraq,1989,IRQ,2.6,10.897,0.0,0.0
Iraq,1990,IRQ,4.65,16.39,0.0,0.0
Iraq,1991,IRQ,2.145,16.058,0.0,0.0
Iraq,1992,IRQ,5.219,23.818,0.0,0.0
Iraq,1993,IRQ,6.162,22.746,0.0,0.0
Iraq,1994,IRQ,6.248,23.432,0.0,0.0
Iraq,1995,IRQ,7.12,26.869,0.0,0.0
Iraq,1996,IRQ,6.489,24.977,0.0,0.0
Iraq,1997,IRQ,6.608,24.756,0.0,0.0
Iraq,1998,IRQ,6.198,23.174,0.0,0.0
Iraq,1999,IRQ,3.559,14.397,0.0,0.0
Iraq,2000,IRQ,0.61,1.912,0.0,0.0
Iraq,2001,IRQ,0.62,1.922,0.0,0.0
Iraq,2002,IRQ,0.52,1.536,0.0,0.0
Iraq,2003,IRQ,0.43,1.518,0.0,0.0
Iraq,2004,IRQ,0.49,1.517,0.0,0.0
Iraq,2005,IRQ,6.0,19.737,0.0,0.0
Iraq,2006,IRQ,6.1,18.031,0.0,0.0
Iraq,2007,IRQ,5.74,17.268,0.0,0.0
Iraq,2008,IRQ,3.48,9.436,0.0,0.0
Iraq,2009,IRQ,3.23,8.534,0.0,0.0
Iraq,2010,IRQ,4.77,9.753,0.0,0.0
Iraq,2011,IRQ,3.4,6.308,0.0,0.0
Iraq,2012,IRQ,4.39,9.539,0.0,0.0
Iraq,2013,IRQ,4.81,8.166,0.05,0.0
Iraq,2014,IRQ,2.99,4.331,0.06,0.0
Iraq,2015,IRQ,2.61,3.695,0.06,0.0
Iraq,2016,IRQ,3.43,4.187,0.06,0.0
Iraq,2017,IRQ,2.24,2.394,0.06,0.0
Iraq,2018,IRQ,1.88,1.91,0.06,0.0
Iraq,2019,IRQ,5.02,4.357,0.06,0.0
Iraq,2020,IRQ,4.54,3.876,0.38,0.0
Iraq,2021,IRQ,3.73,3.096,0.38,0.0
Iraq,2022,IRQ,3.03,2.264,0.38,0.0
Iraq,2023,IRQ,1.76,1.214,0.38,0.0
Iraq,2024,IRQ,2.43,1.623,0.43,0.0
Ireland,1965,IRL,0.942,,0.0,0.0
Ireland,1966,IRL,0.849,,0.0,0.0
Ireland,1967,IRL,0.802,,0.0,0.0
Ireland,1968,IRL,0.768,,0.0,0.0
Ireland,1969,IRL,0.581,,0.0,0.0
Ireland,1970,IRL,0.802,,0.0,0.0
Ireland,1971,IRL,0.465,,0.0,0.0
Ireland,1972,IRL,0.686,,0.0,0.0
Ireland,1973,IRL,0.64,,0.0,0.0
Ireland,1974,IRL,0.791,,0.0,0.0
Ireland,1975,IRL,0.523,,0.0,0.0
Ireland,1976,IRL,0.593,,0.0,0.0
Ireland,1977,IRL,0.744,,0.0,0.0
Ireland,1978,IRL,0.698,,0.0,0.0
Ireland,1979,IRL,0.826,,0.0,0.0
Ireland,1980,IRL,0.837,,0.0,0.0
Ireland,1981,IRL,0.861,,0.0,0.0
Ireland,1982,IRL,0.802,,0.0,0.0
Ireland,1983,IRL,0.779,,0.0,0.0
Ireland,1984,IRL,0.686,,0.0,0.0
Ireland,1985,IRL,0.837,6.927,0.0,0.0
Ireland,1986,IRL,0.919,7.262,0.0,0.0
Ireland,1987,IRL,0.686,5.252,0.0,0.0
Ireland,1988,IRL,0.872,6.594,0.0,0.0
Ireland,1989,IRL,0.698,5.044,0.0,0.0
Ireland,1990,IRL,0.7,4.926,0.0,0.0
Ireland,1991,IRL,0.75,5.03,0.0,0.0
Ireland,1992,IRL,0.83,5.266,0.0,0.01
Ireland,1993,IRL,0.78,4.839,0.0,0.02
Ireland,1994,IRL,0.94,5.599,0.0,0.02
Ireland,1995,IRL,0.73,4.155,0.0,0.02
Ireland,1996,IRL,0.76,4.028,0.0,0.01
Ireland,1997,IRL,0.81,4.122,0.0,0.05
Ireland,1998,IRL,1.18,5.659,0.0,0.17
Ireland,1999,IRL,1.13,5.203,0.0,0.19
Ireland,2000,IRL,1.19,5.036,0.0,0.25
Ireland,2001,IRL,1.04,4.229,0.0,0.34
Ireland,2002,IRL,1.38,5.565,0.0,0.39
Ireland,2003,IRL,1.15,4.631,0.0,0.46
Ireland,2004,IRL,1.41,5.595,0.0,0.67
Ireland,2005,IRL,1.89,7.383,0.0,1.13
Ireland,2006,IRL,2.5,9.225,0.0,1.65
Ireland,2007,IRL,2.84,10.014,0.0,1.99
Ireland,2008,IRL,3.64,12.162,0.0,2.45
Ireland,2009,IRL,4.16,14.868,0.0,3.0
Ireland,2010,IRL,3.77,13.388,0.0,2.86
Ireland,2011,IRL,5.5,20.221,0.0,4.45
Ireland,2012,IRL,5.32,19.588,0.0,4.08
Ireland,2013,IRL,5.71,22.287,0.0,4.62
Ireland,2014,IRL,6.47,25.019,0.0,5.22
Ireland,2015,IRL,7.97,28.303,0.0,6.68
Ireland,2016,IRL,7.61,25.116,0.0,6.25
Ireland,2017,IRL,9.01,29.263,0.01,7.57
Ireland,2018,IRL,10.34,33.312,0.02,8.78
Ireland,2019,IRL,11.95,38.711,0.03,10.18
Ireland,2020,IRL,13.65,42.444,0.06,11.74
Ireland,2021,IRL,11.76,37.051,0.08,9.94
Ireland,2022,IRL,13.25,39.213,0.15,11.39
Ireland,2023,IRL,14.28,45.261,0.65,11.86
Ireland,2024,IRL,14.46,46.525,1.09,11.6
Ireland,2025,IRL,14.9,48.142,1.47,11.76
Israel,1965,ISR,0.0,,0.0,0.0
Israel,1966,ISR,0.0,,0.0,0.0
Israel,1967,ISR,0.0,,0.0,0.0
Israel,1968,ISR,0.0,,0.0,0.0
Israel,1969,ISR,0.0,,0.0,0.0
Israel,1970,ISR,0.0,,0.0,0.0
Israel,1971,ISR,0.0,,0.0,0.0
Israel,1972,ISR,0.0,,0.0,0.0
Israel,1973,ISR,0.0,,0.0,0.0
Israel,1974,ISR,0.0,,0.0,0.0
Israel,1975,ISR,0.0,,0.0,0.0
Israel,1976,ISR,0.0,,0.0,0.0
Israel,1977,ISR,0.0,,0.0,0.0
Israel,1978,ISR,0.0,,0.0,0.0
Israel,1979,ISR,0.0,,0.0,0.0
Israel,1980,ISR,0.0,,0.0,0.0
Israel,1981,ISR,0.002,,0.0,0.0
Israel,1982,ISR,0.002,,0.0,0.0
Israel,1983,ISR,0.001,,0.0,0.0
Israel,1984,ISR,0.002,,0.0,0.0
Israel,1985,ISR,0.002,0.013,0.0,0.0
Israel,1986,ISR,0.006,0.037,0.0,0.0
Israel,1987,ISR,0.01,0.057,0.0,0.0
Israel,1988,ISR,0.01,0.052,0.0,0.0
Israel,1989,ISR,0.003,0.015,0.0,0.0
Israel,1990,ISR,0.003,0.014,0.0,0.0
Israel,1991,ISR,0.006,0.028,0.0,0.0
Israel,1992,ISR,0.029,0.117,0.0,0.0
Israel,1993,ISR,0.026,0.1,0.0,0.0
Israel,1994,ISR,0.023,0.081,0.0,0.0
Israel,1995,ISR,0.025,0.082,0.0,0.0
Israel,1996,ISR,0.024,0.074,0.0,0.0
Israel,1997,ISR,0.025,0.071,0.0,0.0
Israel,1998,ISR,0.025,0.066,0.0,0.0
Israel,1999,ISR,0.033,0.084,0.0,0.0
Israel,2000,ISR,0.03,0.07,0.0,0.0
Israel,2001,ISR,0.02,0.046,0.0,0.01
Israel,2002,ISR,0.03,0.066,0.0,0.01
Israel,2003,ISR,0.04,0.085,0.0,0.01
Israel,2004,ISR,0.04,0.085,0.0,0.01
Israel,2005,ISR,0.04,0.082,0.0,0.01
Israel,2006,ISR,0.02,0.04,0.0,0.01
Israel,2007,ISR,0.02,0.037,0.0,0.01
Israel,2008,ISR,0.04,0.07,0.0,0.01
Israel,2009,ISR,0.09,0.164,0.02,0.01
Israel,2010,ISR,0.17,0.29,0.07,0.01
Israel,2011,ISR,0.3,0.503,0.19,0.01
Israel,2012,ISR,0.49,0.778,0.37,0.01
Israel,2013,ISR,0.57,0.93,0.49,0.01
Israel,2014,ISR,0.96,1.577,0.88,0.01
Israel,2015,ISR,1.22,1.899,1.12,0.01
Israel,2016,ISR,1.7,2.537,1.54,0.05
Israel,2017,ISR,1.69,2.506,1.51,0.18
Israel,2018,ISR,1.88,2.724,1.57,0.18
Israel,2019,ISR,3.51,4.827,3.21,0.19
Israel,2020,ISR,4.44,6.104,4.1,0.2
Israel,2021,ISR,5.82,7.852,5.52,0.18
Israel,2022,ISR,7.47,9.718,7.05,0.29
Israel,2023,ISR,9.13,11.791,8.56,0.46
Israel,2024,ISR,11.1,13.806,10.52,0.46
Israel,2025,ISR,13.9,16.931,13.28,0.46
Italy,1965,ITA,45.31,,0.0,0.0
Italy,1966,ITA,47.071,,0.0,0.0
Italy,1967,ITA,45.815,,0.0,0.0
Italy,1968,ITA,46.294,,0.0,0.0
Italy,1969,ITA,44.978,,0.0,0.0
Italy,1970,ITA,44.601,,0.0,0.0
Italy,1971,ITA,43.288,,0.0,0.0
Italy,1972,ITA,45.155,,0.0,0.0
Italy,1973,ITA,41.368,,0.0,0.0
Italy,1974,ITA,42.04,,0.0,0.0
Italy,1975,ITA,45.007,,0.0,0.0
Italy,1976,ITA,42.988,,0.0,0.0
Italy,1977,ITA,54.869,,0.0,0.0
Italy,1978,ITA,49.302,,0.0,0.0
Italy,1979,ITA,49.772,,0.0,0.0
Italy,1980,ITA,49.204,,0.0,0.0
Italy,1981,ITA,46.503,,0.0,0.0
Italy,1982,ITA,44.982,,0.0,0.0
Italy,1983,ITA,44.838,,0.0,0.0
Italy,1984,ITA,45.873,,0.0,0.0
Italy,1985,ITA,43.928,23.65,0.0,0.0
Italy,1986,ITA,44.121,22.94,0.0,0.0
Italy,1987,ITA,42.748,21.228,0.0,0.0
Italy,1988,ITA,44.015,21.623,0.0,0.0
Italy,1989,ITA,37.393,17.743,0.002,0.002
Italy,1990,ITA,34.9,16.373,0.0,0.0
Italy,1991,ITA,45.53,20.844,0.0,0.0
Italy,1992,ITA,45.77,20.554,0.01,0.0
Italy,1993,ITA,45.22,20.579,0.01,0.0
Italy,1994,ITA,48.25,21.093,0.01,0.01
Italy,1995,ITA,41.46,17.466,0.01,0.01
Italy,1996,ITA,46.22,19.307,0.01,0.03
Italy,1997,ITA,46.19,18.738,0.01,0.12
Italy,1998,ITA,46.48,18.324,0.02,0.23
Italy,1999,ITA,51.32,19.796,0.02,0.4
Italy,2000,ITA,50.87,18.845,0.02,0.56
Italy,2001,ITA,54.35,19.989,0.02,1.18
Italy,2002,ITA,48.31,17.407,0.02,1.4
Italy,2003,ITA,46.86,16.369,0.02,1.46
Italy,2004,ITA,53.87,18.341,0.03,1.84
Italy,2005,ITA,48.43,16.438,0.03,2.34
Italy,2006,ITA,50.64,16.57,0.04,2.97
Italy,2007,ITA,47.72,15.586,0.04,4.03
Italy,2008,ITA,58.16,18.667,0.19,4.86
Italy,2009,ITA,69.26,24.186,0.68,6.54
Italy,2010,ITA,76.97,25.948,1.91,9.12
Italy,2011,ITA,82.95,27.801,10.8,9.85
Italy,2012,ITA,92.22,31.235,18.86,13.41
Italy,2013,ITA,112.0,39.158,21.59,14.9
Italy,2014,ITA,120.68,43.641,22.31,15.18
Italy,2015,ITA,108.89,38.931,22.94,14.84
Italy,2016,ITA,108.01,37.772,22.1,17.69
Italy,2017,ITA,103.89,35.568,24.38,17.74
Italy,2018,ITA,114.41,39.995,22.65,17.72
Italy,2019,ITA,115.83,39.943,23.69,20.2
Italy,2020,ITA,116.9,42.231,24.94,18.76
Italy,2021,ITA,116.33,40.747,25.04,20.93
Italy,2022,ITA,100.46,35.857,28.12,20.49
Italy,2023,ITA,116.52,44.55,30.71,23.59
Italy,2024,ITA,134.24,50.172,35.99,22.22
Italy,2025,ITA,129.11,48.776,44.63,21.48
Jamaica,2000,JAM,0.31,4.579,0.0,0.0
Jamaica,2001,JAM,0.23,3.387,0.0,0.0
Jamaica,2002,JAM,0.15,2.155,0.0,0.0
Jamaica,2003,JAM,0.18,2.507,0.0,0.0
Jamaica,2004,JAM,0.23,3.172,0.0,0.03
Jamaica,2005,JAM,0.27,3.614,0.0,0.05
Jamaica,2006,JAM,0.28,3.733,0.0,0.05
Jamaica,2007,JAM,0.3,4.95,0.0,0.05
Jamaica,2008,JAM,0.26,6.147,0.0,0.05
Jamaica,2009,JAM,0.33,7.5,0.0,0.06
Jamaica,2010,JAM,0.33,7.639,0.0,0.05
Jamaica,2011,JAM,0.38,8.716,0.0,0.09
Jamaica,2012,JAM,0.44,10.209,0.0,0.11
Jamaica,2013,JAM,0.4,9.324,0.0,0.12
Jamaica,2014,JAM,0.42,9.859,0.01,0.12
Jamaica,2015,JAM,0.44,10.28,0.01,0.13
Jamaica,2016,JAM,0.55,12.249,0.01,0.21
Jamaica,2017,JAM,0.51,11.644,0.04,0.25
Jamaica,2018,JAM,0.58,14.646,0.05,0.3
Jamaica,2019,JAM,0.59,12.716,0.09,0.27
Jamaica,2020,JAM,0.59,13.785,0.12,0.28
Jamaica,2021,JAM,0.58,13.333,0.13,0.26
Jamaica,2022,JAM,0.58,12.918,0.13,0.27
Jamaica,2023,JAM,0.58,12.159,0.13,0.27
Jamaica,2024,JAM,0.62,12.602,0.15,0.29
Japan,1965,JPN,76.07,,0.0,0.0
Japan,1966,JPN,79.35,,0.0,0.0
Japan,1967,JPN,68.55,,0.0,0.0
Japan,1968,JPN,73.45,,0.0,0.0
Japan,1969,JPN,75.35,,0.0,0.0
Japan,1970,JPN,75.643,,0.0,0.0
Japan,1971,JPN,84.436,,0.0,0.0
Japan,1972,JPN,85.349,,0.0,0.0
Japan,1973,JPN,67.032,,0.0,0.0
Japan,1974,JPN,82.988,,0.0,0.0
Japan,1975,JPN,83.785,,0.0,0.0
Japan,1976,JPN,83.958,,0.0,0.0
Japan,1977,JPN,73.502,,0.0,0.0
Japan,1978,JPN,70.875,,0.0,0.0
Japan,1979,JPN,81.843,,0.0,0.0
Japan,1980,JPN,89.383,,0.0,0.0
Japan,1981,JPN,88.731,,0.0,0.0
Japan,1982,JPN,91.477,,0.0,0.0
Japan,1983,JPN,95.303,,0.0,0.0
Japan,1984,JPN,83.736,,0.0,0.0
Japan,1985,JPN,95.573,14.223,0.0,0.0
Japan,1986,JPN,94.619,13.989,0.0,0.0
Japan,1987,JPN,89.579,12.457,0.0,0.0
Japan,1988,JPN,106.278,14.1,0.0,0.0
Japan,1989,JPN,108.788,13.602,0.0,0.0
Japan,1990,JPN,98.236,11.144,0.001,0.0
Japan,1991,JPN,106.068,11.639,0.001,0.0
Japan,1992,JPN,91.907,10.025,0.01,0.0
Japan,1993,JPN,104.163,11.247,0.023,0.001
Japan,1994,JPN,77.964,7.919,0.029,0.001
Japan,1995,JPN,93.129,9.213,0.04,0.001
Japan,1996,JPN,92.477,8.98,0.054,0.002
Japan,1997,JPN,102.975,9.762,0.096,0.001
Japan,1998,JPN,105.402,9.947,0.143,0.007
Japan,1999,JPN,100.533,9.316,0.218,0.036
Japan,2000,JPN,101.03,9.187,0.34,0.11
Japan,2001,JPN,98.32,9.077,0.5,0.25
Japan,2002,JPN,98.64,8.942,0.69,0.41
Japan,2003,JPN,112.13,10.263,0.95,0.83
Japan,2004,JPN,112.43,10.028,1.27,1.44
Japan,2005,JPN,102.79,8.914,1.63,1.91
Japan,2006,JPN,114.47,9.831,2.0,2.13
Japan,2007,JPN,101.76,8.623,2.31,2.74
Japan,2008,JPN,101.98,8.615,2.59,2.94
Japan,2009,JPN,97.28,8.732,3.05,3.43
Japan,2010,JPN,118.24,10.228,3.98,3.93
Japan,2011,JPN,113.5,10.279,5.44,4.46
Japan,2012,JPN,111.33,10.058,7.37,4.73
Japan,2013,JPN,120.55,11.082,12.91,5.13
Japan,2014,JPN,133.9,12.6,23.55,5.01
Japan,2015,JPN,154.02,14.952,34.54,5.22
Japan,2016,JPN,151.77,14.268,43.33,5.34
Japan,2017,JPN,163.3,15.164,54.04,6.22
Japan,2018,JPN,175.34,16.191,61.22,7.37
Japan,2019,JPN,176.41,16.843,67.43,7.46
Japan,2020,JPN,193.03,19.092,75.92,8.41
Japan,2021,JPN,208.14,20.117,84.18,9.54
Japan,2022,JPN,213.19,20.488,91.07,9.42
Japan,2023,JPN,222.86,22.137,96.36,9.96
Japan,2024,JPN,233.11,22.935,96.7,11.54
Japan,2025,JPN,242.73,23.569,101.06,12.85
Jordan,2000,JOR,0.04,0.543,0.0,0.0
Jordan,2001,JOR,0.04,0.531,0.0,0.0
Jordan,2002,JOR,0.05,0.616,0.0,0.0
Jordan,2003,JOR,0.05,0.623,0.0,0.0
Jordan,2004,JOR,0.06,0.67,0.0,0.0
Jordan,2005,JOR,0.06,0.622,0.0,0.0
Jordan,2006,JOR,0.06,0.54,0.0,0.0
Jordan,2007,JOR,0.07,0.546,0.0,0.0
Jordan,2008,JOR,0.07,0.495,0.0,0.0
Jordan,2009,JOR,0.07,0.49,0.0,0.0
Jordan,2010,JOR,0.07,0.474,0.0,0.0
Jordan,2011,JOR,0.06,0.41,0.0,0.0
Jordan,2012,JOR,0.07,0.422,0.0,0.0
Jordan,2013,JOR,0.06,0.348,0.0,0.0
Jordan,2014,JOR,0.07,0.383,0.0,0.0
Jordan,2015,JOR,0.23,1.207,0.05,0.12
Jordan,2016,JOR,0.86,4.372,0.43,0.39
Jordan,2017,JOR,1.4,6.737,0.91,0.45
Jordan,2018,JOR,2.16,10.604,1.43,0.71
Jordan,2019,JOR,2.96,14.418,2.06,0.88
Jordan,2020,JOR,3.92,18.937,2.52,1.38
Jordan,2021,JOR,4.91,22.987,3.29,1.6
Jordan,2022,JOR,5.22,23.128,3.45,1.75
Jordan,2023,JOR,5.22,21.96,3.45,1.75
Jordan,2024,JOR,5.7,24.081,3.93,1.75
Kazakhstan,1985,KAZ,5.21,6.412,0.0,0.0
Kazakhstan,1986,KAZ,4.782,5.619,0.0,0.0
Kazakhstan,1987,KAZ,5.732,6.478,0.0,0.0
Kazakhstan,1988,KAZ,6.991,7.907,0.0,0.0
Kazakhstan,1989,KAZ,7.292,8.133,0.0,0.0
Kazakhstan,1990,KAZ,7.366,8.43,0.0,0.0
Kazakhstan,1991,KAZ,7.2,8.373,0.0,0.0
Kazakhstan,1992,KAZ,6.866,8.256,0.0,0.0
Kazakhstan,1993,KAZ,7.629,9.795,0.0,0.0
Kazakhstan,1994,KAZ,9.179,13.746,0.0,0.0
Kazakhstan,1995,KAZ,8.331,12.483,0.0,0.0
Kazakhstan,1996,KAZ,7.331,12.479,0.0,0.0
Kazakhstan,1997,KAZ,6.499,12.498,0.0,0.0
Kazakhstan,1998,KAZ,6.141,12.331,0.0,0.0
Kazakhstan,1999,KAZ,6.132,12.964,0.0,0.0
Kazakhstan,2000,KAZ,7.53,14.582,0.0,0.0
Kazakhstan,2001,KAZ,8.08,14.59,0.0,0.0
Kazakhstan,2002,KAZ,8.89,15.241,0.0,0.0
Kazakhstan,2003,KAZ,8.62,13.498,0.0,0.0
Kazakhstan,2004,KAZ,8.06,12.039,0.0,0.0
Kazakhstan,2005,KAZ,7.86,11.572,0.0,0.0
Kazakhstan,2006,KAZ,7.77,10.843,0.0,0.0
Kazakhstan,2007,KAZ,8.17,10.663,0.0,0.0
Kazakhstan,2008,KAZ,7.46,9.284,0.0,0.0
Kazakhstan,2009,KAZ,6.88,8.739,0.0,0.0
Kazakhstan,2010,KAZ,8.02,9.704,0.0,0.0
Kazakhstan,2011,KAZ,7.88,9.101,0.0,0.0
Kazakhstan,2012,KAZ,7.64,8.431,0.0,0.0
Kazakhstan,2013,KAZ,7.73,8.347,0.0,0.0
Kazakhstan,2014,KAZ,8.27,8.738,0.0,0.01
Kazakhstan,2015,KAZ,9.45,10.311,0.05,0.13
Kazakhstan,2016,KAZ,11.98,12.66,0.09,0.27
Kazakhstan,2017,KAZ,11.64,11.288,0.09,0.34
Kazakhstan,2018,KAZ,10.91,10.17,0.14,0.39
Kazakhstan,2019,KAZ,11.09,10.415,0.39,0.71
Kazakhstan,2020,KAZ,11.94,10.99,1.24,1.03
Kazakhstan,2021,KAZ,12.59,10.94,1.63,1.75
Kazakhstan,2022,KAZ,13.28,11.707,1.77,2.31
Kazakhstan,2023,KAZ,14.46,12.73,1.87,3.78
Kazakhstan,2024,KAZ,18.03,15.214,1.87,4.91
Kazakhstan,2025,KAZ,18.38,14.86,2.04,5.83
Kenya,2000,KEN,1.74,40.371,0.0,0.0
Kenya,2001,KEN,2.86,59.459,0.0,0.0
Kenya,2002,KEN,3.95,76.699,0.0,0.0
Kenya,2003,KEN,4.49,81.934,0.0,0.0
Kenya,2004,KEN,4.34,70.455,0.0,0.0
Kenya,2005,KEN,4.47,66.716,0.0,0.0
Kenya,2006,KEN,4.72,62.85,0.0,0.0
Kenya,2007,KEN,4.94,74.063,0.0,0.0
Kenya,2008,KEN,4.47,72.683,0.0,0.0
Kenya,2009,KEN,3.97,60.611,0.0,0.01
Kenya,2010,KEN,5.33,74.441,0.0,0.02
Kenya,2011,KEN,5.42,69.221,0.01,0.02
Kenya,2012,KEN,6.33,77.479,0.01,0.01
Kenya,2013,KEN,6.33,78.342,0.03,0.01
Kenya,2014,KEN,7.03,76.413,0.05,0.02
Kenya,2015,KEN,8.81,89.806,0.05,0.06
Kenya,2016,KEN,8.64,89.256,0.06,0.06
Kenya,2017,KEN,8.76,80.886,0.07,0.06
Kenya,2018,KEN,9.75,86.283,0.09,0.38
Kenya,2019,KEN,10.25,88.668,0.09,1.56
Kenya,2020,KEN,10.93,93.579,0.09,1.33
Kenya,2021,KEN,11.12,89.822,0.17,1.99
Kenya,2022,KEN,11.38,87.809,0.42,2.14
Kenya,2023,KEN,11.49,89.766,0.58,2.01
Kenya,2024,KEN,12.13,91.478,0.66,2.17
Kenya,2025,KEN,12.64,90.028,0.65,2.3
Kiribati,2000,KIR,0.0,0.0,0.0,0.0
Kiribati,2001,KIR,0.0,0.0,0.0,0.0
Kiribati,2002,KIR,0.0,0.0,0.0,0.0
Kiribati,2003,KIR,0.0,0.0,0.0,0.0
Kiribati,2004,KIR,0.0,0.0,0.0,0.0
Kiribati,2005,KIR,0.0,0.0,0.0,0.0
Kiribati,2006,KIR,0.0,0.0,0.0,0.0
Kiribati,2007,KIR,0.0,0.0,0.0,0.0
Kiribati,2008,KIR,0.0,0.0,0.0,0.0
Kiribati,2009,KIR,0.0,0.0,0.0,0.0
Kiribati,2010,KIR,0.0,0.0,0.0,0.0
Kiribati,2011,KIR,0.0,0.0,0.0,0.0
Kiribati,2012,KIR,0.0,0.0,0.0,0.0
Kiribati,2013,KIR,0.0,0.0,0.0,0.0
Kiribati,2014,KIR,0.0,0.0,0.0,0.0
Kiribati,2015,KIR,0.0,0.0,0.0,0.0
Kiribati,2016,KIR,0.0,0.0,0.0,0.0
Kiribati,2017,KIR,0.0,0.0,0.0,0.0
Kiribati,2018,KIR,0.0,0.0,0.0,0.0
Kiribati,2019,KIR,0.01,25.0,0.01,0.0
Kiribati,2020,KIR,0.01,25.0,0.01,0.0
Kiribati,2021,KIR,0.01,25.0,0.01,0.0
Kiribati,2022,KIR,0.01,25.0,0.01,0.0
Kiribati,2023,KIR,0.01,25.0,0.01,0.0
Kiribati,2024,KIR,0.01,25.0,0.01,0.0
Kuwait,1965,KWT,0.0,,0.0,0.0
Kuwait,1966,KWT,0.0,,0.0,0.0
Kuwait,1967,KWT,0.0,,0.0,0.0
Kuwait,1968,KWT,0.0,,0.0,0.0
Kuwait,1969,KWT,0.0,,0.0,0.0
Kuwait,1970,KWT,0.0,,0.0,0.0
Kuwait,1971,KWT,0.0,,0.0,0.0
Kuwait,1972,KWT,0.0,,0.0,0.0
Kuwait,1973,KWT,0.0,,0.0,0.0
Kuwait,1974,KWT,0.0,,0.0,0.0
Kuwait,1975,KWT,0.0,,0.0,0.0
Kuwait,1976,KWT,0.0,,0.0,0.0
Kuwait,1977,KWT,0.0,,0.0,0.0
Kuwait,1978,KWT,0.0,,0.0,0.0
Kuwait,1979,KWT,0.0,,0.0,0.0
Kuwait,1980,KWT,0.0,,0.0,0.0
Kuwait,1981,KWT,0.0,,0.0,0.0
Kuwait,1982,KWT,0.0,,0.0,0.0
Kuwait,1983,KWT,0.0,,0.0,0.0
Kuwait,1984,KWT,0.0,,0.0,0.0
Kuwait,1985,KWT,0.0,0.0,0.0,0.0
Kuwait,1986,KWT,0.0,0.0,0.0,0.0
Kuwait,1987,KWT,0.0,0.0,0.0,0.0
Kuwait,1988,KWT,0.0,0.0,0.0,0.0
Kuwait,1989,KWT,0.0,0.0,0.0,0.0
Kuwait,1990,KWT,0.0,0.0,0.0,0.0
Kuwait,1991,KWT,0.0,0.0,0.0,0.0
Kuwait,1992,KWT,0.0,0.0,0.0,0.0
Kuwait,1993,KWT,0.0,0.0,0.0,0.0
Kuwait,1994,KWT,0.0,0.0,0.0,0.0
Kuwait,1995,KWT,0.0,0.0,0.0,0.0
Kuwait,1996,KWT,0.0,0.0,0.0,0.0
Kuwait,1997,KWT,0.0,0.0,0.0,0.0
Kuwait,1998,KWT,0.0,0.0,0.0,0.0
Kuwait,1999,KWT,0.0,0.0,0.0,0.0
Kuwait,2000,KWT,0.0,0.0,0.0,0.0
Kuwait,2001,KWT,0.0,0.0,0.0,0.0
Kuwait,2002,KWT,0.0,0.0,0.0,0.0
Kuwait,2003,KWT,0.0,0.0,0.0,0.0
Kuwait,2004,KWT,0.0,0.0,0.0,0.0
Kuwait,2005,KWT,0.0,0.0,0.0,0.0
Kuwait,2006,KWT,0.0,0.0,0.0,0.0
Kuwait,2007,KWT,0.0,0.0,0.0,0.0
Kuwait,2008,KWT,0.0,0.0,0.0,0.0
Kuwait,2009,KWT,0.0,0.0,0.0,0.0
Kuwait,2010,KWT,0.0,0.0,0.0,0.0
Kuwait,2011,KWT,0.0,0.0,0.0,0.0
Kuwait,2012,KWT,0.0,0.0,0.0,0.0
Kuwait,2013,KWT,0.01,0.016,0.0,0.01
Kuwait,2014,KWT,0.01,0.015,0.0,0.01
Kuwait,2015,KWT,0.01,0.015,0.0,0.01
Kuwait,2016,KWT,0.02,0.029,0.01,0.01
Kuwait,2017,KWT,0.04,0.058,0.01,0.03
Kuwait,2018,KWT,0.09,0.121,0.05,0.04
Kuwait,2019,KWT,0.1,0.133,0.06,0.04
Kuwait,2020,KWT,0.09,0.121,0.06,0.03
Kuwait,2021,KWT,0.21,0.26,0.14,0.07
Kuwait,2022,KWT,1.9,2.228,0.18,1.72
Kuwait,2023,KWT,1.91,2.128,0.19,1.72
Kuwait,2024,KWT,2.07,2.238,0.21,1.86
Kuwait,2025,KWT,2.07,2.238,0.21,1.86
Kyrgyzstan,2000,KGZ,13.55,85.489,0.0,0.0
Kyrgyzstan,2001,KGZ,12.31,83.12,0.0,0.0
Kyrgyzstan,2002,KGZ,10.68,82.28,0.0,0.0
Kyrgyzstan,2003,KGZ,13.38,86.658,0.0,0.0
Kyrgyzstan,2004,KGZ,13.95,86.324,0.0,0.0
Kyrgyzstan,2005,KGZ,12.66,85.483,0.0,0.0
Kyrgyzstan,2006,KGZ,12.35,84.88,0.0,0.0
Kyrgyzstan,2007,KGZ,12.61,85.782,0.0,0.0
Kyrgyzstan,2008,KGZ,10.02,85.714,0.0,0.0
Kyrgyzstan,2009,KGZ,10.11,92.076,0.0,0.0
Kyrgyzstan,2010,KGZ,11.0,91.743,0.0,0.0
Kyrgyzstan,2011,KGZ,14.0,93.271,0.0,0.0
Kyrgyzstan,2012,KGZ,14.04,93.413,0.0,0.0
Kyrgyzstan,2013,KGZ,13.0,93.391,0.0,0.0
Kyrgyzstan,2014,KGZ,13.16,91.199,0.0,0.0
Kyrgyzstan,2015,KGZ,10.99,85.062,0.0,0.0
Kyrgyzstan,2016,KGZ,11.38,86.54,0.0,0.0
Kyrgyzstan,2017,KGZ,14.06,91.477,0.0,0.0
Kyrgyzstan,2018,KGZ,14.17,91.834,0.0,0.0
Kyrgyzstan,2019,KGZ,13.71,91.583,0.0,0.0
Kyrgyzstan,2020,KGZ,13.98,90.779,0.0,0.0
Kyrgyzstan,2021,KGZ,12.96,85.601,0.0,0.0
Kyrgyzstan,2022,KGZ,11.9,86.107,0.0,0.0
Kyrgyzstan,2023,KGZ,11.76,86.471,0.0,0.0
Kyrgyzstan,2024,KGZ,14.0,88.776,0.0,0.0
Kyrgyzstan,2025,KGZ,13.37,84.728,0.0,0.0
Laos,2000,LAO,3.28,89.863,0.0,0.0
Laos,2001,LAO,3.3,89.918,0.0,0.0
Laos,2002,LAO,3.21,89.916,0.0,0.0
Laos,2003,LAO,2.83,89.841,0.0,0.0
Laos,2004,LAO,3.0,100.0,0.0,0.0
Laos,2005,LAO,3.51,100.0,0.0,0.0
Laos,2006,LAO,3.6,100.0,0.0,0.0
Laos,2007,LAO,3.37,100.0,0.0,0.0
Laos,2008,LAO,3.72,100.0,0.0,0.0
Laos,2009,LAO,3.37,100.0,0.0,0.0
Laos,2010,LAO,8.36,100.0,0.0,0.0
Laos,2011,LAO,12.84,100.0,0.0,0.0
Laos,2012,LAO,12.93,100.0,0.0,0.0
Laos,2013,LAO,15.36,100.0,0.0,0.0
Laos,2014,LAO,15.12,100.0,0.0,0.0
Laos,2015,LAO,13.9,86.015,0.0,0.0
Laos,2016,LAO,17.53,68.772,0.0,0.0
Laos,2017,LAO,20.14,64.821,0.01,0.0
Laos,2018,LAO,22.4,65.078,0.02,0.0
Laos,2019,LAO,19.83,63.476,0.04,0.0
Laos,2020,LAO,28.61,71.597,0.04,0.0
Laos,2021,LAO,33.02,73.541,0.07,0.0
Laos,2022,LAO,38.86,76.136,0.08,0.0
Laos,2023,LAO,40.12,76.711,0.08,0.0
Laos,2024,LAO,40.13,76.716,0.09,0.0
Latvia,1985,LVA,2.979,60.042,0.0,0.0
Latvia,1986,LVA,3.001,57.885,0.0,0.0
Latvia,1987,LVA,3.699,62.305,0.0,0.0
Latvia,1988,LVA,3.001,58.724,0.0,0.0
Latvia,1989,LVA,3.606,62.166,0.0,0.0
Latvia,1990,LVA,4.5,67.669,0.0,0.0
Latvia,1991,LVA,3.28,58.053,0.0,0.0
Latvia,1992,LVA,2.52,65.625,0.0,0.0
Latvia,1993,LVA,2.88,73.282,0.0,0.0
Latvia,1994,LVA,3.31,74.55,0.0,0.0
Latvia,1995,LVA,2.94,73.684,0.0,0.0
Latvia,1996,LVA,1.86,59.615,0.0,0.0
Latvia,1997,LVA,2.95,65.41,0.0,0.0
Latvia,1998,LVA,4.32,74.483,0.0,0.0
Latvia,1999,LVA,2.76,67.153,0.0,0.0
Latvia,2000,LVA,2.82,68.116,0.0,0.0
Latvia,2001,LVA,2.83,66.276,0.0,0.0
Latvia,2002,LVA,2.48,62.469,0.0,0.01
Latvia,2003,LVA,2.34,58.942,0.0,0.05
Latvia,2004,LVA,3.2,68.23,0.0,0.05
Latvia,2005,LVA,3.42,69.512,0.0,0.05
Latvia,2006,LVA,2.79,57.055,0.0,0.05
Latvia,2007,LVA,2.82,59.244,0.0,0.05
Latvia,2008,LVA,3.21,60.911,0.0,0.06
Latvia,2009,LVA,3.56,63.914,0.0,0.05
Latvia,2010,LVA,3.64,54.902,0.0,0.05
Latvia,2011,LVA,3.08,50.575,0.0,0.07
Latvia,2012,LVA,4.11,66.613,0.0,0.11
Latvia,2013,LVA,3.53,56.935,0.0,0.12
Latvia,2014,LVA,2.8,54.475,0.0,0.14
Latvia,2015,LVA,2.78,50.181,0.0,0.15
Latvia,2016,LVA,3.48,54.206,0.0,0.13
Latvia,2017,LVA,5.46,72.51,0.0,0.15
Latvia,2018,LVA,3.49,51.935,0.0,0.12
Latvia,2019,LVA,3.19,49.534,0.0,0.15
Latvia,2020,LVA,3.64,63.636,0.0,0.18
Latvia,2021,LVA,3.72,63.59,0.01,0.14
Latvia,2022,LVA,3.82,75.944,0.08,0.19
Latvia,2023,LVA,4.96,77.743,0.24,0.27
Latvia,2024,LVA,4.65,73.46,0.54,0.28
Latvia,2025,LVA,4.58,73.046,0.82,0.22
Lebanon,2000,LBN,0.44,4.422,0.0,0.0
Lebanon,2001,LBN,0.33,3.317,0.0,0.0
Lebanon,2002,LBN,0.67,5.801,0.0,0.0
Lebanon,2003,LBN,1.35,10.441,0.0,0.0
Lebanon,2004,LBN,1.11,9.703,0.0,0.0
Lebanon,2005,LBN,1.04,8.866,0.0,0.0
Lebanon,2006,LBN,0.69,6.09,0.0,0.0
Lebanon,2007,LBN,0.58,5.487,0.0,0.0
Lebanon,2008,LBN,0.37,2.972,0.0,0.0
Lebanon,2009,LBN,0.62,4.777,0.0,0.0
Lebanon,2010,LBN,0.83,5.283,0.0,0.0
Lebanon,2011,LBN,0.8,4.908,0.0,0.0
Lebanon,2012,LBN,1.0,6.075,0.0,0.0
Lebanon,2013,LBN,1.26,6.702,0.0,0.0
Lebanon,2014,LBN,0.21,1.169,0.01,0.01
Lebanon,2015,LBN,0.5,2.682,0.02,0.01
Lebanon,2016,LBN,0.43,2.215,0.04,0.01
Lebanon,2017,LBN,0.48,2.259,0.06,0.01
Lebanon,2018,LBN,0.47,2.209,0.09,0.01
Lebanon,2019,LBN,1.12,5.188,0.12,0.01
Lebanon,2020,LBN,1.23,6.74,0.14,0.01
Lebanon,2021,LBN,0.96,9.284,0.31,0.01
Lebanon,2022,LBN,1.99,45.538,1.26,0.01
Lebanon,2023,LBN,2.14,34.076,1.4,0.01
Lebanon,2024,LBN,2.34,43.82,1.6,0.01
Lesotho,2000,LSO,0.29,100.0,0.0,0.0
Lesotho,2001,LSO,0.28,100.0,0.0,0.0
Lesotho,2002,LSO,0.31,100.0,0.0,0.0
Lesotho,2003,LSO,0.32,100.0,0.0,0.0
Lesotho,2004,LSO,0.3,100.0,0.0,0.0
Lesotho,2005,LSO,0.46,100.0,0.0,0.0
Lesotho,2006,LSO,0.52,100.0,0.0,0.0
Lesotho,2007,LSO,0.55,100.0,0.0,0.0
Lesotho,2008,LSO,0.58,100.0,0.0,0.0
Lesotho,2009,LSO,0.65,100.0,0.0,0.0
Lesotho,2010,LSO,0.69,100.0,0.0,0.0
Lesotho,2011,LSO,0.49,100.0,0.0,0.0
Lesotho,2012,LSO,0.49,100.0,0.0,0.0
Lesotho,2013,LSO,0.51,100.0,0.0,0.0
Lesotho,2014,LSO,0.52,100.0,0.0,0.0
Lesotho,2015,LSO,0.53,100.0,0.0,0.0
Lesotho,2016,LSO,0.52,100.0,0.0,0.0
Lesotho,2017,LSO,0.54,100.0,0.0,0.0
Lesotho,2018,LSO,0.52,100.0,0.0,0.0
Lesotho,2019,LSO,0.39,100.0,0.0,0.0
Lesotho,2020,LSO,0.43,100.0,0.0,0.0
Lesotho,2021,LSO,0.53,100.0,0.0,0.0
Lesotho,2022,LSO,0.48,100.0,0.0,0.0
Lesotho,2023,LSO,0.0,,0.0,0.0
Lesotho,2024,LSO,0.0,,0.0,0.0
Liberia,2000,LBR,0.0,0.0,0.0,0.0
Liberia,2001,LBR,0.0,0.0,0.0,0.0
Liberia,2002,LBR,0.0,0.0,0.0,0.0
Liberia,2003,LBR,0.0,0.0,0.0,0.0
Liberia,2004,LBR,0.0,0.0,0.0,0.0
Liberia,2005,LBR,0.0,0.0,0.0,0.0
Liberia,2006,LBR,0.0,0.0,0.0,0.0
Liberia,2007,LBR,0.0,0.0,0.0,0.0
Liberia,2008,LBR,0.0,0.0,0.0,0.0
Liberia,2009,LBR,0.0,0.0,0.0,0.0
Liberia,2010,LBR,0.0,0.0,0.0,0.0
Liberia,2011,LBR,0.0,0.0,0.0,0.0
Liberia,2012,LBR,0.0,0.0,0.0,0.0
Liberia,2013,LBR,0.0,0.0,0.0,0.0
Liberia,2014,LBR,0.0,0.0,0.0,0.0
Liberia,2015,LBR,0.0,0.0,0.0,0.0
Liberia,2016,LBR,0.0,0.0,0.0,0.0
Liberia,2017,LBR,0.0,0.0,0.0,0.0
Liberia,2018,LBR,0.13,31.707,0.0,0.0
Liberia,2019,LBR,0.13,30.952,0.0,0.0
Liberia,2020,LBR,0.13,28.889,0.0,0.0
Liberia,2021,LBR,0.13,34.211,0.0,0.0
Liberia,2022,LBR,0.13,33.333,0.0,0.0
Liberia,2023,LBR,0.35,57.377,0.0,0.0
Liberia,2024,LBR,0.31,54.386,0.01,0.0
Libya,2000,LBY,0.0,0.0,0.0,0.0
Libya,2001,LBY,0.0,0.0,0.0,0.0
Libya,2002,LBY,0.0,0.0,0.0,0.0
Libya,2003,LBY,0.0,0.0,0.0,0.0
Libya,2004,LBY,0.0,0.0,0.0,0.0
Libya,2005,LBY,0.0,0.0,0.0,0.0
Libya,2006,LBY,0.0,0.0,0.0,0.0
Libya,2007,LBY,0.0,0.0,0.0,0.0
Libya,2008,LBY,0.0,0.0,0.0,0.0
Libya,2009,LBY,0.0,0.0,0.0,0.0
Libya,2010,LBY,0.01,0.031,0.01,0.0
Libya,2011,LBY,0.01,0.038,0.01,0.0
Libya,2012,LBY,0.01,0.029,0.01,0.0
Libya,2013,LBY,0.01,0.026,0.01,0.0
Libya,2014,LBY,0.01,0.027,0.01,0.0
Libya,2015,LBY,0.01,0.027,0.01,0.0
Libya,2016,LBY,0.01,0.032,0.01,0.0
Libya,2017,LBY,0.01,0.03,0.01,0.0
Libya,2018,LBY,0.01,0.029,0.01,0.0
Libya,2019,LBY,0.01,0.029,0.01,0.0
Libya,2020,LBY,0.01,0.034,0.01,0.0
Libya,2021,LBY,0.01,0.029,0.01,0.0
Libya,2022,LBY,0.01,0.028,0.01,0.0
Libya,2023,LBY,0.01,0.03,0.01,0.0
Libya,2024,LBY,0.01,0.029,0.01,0.0
Lithuania,1985,LTU,0.393,1.876,0.0,0.0
Lithuania,1986,LTU,0.384,1.715,0.0,0.0
Lithuania,1987,LTU,0.362,1.593,0.0,0.0
Lithuania,1988,LTU,0.384,1.479,0.0,0.0
Lithuania,1989,LTU,0.384,1.319,0.0,0.0
Lithuania,1990,LTU,0.41,1.444,0.0,0.0
Lithuania,1991,LTU,0.34,1.158,0.0,0.0
Lithuania,1992,LTU,0.31,1.671,0.0,0.0
Lithuania,1993,LTU,0.39,2.8,0.0,0.0
Lithuania,1994,LTU,0.45,4.611,0.0,0.0
Lithuania,1995,LTU,0.37,2.737,0.0,0.0
Lithuania,1996,LTU,0.33,2.032,0.0,0.0
Lithuania,1997,LTU,0.3,2.085,0.0,0.0
Lithuania,1998,LTU,0.42,2.449,0.0,0.0
Lithuania,1999,LTU,0.41,3.135,0.0,0.0
Lithuania,2004,LTU,0.43,2.293,0.0,0.0
Lithuania,2005,LTU,0.46,3.19,0.0,0.0
Lithuania,2006,LTU,0.43,3.563,0.0,0.01
Lithuania,2007,LTU,0.58,4.309,0.0,0.11
Lithuania,2008,LTU,0.6,4.501,0.0,0.13
Lithuania,2009,LTU,0.68,4.645,0.0,0.16
Lithuania,2010,LTU,0.91,18.2,0.0,0.22
Lithuania,2011,LTU,1.11,26.118,0.0,0.47
Lithuania,2012,LTU,1.18,26.222,0.0,0.54
Lithuania,2013,LTU,1.53,36.516,0.05,0.6
Lithuania,2014,LTU,1.51,40.921,0.07,0.64
Lithuania,2015,LTU,1.68,39.716,0.07,0.81
Lithuania,2016,LTU,2.1,57.851,0.07,1.14
Lithuania,2017,LTU,2.53,71.067,0.07,1.36
Lithuania,2018,LTU,2.2,75.342,0.09,1.14
Lithuania,2019,LTU,2.47,73.952,0.09,1.5
Lithuania,2020,LTU,2.57,54.681,0.13,1.55
Lithuania,2021,LTU,2.62,60.93,0.19,1.36
Lithuania,2022,LTU,3.02,74.752,0.34,1.51
Lithuania,2023,LTU,4.44,83.774,0.69,2.54
Lithuania,2024,LTU,6.23,84.303,1.4,3.41
Lithuania,2025,LTU,6.9,77.615,1.67,3.99
Luxembourg,1965,LUX,0.086,,0.0,0.0
Luxembourg,1966,LUX,0.078,,0.0,0.0
Luxembourg,1967,LUX,0.088,,0.0,0.0
Luxembourg,1968,LUX,0.09,,0.0,0.0
Luxembourg,1969,LUX,0.078,,0.0,0.0
Luxembourg,1970,LUX,0.086,,0.0,0.0
Luxembourg,1971,LUX,0.049,,0.0,0.0
Luxembourg,1972,LUX,0.057,,0.0,0.0
Luxembourg,1973,LUX,0.051,,0.0,0.0
Luxembourg,1974,LUX,0.075,,0.0,0.0
Luxembourg,1975,LUX,0.065,,0.0,0.0
Luxembourg,1976,LUX,0.041,,0.0,0.0
Luxembourg,1977,LUX,0.092,,0.0,0.0
Luxembourg,1978,LUX,0.09,,0.0,0.0
Luxembourg,1979,LUX,0.098,,0.0,0.0
Luxembourg,1980,LUX,0.101,,0.0,0.0
Luxembourg,1981,LUX,0.11,,0.0,0.0
Luxembourg,1982,LUX,0.1,,0.0,0.0
Luxembourg,1983,LUX,0.098,,0.0,0.0
Luxembourg,1984,LUX,0.105,,0.0,0.0
Luxembourg,1985,LUX,0.088,9.33,0.0,0.0
Luxembourg,1986,LUX,0.103,10.103,0.0,0.0
Luxembourg,1987,LUX,0.122,11.78,0.0,0.0
Luxembourg,1988,LUX,0.115,8.621,0.0,0.0
Luxembourg,1989,LUX,0.089,6.452,0.0,0.0
Luxembourg,1990,LUX,0.08,12.903,0.0,0.0
Luxembourg,1991,LUX,0.09,12.857,0.0,0.0
Luxembourg,1992,LUX,0.08,12.121,0.0,0.0
Luxembourg,1993,LUX,0.08,11.94,0.0,0.0
Luxembourg,1994,LUX,0.11,18.644,0.0,0.0
Luxembourg,1995,LUX,0.11,22.449,0.0,0.0
Luxembourg,1996,LUX,0.08,17.778,0.0,0.0
Luxembourg,1997,LUX,0.1,24.39,0.0,0.0
Luxembourg,1998,LUX,0.15,40.541,0.0,0.01
Luxembourg,1999,LUX,0.13,36.111,0.0,0.02
Luxembourg,2000,LUX,0.16,40.0,0.0,0.02
Luxembourg,2001,LUX,0.17,19.54,0.0,0.02
Luxembourg,2002,LUX,0.15,5.357,0.0,0.02
Luxembourg,2003,LUX,0.14,5.018,0.0,0.03
Luxembourg,2004,LUX,0.19,5.638,0.01,0.04
Luxembourg,2005,LUX,0.21,6.269,0.02,0.05
Luxembourg,2006,LUX,0.25,7.062,0.02,0.06
Luxembourg,2007,LUX,0.26,8.15,0.02,0.06
Luxembourg,2008,LUX,0.28,10.294,0.02,0.06
Luxembourg,2009,LUX,0.27,8.571,0.02,0.06
Luxembourg,2010,LUX,0.27,8.333,0.02,0.06
Luxembourg,2011,LUX,0.24,9.091,0.03,0.06
Luxembourg,2012,LUX,0.31,11.232,0.04,0.08
Luxembourg,2013,LUX,0.36,19.565,0.07,0.08
Luxembourg,2014,LUX,0.4,20.942,0.09,0.08
Luxembourg,2015,LUX,0.43,32.09,0.1,0.1
Luxembourg,2016,LUX,0.46,58.228,0.1,0.1
Luxembourg,2017,LUX,0.6,66.667,0.11,0.23
Luxembourg,2018,LUX,0.68,70.833,0.12,0.25
Luxembourg,2019,LUX,0.8,74.766,0.13,0.28
Luxembourg,2020,LUX,0.97,79.508,0.16,0.35
Luxembourg,2021,LUX,0.99,80.488,0.18,0.31
Luxembourg,2022,LUX,1.04,85.95,0.28,0.31
Luxembourg,2023,LUX,1.26,89.362,0.29,0.5
Luxembourg,2024,LUX,1.37,90.728,0.36,0.46
Luxembourg,2025,LUX,1.41,91.558,0.47,0.47
Macao,2000,MAC,0.0,0.0,0.0,0.0
Macao,2001,MAC,0.06,3.822,0.0,0.0
Macao,2002,MAC,0.07,4.118,0.0,0.0
Macao,2003,MAC,0.15,8.333,0.0,0.0
Macao,2004,MAC,0.15,7.614,0.0,0.0
Macao,2005,MAC,0.16,7.882,0.0,0.0
Macao,2006,MAC,0.17,10.18,0.0,0.0
Macao,2007,MAC,0.17,11.184,0.0,0.0
Macao,2008,MAC,0.18,14.876,0.0,0.0
Macao,2009,MAC,0.18,12.329,0.0,0.0
Macao,2010,MAC,0.2,18.519,0.0,0.0
Macao,2011,MAC,0.21,23.596,0.0,0.0
Macao,2012,MAC,0.23,41.071,0.0,0.0
Macao,2013,MAC,0.24,58.537,0.0,0.0
Macao,2014,MAC,0.26,40.625,0.0,0.0
Macao,2015,MAC,0.2,21.053,0.0,0.0
Macao,2016,MAC,0.2,20.202,0.0,0.0
Macao,2017,MAC,0.21,14.286,0.0,0.0
Macao,2018,MAC,0.18,27.692,0.0,0.0
Macao,2019,MAC,0.22,26.19,0.0,0.0
Macao,2020,MAC,0.19,33.929,0.0,0.0
Macao,2021,MAC,0.21,42.0,0.0,0.0
Macao,2022,MAC,0.2,40.816,0.0,0.0
Macao,2023,MAC,0.22,33.333,0.0,0.0
Macao,2024,MAC,0.24,30.769,0.0,0.0
Madagascar,2000,MDG,0.55,63.953,0.0,0.0
Madagascar,2001,MDG,0.54,61.364,0.0,0.0
Madagascar,2002,MDG,0.55,63.953,0.0,0.0
Madagascar,2003,MDG,0.61,63.542,0.0,0.0
Madagascar,2004,MDG,0.64,60.952,0.0,0.0
Madagascar,2005,MDG,0.65,61.321,0.0,0.0
Madagascar,2006,MDG,0.64,59.813,0.0,0.0
Madagascar,2007,MDG,0.72,64.286,0.0,0.0
Madagascar,2008,MDG,0.7,59.322,0.0,0.0
Madagascar,2009,MDG,0.74,62.185,0.0,0.0
Madagascar,2010,MDG,0.71,54.615,0.0,0.0
Madagascar,2011,MDG,0.7,47.619,0.0,0.0
Madagascar,2012,MDG,0.77,49.359,0.0,0.0
Madagascar,2013,MDG,0.83,50.303,0.01,0.0
Madagascar,2014,MDG,0.91,52.907,0.01,0.0
Madagascar,2015,MDG,0.97,54.19,0.02,0.0
Madagascar,2016,MDG,0.92,48.421,0.02,0.0
Madagascar,2017,MDG,0.83,41.919,0.02,0.0
Madagascar,2018,MDG,1.03,43.277,0.04,0.0
Madagascar,2019,MDG,0.95,38.462,0.04,0.0
Madagascar,2020,MDG,0.88,40.741,0.04,0.0
Madagascar,2021,MDG,0.84,33.202,0.04,0.0
Madagascar,2022,MDG,0.93,35.227,0.08,0.0
Madagascar,2023,MDG,1.09,43.952,0.08,0.0
Madagascar,2024,MDG,1.03,42.387,0.1,0.0
Malawi,2000,MWI,1.09,90.083,0.0,0.0
Malawi,2001,MWI,1.11,90.984,0.0,0.0
Malawi,2002,MWI,1.16,90.625,0.0,0.0
Malawi,2003,MWI,1.21,92.366,0.0,0.0
Malawi,2004,MWI,1.33,90.476,0.0,0.0
Malawi,2005,MWI,1.37,89.542,0.0,0.0
Malawi,2006,MWI,1.4,89.172,0.0,0.0
Malawi,2007,MWI,1.43,90.506,0.0,0.0
Malawi,2008,MWI,1.58,92.941,0.0,0.0
Malawi,2009,MWI,1.55,92.814,0.0,0.0
Malawi,2010,MWI,1.8,93.75,0.0,0.0
Malawi,2011,MWI,1.85,93.909,0.0,0.0
Malawi,2012,MWI,1.92,93.659,0.01,0.0
Malawi,2013,MWI,1.92,93.659,0.01,0.0
Malawi,2014,MWI,2.05,94.47,0.02,0.0
Malawi,2015,MWI,2.04,94.009,0.03,0.0
Malawi,2016,MWI,2.02,93.953,0.03,0.0
Malawi,2017,MWI,1.91,100.0,0.04,0.0
Malawi,2018,MWI,1.48,81.768,0.01,0.0
Malawi,2019,MWI,1.73,96.111,0.01,0.0
Malawi,2020,MWI,1.74,99.429,0.01,0.0
Malawi,2021,MWI,1.75,95.628,0.01,0.0
Malawi,2022,MWI,1.75,95.628,0.01,0.0
Malawi,2023,MWI,1.75,95.628,0.01,0.0
Malawi,2024,MWI,1.75,95.628,0.01,0.0
Malaysia,1965,MYS,0.587,,0.0,0.0
Malaysia,1966,MYS,0.692,,0.0,0.0
Malaysia,1967,MYS,0.725,,0.0,0.0
Malaysia,1968,MYS,0.804,,0.0,0.0
Malaysia,1969,MYS,1.014,,0.0,0.0
Malaysia,1970,MYS,1.202,,0.0,0.0
Malaysia,1971,MYS,1.046,,0.0,0.0
Malaysia,1972,MYS,1.154,,0.0,0.0
Malaysia,1973,MYS,1.108,,0.0,0.0
Malaysia,1974,MYS,1.006,,0.0,0.0
Malaysia,1975,MYS,1.005,,0.0,0.0
Malaysia,1976,MYS,0.948,,0.0,0.0
Malaysia,1977,MYS,0.769,,0.0,0.0
Malaysia,1978,MYS,0.904,,0.0,0.0
Malaysia,1979,MYS,1.104,,0.0,0.0
Malaysia,1980,MYS,1.409,,0.0,0.0
Malaysia,1981,MYS,1.561,,0.0,0.0
Malaysia,1982,MYS,1.503,,0.0,0.0
Malaysia,1983,MYS,1.749,,0.0,0.0
Malaysia,1984,MYS,3.451,,0.0,0.0
Malaysia,1985,MYS,3.768,25.217,0.0,0.0
Malaysia,1986,MYS,4.121,25.545,0.0,0.0
Malaysia,1987,MYS,4.966,28.505,0.0,0.0
Malaysia,1988,MYS,5.729,29.604,0.0,0.0
Malaysia,1989,MYS,5.295,24.609,0.0,0.0
Malaysia,1990,MYS,4.027,17.495,0.0,0.0
Malaysia,1991,MYS,4.449,16.757,0.0,0.0
Malaysia,1992,MYS,4.286,13.658,0.0,0.0
Malaysia,1993,MYS,4.853,13.914,0.0,0.0
Malaysia,1994,MYS,6.483,16.308,0.0,0.0
Malaysia,1995,MYS,6.218,13.351,0.0,0.0
Malaysia,1996,MYS,5.184,9.706,0.0,0.0
Malaysia,1997,MYS,4.173,6.963,0.0,0.0
Malaysia,1998,MYS,4.457,6.949,0.0,0.0
Malaysia,1999,MYS,7.552,11.078,0.0,0.0
Malaysia,2000,MYS,7.56,10.815,0.0,0.0
Malaysia,2001,MYS,6.64,8.762,0.0,0.0
Malaysia,2002,MYS,5.81,7.184,0.0,0.0
Malaysia,2003,MYS,5.51,6.614,0.0,0.0
Malaysia,2004,MYS,6.15,6.402,0.0,0.0
Malaysia,2005,MYS,6.6,6.684,0.0,0.0
Malaysia,2006,MYS,6.94,6.674,0.0,0.0
Malaysia,2007,MYS,6.72,6.191,0.0,0.0
Malaysia,2008,MYS,8.61,7.564,0.0,0.0
Malaysia,2009,MYS,8.28,7.131,0.0,0.0
Malaysia,2010,MYS,7.62,6.094,0.0,0.0
Malaysia,2011,MYS,9.6,7.555,0.0,0.0
Malaysia,2012,MYS,10.76,8.025,0.01,0.0
Malaysia,2013,MYS,13.04,9.25,0.14,0.0
Malaysia,2014,MYS,14.31,9.704,0.23,0.0
Malaysia,2015,MYS,14.94,9.953,0.27,0.0
Malaysia,2016,MYS,21.09,13.463,0.31,0.0
Malaysia,2017,MYS,27.94,17.393,0.33,0.0
Malaysia,2018,MYS,28.31,16.596,0.63,0.0
Malaysia,2019,MYS,28.8,16.134,1.46,0.0
Malaysia,2020,MYS,30.59,17.579,2.06,0.0
Malaysia,2021,MYS,33.73,19.251,2.3,0.0
Malaysia,2022,MYS,35.76,19.474,2.75,0.0
Malaysia,2023,MYS,35.98,19.159,3.24,0.0
Malaysia,2024,MYS,40.35,20.366,4.12,0.0
Malaysia,2025,MYS,41.53,20.652,4.51,0.0
Maldives,2000,MDV,0.0,0.0,0.0,0.0
Maldives,2001,MDV,0.0,0.0,0.0,0.0
Maldives,2002,MDV,0.0,0.0,0.0,0.0
Maldives,2003,MDV,0.0,0.0,0.0,0.0
Maldives,2004,MDV,0.0,0.0,0.0,0.0
Maldives,2005,MDV,0.0,0.0,0.0,0.0
Maldives,2006,MDV,0.0,0.0,0.0,0.0
Maldives,2007,MDV,0.0,0.0,0.0,0.0
Maldives,2008,MDV,0.0,0.0,0.0,0.0
Maldives,2009,MDV,0.0,0.0,0.0,0.0
Maldives,2010,MDV,0.0,0.0,0.0,0.0
Maldives,2011,MDV,0.0,0.0,0.0,0.0
Maldives,2012,MDV,0.0,0.0,0.0,0.0
Maldives,2013,MDV,0.0,0.0,0.0,0.0
Maldives,2014,MDV,0.01,1.852,0.01,0.0
Maldives,2015,MDV,0.01,1.613,0.01,0.0
Maldives,2016,MDV,0.01,1.493,0.01,0.0
Maldives,2017,MDV,0.02,2.74,0.02,0.0
Maldives,2018,MDV,0.03,3.797,0.03,0.0
Maldives,2019,MDV,0.03,3.704,0.03,0.0
Maldives,2020,MDV,0.04,4.878,0.04,0.0
Maldives,2021,MDV,0.05,5.952,0.05,0.0
Maldives,2022,MDV,0.06,7.059,0.06,0.0
Maldives,2023,MDV,0.06,7.059,0.06,0.0
Maldives,2024,MDV,0.06,7.059,0.06,0.0
Mali,2000,MLI,0.28,26.415,0.0,0.0
Mali,2001,MLI,0.28,26.168,0.0,0.0
Mali,2002,MLI,0.29,26.126,0.0,0.0
Mali,2003,MLI,0.28,25.225,0.0,0.0
Mali,2004,MLI,0.3,23.81,0.0,0.0
Mali,2005,MLI,0.5,33.557,0.0,0.0
Mali,2006,MLI,0.53,33.758,0.0,0.0
Mali,2007,MLI,0.52,32.911,0.0,0.0
Mali,2008,MLI,0.62,34.254,0.0,0.0
Mali,2009,MLI,0.72,46.154,0.0,0.0
Mali,2010,MLI,1.16,49.153,0.01,0.0
Mali,2011,MLI,1.22,56.481,0.02,0.0
Mali,2012,MLI,1.32,57.143,0.03,0.0
Mali,2013,MLI,1.19,54.091,0.03,0.0
Mali,2014,MLI,1.46,58.167,0.03,0.0
Mali,2015,MLI,1.21,48.207,0.03,0.0
Mali,2016,MLI,1.57,51.987,0.03,0.0
Mali,2017,MLI,1.57,45.64,0.03,0.0
Mali,2018,MLI,1.45,40.166,0.03,0.0
Mali,2019,MLI,1.46,38.32,0.03,0.0
Mali,2020,MLI,1.61,40.863,0.1,0.0
Mali,2021,MLI,1.54,39.086,0.14,0.0
Mali,2022,MLI,1.86,42.857,0.15,0.0
Mali,2023,MLI,1.19,19.8,0.15,0.0
Mali,2024,MLI,1.16,19.463,0.17,0.0
Malta,1990,MLT,0.0,0.0,0.0,0.0
Malta,1991,MLT,0.0,0.0,0.0,0.0
Malta,1992,MLT,0.0,0.0,0.0,0.0
Malta,1993,MLT,0.0,0.0,0.0,0.0
Malta,1994,MLT,0.0,0.0,0.0,0.0
Malta,1995,MLT,0.0,0.0,0.0,0.0
Malta,1996,MLT,0.0,0.0,0.0,0.0
Malta,1997,MLT,0.0,0.0,0.0,0.0
Malta,1998,MLT,0.0,0.0,0.0,0.0
Malta,1999,MLT,0.0,0.0,0.0,0.0
Malta,2012,MLT,0.03,1.304,0.02,0.0
Malta,2013,MLT,0.04,1.77,0.03,0.0
Malta,2014,MLT,0.08,3.556,0.07,0.0
Malta,2015,MLT,0.1,7.692,0.09,0.0
Malta,2016,MLT,0.14,16.279,0.13,0.0
Malta,2017,MLT,0.17,10.303,0.16,0.0
Malta,2018,MLT,0.2,10.152,0.19,0.0
Malta,2019,MLT,0.21,10.145,0.2,0.0
Malta,2020,MLT,0.25,11.628,0.24,0.0
Malta,2021,MLT,0.27,12.162,0.26,0.0
Malta,2022,MLT,0.3,13.043,0.29,0.0
Malta,2023,MLT,0.32,13.617,0.31,0.0
Malta,2024,MLT,0.34,15.525,0.33,0.0
Malta,2025,MLT,0.35,15.982,0.34,0.0
Martinique,2006,MTQ,0.01,0.68,0.0,0.0
Martinique,2007,MTQ,0.02,1.351,0.0,0.0
Martinique,2008,MTQ,0.03,1.961,0.01,0.0
Martinique,2009,MTQ,0.03,1.948,0.01,0.0
Martinique,2010,MTQ,0.03,1.863,0.02,0.0
Martinique,2011,MTQ,0.05,3.185,0.04,0.0
Martinique,2012,MTQ,0.09,5.66,0.08,0.0
Martinique,2013,MTQ,0.09,5.696,0.08,0.0
Martinique,2014,MTQ,0.09,5.806,0.08,0.0
Martinique,2015,MTQ,0.09,5.769,0.08,0.0
Martinique,2016,MTQ,0.09,5.696,0.08,0.0
Martinique,2017,MTQ,0.09,5.769,0.08,0.0
Martinique,2018,MTQ,0.18,11.688,0.08,0.01
Martinique,2019,MTQ,0.39,25.161,0.09,0.05
Martinique,2020,MTQ,0.34,22.667,0.08,0.04
Martinique,2021,MTQ,0.38,25.166,0.09,0.05
Martinique,2022,MTQ,0.39,26.174,0.09,0.04
Martinique,2023,MTQ,0.39,25.828,0.11,0.03
Mauritania,2000,MRT,0.03,7.143,0.0,0.0
Mauritania,2001,MRT,0.03,6.383,0.0,0.0
Mauritania,2002,MRT,0.03,5.66,0.0,0.0
Mauritania,2003,MRT,0.04,8.0,0.0,0.0
Mauritania,2004,MRT,0.04,7.407,0.0,0.0
Mauritania,2005,MRT,0.05,9.434,0.0,0.0
Mauritania,2006,MRT,0.05,8.065,0.0,0.0
Mauritania,2007,MRT,0.05,7.813,0.0,0.0
Mauritania,2008,MRT,0.06,8.333,0.0,0.0
Mauritania,2009,MRT,0.11,14.286,0.0,0.0
Mauritania,2010,MRT,0.12,14.118,0.0,0.0
Mauritania,2011,MRT,0.13,14.943,0.0,0.0
Mauritania,2012,MRT,0.14,14.583,0.0,0.0
Mauritania,2013,MRT,0.21,21.429,0.03,0.01
Mauritania,2014,MRT,0.22,21.359,0.03,0.01
Mauritania,2015,MRT,0.32,27.586,0.03,0.1
Mauritania,2016,MRT,0.29,25.0,0.06,0.1
Mauritania,2017,MRT,0.33,24.444,0.06,0.1
Mauritania,2018,MRT,0.44,30.137,0.15,0.1
Mauritania,2019,MRT,0.47,29.936,0.15,0.12
Mauritania,2020,MRT,0.47,28.834,0.14,0.12
Mauritania,2021,MRT,0.45,28.481,0.14,0.1
Mauritania,2022,MRT,0.45,27.439,0.14,0.1
Mauritania,2023,MRT,0.45,21.531,0.14,0.1
Mauritania,2024,MRT,0.47,22.705,0.16,0.1
Mauritius,2000,MUS,0.52,29.379,0.0,0.0
Mauritius,2001,MUS,0.55,28.646,0.0,0.0
Mauritius,2002,MUS,0.54,27.551,0.0,0.0
Mauritius,2003,MUS,0.57,27.273,0.0,0.0
Mauritius,2004,MUS,0.59,27.315,0.0,0.0
Mauritius,2005,MUS,0.56,24.779,0.0,0.0
Mauritius,2006,MUS,0.53,22.458,0.0,0.0
Mauritius,2007,MUS,0.55,22.358,0.0,0.0
Mauritius,2008,MUS,0.6,23.438,0.0,0.0
Mauritius,2009,MUS,0.61,23.735,0.0,0.0
Mauritius,2010,MUS,0.65,24.164,0.0,0.0
Mauritius,2011,MUS,0.54,19.78,0.0,0.0
Mauritius,2012,MUS,0.57,20.43,0.0,0.0
Mauritius,2013,MUS,0.58,20.28,0.0,0.0
Mauritius,2014,MUS,0.6,20.408,0.03,0.0
Mauritius,2015,MUS,0.68,22.742,0.03,0.0
Mauritius,2016,MUS,0.67,21.967,0.03,0.02
Mauritius,2017,MUS,0.62,19.936,0.04,0.01
Mauritius,2018,MUS,0.64,20.513,0.05,0.01
Mauritius,2019,MUS,0.7,21.672,0.13,0.01
Mauritius,2020,MUS,0.7,24.138,0.15,0.02
Mauritius,2021,MUS,0.64,21.405,0.15,0.01
Mauritius,2022,MUS,0.61,19.551,0.16,0.02
Mauritius,2023,MUS,0.57,17.431,0.15,0.01
Mauritius,2024,MUS,0.61,17.889,0.17,0.01
Mexico,1965,MEX,8.863,,0.0,0.0
Mexico,1966,MEX,10.118,,0.0,0.0
Mexico,1967,MEX,11.017,,0.0,0.0
Mexico,1968,MEX,12.642,,0.0,0.0
Mexico,1969,MEX,13.406,,0.0,0.0
Mexico,1970,MEX,15.005,,0.0,0.0
Mexico,1971,MEX,14.572,,0.0,0.0
Mexico,1972,MEX,15.531,,0.0,0.0
Mexico,1973,MEX,16.532,,0.0,0.0
Mexico,1974,MEX,17.171,,0.0,0.0
Mexico,1975,MEX,15.7,,0.0,0.0
Mexico,1976,MEX,17.834,,0.0,0.0
Mexico,1977,MEX,19.785,,0.0,0.0
Mexico,1978,MEX,16.815,,0.0,0.0
Mexico,1979,MEX,19.027,,0.0,0.0
Mexico,1980,MEX,17.825,,0.0,0.0
Mexico,1981,MEX,25.582,,0.0,0.0
Mexico,1982,MEX,24.22,,0.0,0.0
Mexico,1983,MEX,22.086,,0.0,0.0
Mexico,1984,MEX,25.027,,0.0,0.0
Mexico,1985,MEX,30.068,31.254,0.0,0.0
Mexico,1986,MEX,24.692,24.793,0.0,0.0
Mexico,1987,MEX,23.703,22.327,0.0,0.0
Mexico,1988,MEX,26.469,23.585,0.0,0.0
Mexico,1989,MEX,30.029,25.014,0.0,0.0
Mexico,1990,MEX,29.607,25.178,0.001,0.001
Mexico,1991,MEX,28.461,22.136,0.002,0.001
Mexico,1992,MEX,33.183,25.086,0.003,0.001
Mexico,1993,MEX,33.16,24.628,0.004,0.001
Mexico,1994,MEX,26.5,18.135,0.005,0.005
Mexico,1995,MEX,34.025,22.63,0.005,0.007
Mexico,1996,MEX,37.533,23.969,0.006,0.006
Mexico,1997,MEX,32.263,19.349,0.006,0.012
Mexico,1998,MEX,30.754,16.985,0.007,0.015
Mexico,1999,MEX,38.796,20.421,0.007,0.017
Mexico,2000,MEX,39.46,19.379,0.01,0.02
Mexico,2001,MEX,34.72,16.516,0.01,0.02
Mexico,2002,MEX,30.96,14.351,0.01,0.02
Mexico,2003,MEX,26.83,11.93,0.01,0.02
Mexico,2004,MEX,32.47,13.794,0.01,0.02
Mexico,2005,MEX,35.88,14.469,0.01,0.02
Mexico,2006,MEX,38.0,14.829,0.01,0.05
Mexico,2007,MEX,35.85,13.618,0.01,0.25
Mexico,2008,MEX,47.39,17.598,0.02,0.25
Mexico,2009,MEX,34.9,13.034,0.03,0.6
Mexico,2010,MEX,46.47,16.863,0.03,1.24
Mexico,2011,MEX,45.93,15.721,0.04,1.65
Mexico,2012,MEX,43.06,14.528,0.07,3.69
Mexico,2013,MEX,40.12,13.503,0.11,4.18
Mexico,2014,MEX,53.64,17.684,0.22,6.43
Mexico,2015,MEX,48.24,15.543,0.2,8.75
Mexico,2016,MEX,48.98,15.29,0.25,10.38
Mexico,2017,MEX,50.78,15.43,1.19,10.62
Mexico,2018,MEX,55.24,15.815,3.21,12.44
Mexico,2019,MEX,57.5,16.687,9.96,16.73
Mexico,2020,MEX,69.37,21.297,15.84,19.7
Mexico,2021,MEX,82.09,24.983,20.19,21.07
Mexico,2022,MEX,83.13,24.439,20.34,20.53
Mexico,2023,MEX,71.28,20.267,23.34,20.7
Mexico,2024,MEX,75.0,21.116,25.72,19.75
Mexico,2025,MEX,82.43,23.092,26.34,21.38
Moldova,2000,MDA,0.39,7.156,0.0,0.0
Moldova,2001,MDA,0.36,6.154,0.0,0.0
Moldova,2002,MDA,0.35,6.206,0.0,0.0
Moldova,2003,MDA,0.36,6.239,0.0,0.0
Moldova,2004,MDA,0.35,6.034,0.0,0.0
Moldova,2005,MDA,0.36,6.03,0.0,0.0
Moldova,2006,MDA,0.37,6.086,0.0,0.0
Moldova,2007,MDA,0.35,5.963,0.0,0.0
Moldova,2008,MDA,0.38,6.323,0.0,0.0
Moldova,2009,MDA,0.35,5.654,0.0,0.0
Moldova,2010,MDA,0.4,6.547,0.0,0.0
Moldova,2011,MDA,0.35,6.055,0.0,0.0
Moldova,2012,MDA,0.27,4.647,0.0,0.0
Moldova,2013,MDA,0.31,6.874,0.0,0.0
Moldova,2014,MDA,0.33,6.145,0.0,0.0
Moldova,2015,MDA,0.27,4.47,0.0,0.0
Moldova,2016,MDA,0.24,4.103,0.0,0.0
Moldova,2017,MDA,0.31,6.25,0.0,0.01
Moldova,2018,MDA,0.32,5.948,0.0,0.02
Moldova,2019,MDA,0.37,6.503,0.0,0.04
Moldova,2020,MDA,0.36,5.825,0.0,0.05
Moldova,2021,MDA,0.44,6.607,0.01,0.08
Moldova,2022,MDA,0.51,9.568,0.05,0.14
Moldova,2023,MDA,0.61,9.606,0.09,0.19
Moldova,2024,MDA,0.65,10.708,0.1,0.21
Moldova,2025,MDA,0.69,11.201,0.16,0.16
Mongolia,2000,MNG,0.0,0.0,0.0,0.0
Mongolia,2001,MNG,0.0,0.0,0.0,0.0
Mongolia,2002,MNG,0.0,0.0,0.0,0.0
Mongolia,2003,MNG,0.0,0.0,0.0,0.0
Mongolia,2004,MNG,0.0,0.0,0.0,0.0
Mongolia,2005,MNG,0.0,0.0,0.0,0.0
Mongolia,2006,MNG,0.0,0.0,0.0,0.0
Mongolia,2007,MNG,0.0,0.0,0.0,0.0
Mongolia,2008,MNG,0.01,0.25,0.01,0.0
Mongolia,2009,MNG,0.03,0.743,0.01,0.0
Mongolia,2010,MNG,0.05,1.157,0.01,0.0
Mongolia,2011,MNG,0.06,1.322,0.01,0.0
Mongolia,2012,MNG,0.06,1.247,0.01,0.0
Mongolia,2013,MNG,0.12,2.39,0.01,0.05
Mongolia,2014,MNG,0.21,3.903,0.01,0.13
Mongolia,2015,MNG,0.22,3.993,0.01,0.15
Mongolia,2016,MNG,0.25,4.409,0.01,0.15
Mongolia,2017,MNG,0.25,4.146,0.03,0.14
Mongolia,2018,MNG,0.44,6.697,0.06,0.3
Mongolia,2019,MNG,0.69,9.942,0.12,0.48
Mongolia,2020,MNG,0.68,10.241,0.12,0.48
Mongolia,2021,MNG,0.83,11.156,0.17,0.58
Mongolia,2022,MNG,0.76,9.806,0.19,0.51
Mongolia,2023,MNG,0.76,9.168,0.19,0.51
Mongolia,2024,MNG,0.78,8.844,0.21,0.51
Mongolia,2025,MNG,0.81,8.359,0.21,0.54
Montenegro,2017,MNE,1.12,45.161,0.0,0.1
Montenegro,2018,MNE,2.25,59.211,0.0,0.14
Montenegro,2019,MNE,1.93,56.268,0.0,0.3
Montenegro,2020,MNE,1.77,52.212,0.0,0.32
Montenegro,2021,MNE,2.33,61.804,0.0,0.32
Montenegro,2022,MNE,1.76,53.172,0.0,0.32
Montenegro,2023,MNE,2.55,60.859,0.02,0.31
Montenegro,2024,MNE,2.1,59.49,0.06,0.27
Montenegro,2025,MNE,1.86,75.61,0.14,0.28
Montserrat,2000,MSR,0.0,0.0,0.0,0.0
Montserrat,2001,MSR,0.0,0.0,0.0,0.0
Montserrat,2002,MSR,0.0,0.0,0.0,0.0
Montserrat,2003,MSR,0.0,0.0,0.0,0.0
Montserrat,2004,MSR,0.0,0.0,0.0,0.0
Montserrat,2005,MSR,0.0,0.0,0.0,0.0
Montserrat,2006,MSR,0.0,0.0,0.0,0.0
Montserrat,2007,MSR,0.0,0.0,0.0,0.0
Montserrat,2008,MSR,0.0,0.0,0.0,0.0
Montserrat,2009,MSR,0.0,0.0,0.0,0.0
Montserrat,2010,MSR,0.0,0.0,0.0,0.0
Montserrat,2011,MSR,0.0,0.0,0.0,0.0
Montserrat,2012,MSR,0.0,0.0,0.0,0.0
Montserrat,2013,MSR,0.0,0.0,0.0,0.0
Montserrat,2014,MSR,0.0,0.0,0.0,0.0
Montserrat,2015,MSR,0.0,0.0,0.0,0.0
Montserrat,2016,MSR,0.0,0.0,0.0,0.0
Montserrat,2017,MSR,0.0,0.0,0.0,0.0
Montserrat,2018,MSR,0.0,0.0,0.0,0.0
Montserrat,2019,MSR,0.0,0.0,0.0,0.0
Montserrat,2020,MSR,0.0,0.0,0.0,0.0
Montserrat,2021,MSR,0.0,0.0,0.0,0.0
Montserrat,2022,MSR,0.0,0.0,0.0,0.0
Montserrat,2023,MSR,0.0,0.0,0.0,0.0
Montserrat,2024,MSR,0.0,0.0,0.0,0.0
Morocco,1965,MAR,1.213,,0.0,0.0
Morocco,1966,MAR,1.054,,0.0,0.0
Morocco,1967,MAR,0.932,,0.0,0.0
Morocco,1968,MAR,1.058,,0.0,0.0
Morocco,1969,MAR,1.368,,0.0,0.0
Morocco,1970,MAR,1.346,,0.0,0.0
Morocco,1971,MAR,1.52,,0.0,0.0
Morocco,1972,MAR,1.596,,0.0,0.0
Morocco,1973,MAR,1.192,,0.0,0.0
Morocco,1974,MAR,1.337,,0.0,0.0
Morocco,1975,MAR,1.016,,0.0,0.0
Morocco,1976,MAR,0.998,,0.0,0.0
Morocco,1977,MAR,1.365,,0.0,0.0
Morocco,1978,MAR,1.416,,0.0,0.0
Morocco,1979,MAR,1.582,,0.0,0.0
Morocco,1980,MAR,1.515,,0.0,0.0
Morocco,1981,MAR,1.024,,0.0,0.0
Morocco,1982,MAR,0.572,,0.0,0.0
Morocco,1983,MAR,0.481,,0.0,0.0
Morocco,1984,MAR,0.366,,0.0,0.0
Morocco,1985,MAR,0.486,6.617,0.0,0.0
Morocco,1986,MAR,0.643,8.282,0.0,0.0
Morocco,1987,MAR,0.825,10.311,0.0,0.0
Morocco,1988,MAR,0.936,10.419,0.0,0.0
Morocco,1989,MAR,1.157,12.821,0.0,0.0
Morocco,1990,MAR,1.22,12.671,0.0,0.0
Morocco,1991,MAR,1.226,13.319,0.0,0.0
Morocco,1992,MAR,0.964,9.919,0.0,0.0
Morocco,1993,MAR,0.443,4.47,0.0,0.0
Morocco,1994,MAR,0.84,7.323,0.0,0.0
Morocco,1995,MAR,0.611,5.053,0.0,0.0
Morocco,1996,MAR,1.957,15.609,0.0,0.0
Morocco,1997,MAR,2.083,15.324,0.0,0.0
Morocco,1998,MAR,1.777,13.703,0.0,0.0
Morocco,1999,MAR,0.825,6.398,0.0,0.0
Morocco,2000,MAR,0.77,5.62,0.0,0.06
Morocco,2001,MAR,1.07,6.859,0.0,0.21
Morocco,2002,MAR,1.03,6.821,0.0,0.19
Morocco,2003,MAR,1.64,10.037,0.0,0.2
Morocco,2004,MAR,1.79,10.246,0.0,0.2
Morocco,2005,MAR,1.64,8.515,0.0,0.21
Morocco,2006,MAR,1.78,8.958,0.0,0.18
Morocco,2007,MAR,1.61,8.177,0.0,0.28
Morocco,2008,MAR,1.67,8.206,0.0,0.3
Morocco,2009,MAR,3.34,15.958,0.0,0.39
Morocco,2010,MAR,4.29,18.775,0.0,0.66
Morocco,2011,MAR,2.83,11.617,0.0,0.69
Morocco,2012,MAR,2.55,9.619,0.0,0.73
Morocco,2013,MAR,4.35,16.147,0.0,1.36
Morocco,2014,MAR,3.96,14.103,0.0,1.92
Morocco,2015,MAR,4.81,16.082,0.0,2.52
Morocco,2016,MAR,5.09,16.489,0.4,3.02
Morocco,2017,MAR,5.06,15.842,0.41,3.04
Morocco,2018,MAR,6.85,19.821,0.95,3.86
Morocco,2019,MAR,7.99,19.787,1.58,4.72
Morocco,2020,MAR,7.44,19.175,1.52,4.59
Morocco,2021,MAR,8.18,19.806,1.82,5.11
Morocco,2022,MAR,7.53,18.184,1.45,5.36
Morocco,2023,MAR,9.22,21.715,2.11,6.55
Morocco,2024,MAR,10.35,24.41,2.41,7.09
Morocco,2025,MAR,10.66,23.955,2.57,7.14
Mozambique,2000,MOZ,9.56,99.896,0.0,0.0
Mozambique,2001,MOZ,11.72,99.66,0.0,0.0
Mozambique,2002,MOZ,12.55,99.762,0.0,0.0
Mozambique,2003,MOZ,10.76,99.722,0.0,0.0
Mozambique,2004,MOZ,11.55,99.569,0.0,0.0
Mozambique,2005,MOZ,13.13,99.848,0.0,0.0
Mozambique,2006,MOZ,14.57,99.863,0.0,0.0
Mozambique,2007,MOZ,15.9,99.937,0.0,0.0
Mozambique,2008,MOZ,14.96,99.933,0.0,0.0
Mozambique,2009,MOZ,16.78,99.94,0.0,0.0
Mozambique,2010,MOZ,16.65,99.88,0.0,0.0
Mozambique,2011,MOZ,16.48,99.337,0.0,0.0
Mozambique,2012,MOZ,14.86,99.265,0.0,0.0
Mozambique,2013,MOZ,14.66,98.588,0.0,0.0
Mozambique,2014,MOZ,16.18,98.659,0.0,0.0
Mozambique,2015,MOZ,17.09,92.982,0.0,0.0
Mozambique,2016,MOZ,15.6,82.715,0.0,0.0
Mozambique,2017,MOZ,14.2,80.499,0.0,0.0
Mozambique,2018,MOZ,14.02,81.797,0.0,0.0
Mozambique,2019,MOZ,15.07,79.358,0.03,0.0
Mozambique,2020,MOZ,15.88,83.491,0.07,0.0
Mozambique,2021,MOZ,15.65,82.98,0.07,0.0
Mozambique,2022,MOZ,16.37,83.691,0.07,0.0
Mozambique,2023,MOZ,16.68,83.567,0.07,0.0
Mozambique,2024,MOZ,16.51,83.426,0.08,0.0
Myanmar,2000,MMR,1.87,36.667,0.0,0.0
Myanmar,2001,MMR,1.8,38.544,0.0,0.0
Myanmar,2002,MMR,2.11,41.617,0.0,0.0
Myanmar,2003,MMR,2.08,38.376,0.0,0.0
Myanmar,2004,MMR,2.41,42.959,0.0,0.0
Myanmar,2005,MMR,3.0,49.834,0.0,0.0
Myanmar,2006,MMR,3.33,53.883,0.0,0.0
Myanmar,2007,MMR,3.62,56.562,0.0,0.0
Myanmar,2008,MMR,4.07,61.48,0.0,0.0
Myanmar,2009,MMR,5.26,75.466,0.0,0.0
Myanmar,2010,MMR,6.19,71.81,0.0,0.0
Myanmar,2011,MMR,7.52,72.1,0.0,0.0
Myanmar,2012,MMR,7.96,71.326,0.0,0.0
Myanmar,2013,MMR,9.04,72.552,0.01,0.0
Myanmar,2014,MMR,9.06,62.96,0.01,0.0
Myanmar,2015,MMR,9.64,59.506,0.03,0.0
Myanmar,2016,MMR,10.0,55.188,0.05,0.0
Myanmar,2017,MMR,11.22,53.327,0.06,0.0
Myanmar,2018,MMR,12.59,58.179,0.07,0.0
Myanmar,2019,MMR,10.87,56.263,0.09,0.0
Myanmar,2020,MMR,9.14,48.669,0.08,0.0
Myanmar,2021,MMR,9.86,49.349,0.09,0.0
Myanmar,2022,MMR,9.5,40.86,0.16,0.0
Myanmar,2023,MMR,9.81,46.493,0.11,0.0
Myanmar,2024,MMR,10.39,47.858,0.12,0.0
Namibia,2000,NAM,1.4,97.222,0.0,0.0
Namibia,2001,NAM,1.21,100.0,0.0,0.0
Namibia,2002,NAM,1.42,99.301,0.0,0.0
Namibia,2003,NAM,1.42,99.301,0.0,0.0
Namibia,2004,NAM,1.37,99.275,0.0,0.0
Namibia,2005,NAM,1.66,98.225,0.0,0.0
Namibia,2006,NAM,1.51,93.789,0.0,0.0
Namibia,2007,NAM,1.54,98.089,0.0,0.0
Namibia,2008,NAM,1.39,88.535,0.0,0.0
Namibia,2009,NAM,1.42,94.667,0.01,0.0
Namibia,2010,NAM,1.26,96.183,0.01,0.0
Namibia,2011,NAM,1.41,97.241,0.01,0.0
Namibia,2012,NAM,1.62,97.006,0.01,0.0
Namibia,2013,NAM,1.29,95.556,0.02,0.0
Namibia,2014,NAM,1.52,99.346,0.03,0.0
Namibia,2015,NAM,1.54,97.468,0.04,0.0
Namibia,2016,NAM,1.42,95.946,0.06,0.0
Namibia,2017,NAM,1.7,96.045,0.11,0.0
Namibia,2018,NAM,1.39,98.582,0.23,0.02
Namibia,2019,NAM,1.33,96.377,0.36,0.02
Namibia,2020,NAM,1.93,96.5,0.41,0.02
Namibia,2021,NAM,1.47,97.351,0.48,0.02
Namibia,2022,NAM,1.3,98.485,0.5,0.02
Namibia,2023,NAM,1.85,97.884,0.51,0.02
Namibia,2024,NAM,1.6,97.561,0.58,0.02
Nauru,2000,NRU,0.0,0.0,0.0,0.0
Nauru,2001,NRU,0.0,0.0,0.0,0.0
Nauru,2002,NRU,0.0,0.0,0.0,0.0
Nauru,2003,NRU,0.0,0.0,0.0,0.0
Nauru,2004,NRU,0.0,0.0,0.0,0.0
Nauru,2005,NRU,0.0,0.0,0.0,0.0
Nauru,2006,NRU,0.0,0.0,0.0,0.0
Nauru,2007,NRU,0.0,0.0,0.0,0.0
Nauru,2008,NRU,0.0,0.0,0.0,0.0
Nauru,2009,NRU,0.0,0.0,0.0,0.0
Nauru,2010,NRU,0.0,0.0,0.0,0.0
Nauru,2011,NRU,0.0,0.0,0.0,0.0
Nauru,2012,NRU,0.0,0.0,0.0,0.0
Nauru,2013,NRU,0.0,0.0,0.0,0.0
Nauru,2014,NRU,0.0,0.0,0.0,0.0
Nauru,2015,NRU,0.0,0.0,0.0,0.0
Nauru,2016,NRU,0.0,0.0,0.0,0.0
Nauru,2017,NRU,0.0,0.0,0.0,0.0
Nauru,2018,NRU,0.0,0.0,0.0,0.0
Nauru,2019,NRU,0.0,0.0,0.0,0.0
Nauru,2020,NRU,0.0,0.0,0.0,0.0
Nauru,2021,NRU,0.0,0.0,0.0,0.0
Nauru,2022,NRU,0.0,0.0,0.0,0.0
Nauru,2023,NRU,0.0,0.0,0.0,0.0
Nauru,2024,NRU,0.01,20.0,0.01,0.0
Nepal,2000,NPL,1.62,98.182,0.0,0.0
Nepal,2001,NPL,1.83,98.919,0.0,0.0
Nepal,2002,NPL,2.1,100.0,0.0,0.0
Nepal,2003,NPL,2.26,100.0,0.0,0.0
Nepal,2004,NPL,2.38,99.582,0.0,0.0
Nepal,2005,NPL,2.49,99.203,0.0,0.0
Nepal,2006,NPL,2.71,99.632,0.0,0.0
Nepal,2007,NPL,2.76,99.639,0.0,0.0
Nepal,2008,NPL,2.78,99.642,0.0,0.0
Nepal,2009,NPL,3.07,99.675,0.0,0.0
Nepal,2010,NPL,3.18,100.0,0.01,0.0
Nepal,2011,NPL,3.46,100.0,0.01,0.0
Nepal,2012,NPL,3.51,99.433,0.01,0.0
Nepal,2013,NPL,3.49,99.714,0.02,0.0
Nepal,2014,NPL,3.8,100.0,0.02,0.01
Nepal,2015,NPL,3.46,100.0,0.02,0.01
Nepal,2016,NPL,4.18,100.0,0.02,0.01
Nepal,2017,NPL,4.58,100.0,0.08,0.01
Nepal,2018,NPL,4.84,100.0,0.08,0.01
Nepal,2019,NPL,6.15,100.0,0.08,0.01
Nepal,2020,NPL,6.18,100.0,0.08,0.01
Nepal,2021,NPL,9.63,100.0,0.09,0.01
Nepal,2022,NPL,10.7,100.0,0.1,0.01
Nepal,2023,NPL,10.7,100.0,0.1,0.01
Nepal,2024,NPL,11.13,100.0,0.12,0.01
Netherlands,1965,NLD,0.0,,0.0,0.0
Netherlands,1966,NLD,0.0,,0.0,0.0
Netherlands,1967,NLD,0.0,,0.0,0.0
Netherlands,1968,NLD,0.0,,0.0,0.0
Netherlands,1969,NLD,0.0,,0.0,0.0
Netherlands,1970,NLD,0.0,,0.0,0.0
Netherlands,1971,NLD,0.0,,0.0,0.0
Netherlands,1972,NLD,0.0,,0.0,0.0
Netherlands,1973,NLD,0.0,,0.0,0.0
Netherlands,1974,NLD,0.0,,0.0,0.0
Netherlands,1975,NLD,0.803,,0.0,0.0
Netherlands,1976,NLD,0.872,,0.0,0.0
Netherlands,1977,NLD,0.867,,0.0,0.0
Netherlands,1978,NLD,1.211,,0.0,0.0
Netherlands,1979,NLD,1.106,,0.0,0.0
Netherlands,1980,NLD,1.024,,0.0,0.0
Netherlands,1981,NLD,1.085,,0.0,0.0
Netherlands,1982,NLD,0.265,,0.0,0.0
Netherlands,1983,NLD,0.231,,0.0,0.0
Netherlands,1984,NLD,0.017,,0.0,0.0
Netherlands,1985,NLD,0.444,0.705,0.0,0.0
Netherlands,1986,NLD,0.557,0.829,0.0,0.001
Netherlands,1987,NLD,0.705,1.03,0.0,0.002
Netherlands,1988,NLD,0.853,1.225,0.0,0.016
Netherlands,1989,NLD,0.96,1.314,0.0,0.023
Netherlands,1990,NLD,0.82,1.16,0.0,0.06
Netherlands,1991,NLD,0.93,1.27,0.0,0.09
Netherlands,1992,NLD,1.0,1.319,0.0,0.15
Netherlands,1993,NLD,1.1,1.45,0.0,0.17
Netherlands,1994,NLD,1.26,1.61,0.0,0.24
Netherlands,1995,NLD,1.41,1.767,0.0,0.32
Netherlands,1996,NLD,1.82,2.165,0.0,0.44
Netherlands,1997,NLD,2.01,2.362,0.0,0.47
Netherlands,1998,NLD,2.32,2.595,0.0,0.64
Netherlands,1999,NLD,2.51,2.947,0.01,0.64
Netherlands,2000,NLD,2.97,3.373,0.01,0.83
Netherlands,2001,NLD,3.31,3.592,0.01,0.83
Netherlands,2002,NLD,3.98,4.205,0.02,0.95
Netherlands,2003,NLD,3.96,4.148,0.03,1.32
Netherlands,2004,NLD,5.3,5.31,0.03,1.87
Netherlands,2005,NLD,7.46,7.571,0.04,2.07
Netherlands,2006,NLD,8.06,8.265,0.04,2.74
Netherlands,2007,NLD,7.59,7.321,0.04,3.44
Netherlands,2008,NLD,9.53,8.973,0.04,4.26
Netherlands,2009,NLD,10.83,9.64,0.04,4.58
Netherlands,2010,NLD,11.19,9.475,0.06,3.99
Netherlands,2011,NLD,12.32,10.938,0.1,5.1
Netherlands,2012,NLD,12.47,12.193,0.19,4.98
Netherlands,2013,NLD,12.1,12.033,0.41,5.63
Netherlands,2014,NLD,11.65,11.41,0.73,5.8
Netherlands,2015,NLD,13.69,12.561,1.11,7.55
Netherlands,2016,NLD,14.78,12.969,1.6,8.17
Netherlands,2017,NLD,17.43,15.021,2.2,10.57
Netherlands,2018,NLD,18.88,16.693,3.71,10.55
Netherlands,2019,NLD,22.8,18.992,5.4,11.51
Netherlands,2020,NLD,32.73,26.837,8.57,15.27
Netherlands,2021,NLD,40.44,33.452,11.3,18.13
Netherlands,2022,NLD,48.1,40.097,16.66,21.57
Netherlands,2023,NLD,56.84,47.382,19.61,29.52
Netherlands,2024,NLD,62.07,50.74,21.82,33.48
Netherlands,2025,NLD,69.1,51.2,28.5,33.7
New Caledonia,2000,NCL,0.45,27.439,0.0,0.01
New Caledonia,2001,NCL,0.37,21.512,0.0,0.01
New Caledonia,2002,NCL,0.33,18.857,0.0,0.01
New Caledonia,2003,NCL,0.32,18.286,0.0,0.0
New Caledonia,2004,NCL,0.33,19.76,0.0,0.01
New Caledonia,2005,NCL,0.36,19.149,0.0,0.02
New Caledonia,2006,NCL,0.31,16.578,0.0,0.03
New Caledonia,2007,NCL,0.43,22.28,0.0,0.04
New Caledonia,2008,NCL,0.48,25.806,0.0,0.03
New Caledonia,2009,NCL,0.43,22.165,0.0,0.03
New Caledonia,2010,NCL,0.31,14.623,0.0,0.05
New Caledonia,2011,NCL,0.42,18.584,0.0,0.05
New Caledonia,2012,NCL,0.46,20.087,0.0,0.06
New Caledonia,2013,NCL,0.51,20.319,0.0,0.05
New Caledonia,2014,NCL,0.35,11.628,0.0,0.06
New Caledonia,2015,NCL,0.41,14.138,0.01,0.06
New Caledonia,2016,NCL,0.29,9.236,0.01,0.05
New Caledonia,2017,NCL,0.44,13.622,0.03,0.05
New Caledonia,2018,NCL,0.42,12.0,0.05,0.05
New Caledonia,2019,NCL,0.46,13.814,0.12,0.06
New Caledonia,2020,NCL,0.51,15.741,0.15,0.05
New Caledonia,2021,NCL,0.65,22.337,0.18,0.04
New Caledonia,2022,NCL,0.81,26.214,0.23,0.04
New Caledonia,2023,NCL,0.81,26.214,0.23,0.04
New Caledonia,2024,NCL,0.84,26.923,0.26,0.04
New Zealand,1965,NZL,11.367,,0.0,0.0
New Zealand,1966,NZL,12.164,,0.0,0.0
New Zealand,1967,NZL,12.355,,0.0,0.0
New Zealand,1968,NZL,13.068,,0.0,0.0
New Zealand,1969,NZL,12.963,,0.0,0.0
New Zealand,1970,NZL,13.943,,0.0,0.0
New Zealand,1971,NZL,15.65,,0.0,0.0
New Zealand,1972,NZL,16.522,,0.0,0.0
New Zealand,1973,NZL,16.34,,0.0,0.0
New Zealand,1974,NZL,17.268,,0.0,0.0
New Zealand,1975,NZL,18.77,,0.0,0.0
New Zealand,1976,NZL,17.554,,0.0,0.0
New Zealand,1977,NZL,16.698,,0.0,0.0
New Zealand,1978,NZL,17.661,,0.0,0.0
New Zealand,1979,NZL,20.321,,0.0,0.0
New Zealand,1980,NZL,21.336,,0.0,0.0
New Zealand,1981,NZL,21.618,,0.0,0.0
New Zealand,1982,NZL,20.272,,0.0,0.0
New Zealand,1983,NZL,21.738,,0.0,0.0
New Zealand,1984,NZL,22.515,,0.0,0.0
New Zealand,1985,NZL,21.718,76.298,0.0,0.0
New Zealand,1986,NZL,24.181,82.401,0.0,0.0
New Zealand,1987,NZL,24.006,80.687,0.0,0.0
New Zealand,1988,NZL,25.05,80.582,0.0,0.0
New Zealand,1989,NZL,25.137,80.161,0.0,0.0
New Zealand,1990,NZL,26.138,80.143,0.0,0.0
New Zealand,1991,NZL,26.016,77.339,0.0,0.0
New Zealand,1992,NZL,24.163,72.755,0.0,0.001
New Zealand,1993,NZL,26.712,77.167,0.0,0.001
New Zealand,1994,NZL,28.913,82.149,0.0,0.001
New Zealand,1995,NZL,30.56,83.934,0.0,0.001
New Zealand,1996,NZL,29.143,79.183,0.0,0.008
New Zealand,1997,NZL,26.318,70.288,0.0,0.014
New Zealand,1998,NZL,28.649,75.84,0.0,0.022
New Zealand,1999,NZL,26.515,69.849,0.0,0.039
New Zealand,2000,NZL,27.92,71.755,0.0,0.12
New Zealand,2001,NZL,25.0,63.646,0.0,0.14
New Zealand,2002,NZL,28.0,69.634,0.0,0.15
New Zealand,2003,NZL,26.68,66.089,0.0,0.15
New Zealand,2004,NZL,30.6,72.392,0.0,0.36
New Zealand,2005,NZL,27.36,64.407,0.0,0.61
New Zealand,2006,NZL,27.88,64.777,0.0,0.62
New Zealand,2007,NZL,28.41,65.491,0.0,0.92
New Zealand,2008,NZL,27.87,64.231,0.0,1.05
New Zealand,2009,NZL,30.79,71.688,0.0,1.46
New Zealand,2010,NZL,32.4,73.121,0.0,1.62
New Zealand,2011,NZL,33.33,75.992,0.0,1.94
New Zealand,2012,NZL,31.38,71.726,0.0,2.06
New Zealand,2013,NZL,31.68,74.192,0.01,2.0
New Zealand,2014,NZL,33.95,79.101,0.02,2.19
New Zealand,2015,NZL,34.89,80.078,0.04,2.34
New Zealand,2016,NZL,36.39,84.334,0.06,2.32
New Zealand,2017,NZL,35.46,81.219,0.08,2.07
New Zealand,2018,NZL,36.47,83.398,0.1,2.05
New Zealand,2019,NZL,36.06,82.423,0.13,2.23
New Zealand,2020,NZL,35.08,80.923,0.16,2.28
New Zealand,2021,NZL,35.59,81.722,0.21,2.62
New Zealand,2022,NZL,37.6,86.936,0.28,2.89
New Zealand,2023,NZL,38.44,89.625,0.37,3.51
New Zealand,2024,NZL,37.84,85.98,0.37,4.31
New Zealand,2025,NZL,38.37,88.533,0.37,4.22
Nicaragua,2000,NIC,0.49,21.491,0.0,0.0
Nicaragua,2001,NIC,0.49,19.838,0.0,0.0
Nicaragua,2002,NIC,0.64,25.098,0.0,0.0
Nicaragua,2003,NIC,0.74,27.407,0.0,0.0
Nicaragua,2004,NIC,0.79,28.114,0.0,0.0
Nicaragua,2005,NIC,1.02,35.664,0.0,0.0
Nicaragua,2006,NIC,0.94,30.032,0.0,0.0
Nicaragua,2007,NIC,0.92,28.75,0.0,0.0
Nicaragua,2008,NIC,1.19,35.417,0.0,0.0
Nicaragua,2009,NIC,1.06,30.725,0.0,0.11
Nicaragua,2010,NIC,1.34,36.712,0.0,0.16
Nicaragua,2011,NIC,1.29,33.858,0.0,0.21
Nicaragua,2012,NIC,1.72,42.68,0.0,0.33
Nicaragua,2013,NIC,2.18,52.278,0.0,0.56
Nicaragua,2014,NIC,2.4,53.812,0.0,0.85
Nicaragua,2015,NIC,2.3,50.109,0.0,0.87
Nicaragua,2016,NIC,2.4,52.288,0.0,0.73
Nicaragua,2017,NIC,2.53,55.973,0.01,0.63
Nicaragua,2018,NIC,2.73,58.71,0.02,0.8
Nicaragua,2019,NIC,2.61,56.987,0.03,0.73
Nicaragua,2020,NIC,2.65,69.921,0.03,0.55
Nicaragua,2021,NIC,2.91,69.121,0.03,0.66
Nicaragua,2022,NIC,2.77,64.12,0.03,0.56
Nicaragua,2023,NIC,2.82,62.389,0.03,0.56
Nicaragua,2024,NIC,2.82,62.389,0.03,0.56
Niger,2000,NER,0.0,0.0,0.0,0.0
Niger,2001,NER,0.0,0.0,0.0,0.0
Niger,2002,NER,0.0,0.0,0.0,0.0
Niger,2003,NER,0.0,0.0,0.0,0.0
Niger,2004,NER,0.0,0.0,0.0,0.0
Niger,2005,NER,0.0,0.0,0.0,0.0
Niger,2006,NER,0.0,0.0,0.0,0.0
Niger,2007,NER,0.0,0.0,0.0,0.0
Niger,2008,NER,0.0,0.0,0.0,0.0
Niger,2009,NER,0.0,0.0,0.0,0.0
Niger,2010,NER,0.0,0.0,0.0,0.0
Niger,2011,NER,0.0,0.0,0.0,0.0
Niger,2012,NER,0.0,0.0,0.0,0.0
Niger,2013,NER,0.0,0.0,0.0,0.0
Niger,2014,NER,0.01,2.222,0.01,0.0
Niger,2015,NER,0.01,1.852,0.01,0.0
Niger,2016,NER,0.01,1.429,0.01,0.0
Niger,2017,NER,0.01,1.786,0.01,0.0
Niger,2018,NER,0.01,1.887,0.01,0.0
Niger,2019,NER,0.02,2.985,0.02,0.0
Niger,2020,NER,0.02,2.985,0.02,0.0
Niger,2021,NER,0.02,2.817,0.02,0.0
Niger,2022,NER,0.02,2.532,0.02,0.0
Niger,2023,NER,0.02,2.062,0.02,0.0
Niger,2024,NER,0.03,3.158,0.03,0.0
Nigeria,2000,NGA,5.64,38.263,0.0,0.0
Nigeria,2001,NGA,5.92,38.268,0.0,0.0
Nigeria,2002,NGA,8.24,38.237,0.0,0.0
Nigeria,2003,NGA,7.46,36.931,0.0,0.0
Nigeria,2004,NGA,8.12,33.429,0.0,0.0
Nigeria,2005,NGA,7.78,33.036,0.0,0.0
Nigeria,2006,NGA,6.27,27.119,0.0,0.0
Nigeria,2007,NGA,6.24,27.142,0.0,0.0
Nigeria,2008,NGA,5.73,27.131,0.0,0.0
Nigeria,2009,NGA,4.54,22.941,0.0,0.0
Nigeria,2010,NGA,6.38,24.416,0.0,0.0
Nigeria,2011,NGA,5.89,21.783,0.0,0.0
Nigeria,2012,NGA,5.69,19.798,0.02,0.0
Nigeria,2013,NGA,5.37,18.562,0.02,0.0
Nigeria,2014,NGA,5.39,16.698,0.02,0.0
Nigeria,2015,NGA,6.47,19.506,0.03,0.0
Nigeria,2016,NGA,8.21,22.469,0.03,0.0
Nigeria,2017,NGA,7.8,24.194,0.03,0.0
Nigeria,2018,NGA,7.77,21.166,0.04,0.0
Nigeria,2019,NGA,8.51,23.341,0.05,0.0
Nigeria,2020,NGA,7.81,20.553,0.08,0.0
Nigeria,2021,NGA,8.1,20.663,0.1,0.0
Nigeria,2022,NGA,9.39,24.711,0.1,0.0
Nigeria,2023,NGA,9.28,22.678,0.11,0.0
Nigeria,2024,NGA,9.39,25.0,0.13,0.0
Nigeria,2025,NGA,13.01,31.319,0.13,0.0
Niue,2000,NIU,0.0,,0.0,0.0
Niue,2001,NIU,0.0,,0.0,0.0
Niue,2002,NIU,0.0,,0.0,0.0
Niue,2003,NIU,0.0,,0.0,0.0
Niue,2004,NIU,0.0,,0.0,0.0
Niue,2005,NIU,0.0,,0.0,0.0
Niue,2006,NIU,0.0,,0.0,0.0
Niue,2007,NIU,0.0,,0.0,0.0
Niue,2008,NIU,0.0,,0.0,0.0
Niue,2009,NIU,0.0,,0.0,0.0
Niue,2010,NIU,0.0,,0.0,0.0
Niue,2011,NIU,0.0,,0.0,0.0
Niue,2012,NIU,0.0,,0.0,0.0
Niue,2013,NIU,0.0,,0.0,0.0
Niue,2014,NIU,0.0,,0.0,0.0
Niue,2015,NIU,0.0,,0.0,0.0
Niue,2016,NIU,0.0,,0.0,0.0
Niue,2017,NIU,0.0,,0.0,0.0
Niue,2018,NIU,0.0,,0.0,0.0
Niue,2019,NIU,0.0,,0.0,0.0
Niue,2020,NIU,0.0,,0.0,0.0
Niue,2021,NIU,0.0,,0.0,0.0
Niue,2022,NIU,0.0,,0.0,0.0
Niue,2023,NIU,0.0,,0.0,0.0
North Korea,2000,PRK,10.1,52.332,0.0,0.0
North Korea,2001,PRK,10.49,52.215,0.0,0.0
North Korea,2002,PRK,10.51,53.459,0.0,0.0
North Korea,2003,PRK,11.6,55.556,0.0,0.0
North Korea,2004,PRK,12.38,56.633,0.0,0.0
North Korea,2005,PRK,13.0,57.093,0.0,0.0
North Korea,2006,PRK,12.49,55.984,0.0,0.0
North Korea,2007,PRK,13.15,61.477,0.0,0.0
North Korea,2008,PRK,13.93,60.408,0.0,0.0
North Korea,2009,PRK,12.38,52.951,0.0,0.0
North Korea,2010,PRK,13.27,56.3,0.0,0.0
North Korea,2011,PRK,13.07,62.626,0.0,0.0
North Korea,2012,PRK,13.36,62.547,0.0,0.0
North Korea,2013,PRK,13.77,62.676,0.01,0.0
North Korea,2014,PRK,12.88,59.963,0.01,0.0
North Korea,2015,PRK,9.93,52.456,0.03,0.0
North Korea,2016,PRK,12.71,53.381,0.04,0.0
North Korea,2017,PRK,11.83,50.491,0.05,0.0
North Korea,2018,PRK,12.73,51.269,0.06,0.0
North Korea,2019,PRK,11.08,46.399,0.08,0.0
North Korea,2020,PRK,12.9,53.527,0.1,0.0
North Korea,2021,PRK,16.23,63.324,0.13,0.0
North Korea,2022,PRK,16.75,63.089,0.15,0.0
North Korea,2023,PRK,16.75,62.687,0.15,0.0
North Korea,2024,PRK,17.17,63.358,0.17,0.0
North Macedonia,1990,MKD,0.49,8.522,0.0,0.0
North Macedonia,1991,MKD,0.85,14.731,0.0,0.0
North Macedonia,1992,MKD,0.85,14.003,0.0,0.0
North Macedonia,1993,MKD,0.52,10.039,0.0,0.0
North Macedonia,1994,MKD,0.69,11.616,0.0,0.0
North Macedonia,1995,MKD,0.8,13.051,0.0,0.0
North Macedonia,1996,MKD,0.85,12.801,0.0,0.0
North Macedonia,1997,MKD,0.9,13.373,0.0,0.0
North Macedonia,1998,MKD,1.08,15.319,0.0,0.0
North Macedonia,1999,MKD,1.39,20.262,0.0,0.0
North Macedonia,2014,MKD,1.29,23.978,0.01,0.07
North Macedonia,2015,MKD,2.03,35.929,0.02,0.12
North Macedonia,2016,MKD,2.07,36.767,0.02,0.11
North Macedonia,2017,MKD,1.29,23.036,0.02,0.11
North Macedonia,2018,MKD,1.96,34.938,0.02,0.1
North Macedonia,2019,MKD,1.34,22.828,0.02,0.1
North Macedonia,2020,MKD,1.48,27.715,0.02,0.12
North Macedonia,2021,MKD,1.65,29.837,0.05,0.1
North Macedonia,2022,MKD,1.61,27.104,0.1,0.11
North Macedonia,2023,MKD,2.21,32.075,0.36,0.16
North Macedonia,2024,MKD,2.49,39.461,0.89,0.17
North Macedonia,2025,MKD,3.22,47.214,1.62,0.2
Norway,1965,NOR,49.452,,0.0,0.0
Norway,1966,NOR,48.744,,0.0,0.0
Norway,1967,NOR,53.301,,0.0,0.0
Norway,1968,NOR,60.205,,0.0,0.0
Norway,1969,NOR,57.371,,0.0,0.0
Norway,1970,NOR,57.808,,0.0,0.0
Norway,1971,NOR,63.245,,0.0,0.0
Norway,1972,NOR,67.417,,0.0,0.0
Norway,1973,NOR,72.867,,0.0,0.0
Norway,1974,NOR,76.597,,0.0,0.0
Norway,1975,NOR,77.33,,0.0,0.0
Norway,1976,NOR,81.933,,0.0,0.0
Norway,1977,NOR,72.022,,0.0,0.0
Norway,1978,NOR,80.706,,0.0,0.0
Norway,1979,NOR,88.698,,0.0,0.0
Norway,1980,NOR,83.613,,0.0,0.0
Norway,1981,NOR,92.834,,0.0,0.0
Norway,1982,NOR,92.499,,0.0,0.0
Norway,1983,NOR,105.688,,0.0,0.0
Norway,1984,NOR,105.903,,0.0,0.0
Norway,1985,NOR,102.388,99.125,0.0,0.0
Norway,1986,NOR,96.227,98.913,0.0,0.0
Norway,1987,NOR,103.294,99.052,0.0,0.0
Norway,1988,NOR,108.884,98.968,0.0,0.0
Norway,1989,NOR,118.429,99.356,0.0,0.0
Norway,1990,NOR,121.35,99.794,0.0,0.0
Norway,1991,NOR,110.34,99.801,0.0,0.0
Norway,1992,NOR,116.9,99.821,0.0,0.0
Norway,1993,NOR,119.48,99.8,0.0,0.01
Norway,1994,NOR,111.92,99.644,0.0,0.01
Norway,1995,NOR,121.83,99.656,0.0,0.01
Norway,1996,NOR,104.17,99.503,0.0,0.01
Norway,1997,NOR,110.03,99.575,0.0,0.01
Norway,1998,NOR,115.98,99.622,0.0,0.01
Norway,1999,NOR,121.75,99.558,0.0,0.03
Norway,2000,NOR,142.11,99.712,0.0,0.03
Norway,2001,NOR,120.74,99.522,0.0,0.03
Norway,2002,NOR,129.7,99.585,0.0,0.08
Norway,2003,NOR,106.03,99.4,0.0,0.22
Norway,2004,NOR,109.39,99.355,0.0,0.25
Norway,2005,NOR,136.52,99.468,0.0,0.5
Norway,2006,NOR,120.4,99.324,0.0,0.64
Norway,2007,NOR,134.94,99.14,0.0,0.89
Norway,2008,NOR,140.35,99.405,0.0,0.91
Norway,2009,NOR,126.48,96.572,0.0,0.97
Norway,2010,NOR,117.96,95.793,0.0,0.87
Norway,2011,NOR,121.91,96.808,0.0,1.29
Norway,2012,NOR,143.59,98.228,0.0,1.54
Norway,2013,NOR,130.42,97.957,0.0,1.88
Norway,2014,NOR,137.94,97.913,0.0,2.22
Norway,2015,NOR,140.07,97.951,0.0,2.52
Norway,2016,NOR,145.15,98.054,0.0,2.11
Norway,2017,NOR,145.48,98.118,0.0,2.85
Norway,2018,NOR,143.05,98.02,0.0,3.87
Norway,2019,NOR,131.07,97.938,0.01,5.52
Norway,2020,NOR,152.03,98.516,0.08,9.91
Norway,2021,NOR,156.06,99.319,0.11,11.76
Norway,2022,NOR,143.45,98.645,0.17,14.8
Norway,2023,NOR,151.28,98.47,0.36,13.96
Norway,2024,NOR,154.92,98.606,0.53,14.6
Norway,2025,NOR,159.2,98.999,0.53,13.56
Oman,1965,OMN,0.0,,0.0,0.0
Oman,1966,OMN,0.0,,0.0,0.0
Oman,1967,OMN,0.0,,0.0,0.0
Oman,1968,OMN,0.0,,0.0,0.0
Oman,1969,OMN,0.0,,0.0,0.0
Oman,1970,OMN,0.0,,0.0,0.0
Oman,1971,OMN,0.0,,0.0,0.0
Oman,1972,OMN,0.0,,0.0,0.0
Oman,1973,OMN,0.0,,0.0,0.0
Oman,1974,OMN,0.0,,0.0,0.0
Oman,1975,OMN,0.0,,0.0,0.0
Oman,1976,OMN,0.0,,0.0,0.0
Oman,1977,OMN,0.0,,0.0,0.0
Oman,1978,OMN,0.0,,0.0,0.0
Oman,1979,OMN,0.0,,0.0,0.0
Oman,1980,OMN,0.0,,0.0,0.0
Oman,1981,OMN,0.0,,0.0,0.0
Oman,1982,OMN,0.0,,0.0,0.0
Oman,1983,OMN,0.0,,0.0,0.0
Oman,1984,OMN,0.0,,0.0,0.0
Oman,1985,OMN,0.0,0.0,0.0,0.0
Oman,1986,OMN,0.0,0.0,0.0,0.0
Oman,1987,OMN,0.0,0.0,0.0,0.0
Oman,1988,OMN,0.0,0.0,0.0,0.0
Oman,1989,OMN,0.0,0.0,0.0,0.0
Oman,1990,OMN,0.0,0.0,0.0,0.0
Oman,1991,OMN,0.0,0.0,0.0,0.0
Oman,1992,OMN,0.0,0.0,0.0,0.0
Oman,1993,OMN,0.0,0.0,0.0,0.0
Oman,1994,OMN,0.0,0.0,0.0,0.0
Oman,1995,OMN,0.0,0.0,0.0,0.0
Oman,1996,OMN,0.0,0.0,0.0,0.0
Oman,1997,OMN,0.0,0.0,0.0,0.0
Oman,1998,OMN,0.0,0.0,0.0,0.0
Oman,1999,OMN,0.0,0.0,0.0,0.0
Oman,2000,OMN,0.0,0.0,0.0,0.0
Oman,2001,OMN,0.0,0.0,0.0,0.0
Oman,2002,OMN,0.0,0.0,0.0,0.0
Oman,2003,OMN,0.0,0.0,0.0,0.0
Oman,2004,OMN,0.0,0.0,0.0,0.0
Oman,2005,OMN,0.0,0.0,0.0,0.0
Oman,2006,OMN,0.0,0.0,0.0,0.0
Oman,2007,OMN,0.0,0.0,0.0,0.0
Oman,2008,OMN,0.0,0.0,0.0,0.0
Oman,2009,OMN,0.0,0.0,0.0,0.0
Oman,2010,OMN,0.0,0.0,0.0,0.0
Oman,2011,OMN,0.0,0.0,0.0,0.0
Oman,2012,OMN,0.0,0.0,0.0,0.0
Oman,2013,OMN,0.0,0.0,0.0,0.0
Oman,2014,OMN,0.0,0.0,0.0,0.0
Oman,2015,OMN,0.0,0.0,0.0,0.0
Oman,2016,OMN,0.0,0.0,0.0,0.0
Oman,2017,OMN,0.02,0.055,0.02,0.0
Oman,2018,OMN,0.05,0.132,0.05,0.0
Oman,2019,OMN,0.06,0.154,0.05,0.01
Oman,2020,OMN,0.1,0.262,0.1,0.0
Oman,2021,OMN,0.7,1.707,0.6,0.1
Oman,2022,OMN,1.9,4.481,1.8,0.1
Oman,2023,OMN,2.2,4.889,2.1,0.1
Oman,2024,OMN,2.4,4.888,2.3,0.1
Oman,2025,OMN,2.4,4.542,2.3,0.1
Pakistan,1965,PAK,2.196,,0.0,0.0
Pakistan,1966,PAK,2.196,,0.0,0.0
Pakistan,1967,PAK,2.603,,0.0,0.0
Pakistan,1968,PAK,3.129,,0.0,0.0
Pakistan,1969,PAK,3.301,,0.0,0.0
Pakistan,1970,PAK,2.921,,0.0,0.0
Pakistan,1971,PAK,3.814,,0.0,0.0
Pakistan,1972,PAK,4.013,,0.0,0.0
Pakistan,1973,PAK,4.234,,0.0,0.0
Pakistan,1974,PAK,4.256,,0.0,0.0
Pakistan,1975,PAK,4.897,,0.0,0.0
Pakistan,1976,PAK,5.317,,0.0,0.0
Pakistan,1977,PAK,6.315,,0.0,0.0
Pakistan,1978,PAK,7.84,,0.0,0.0
Pakistan,1979,PAK,8.476,,0.0,0.0
Pakistan,1980,PAK,8.887,,0.0,0.0
Pakistan,1981,PAK,9.281,,0.0,0.0
Pakistan,1982,PAK,10.443,,0.0,0.0
Pakistan,1983,PAK,12.096,,0.0,0.0
Pakistan,1984,PAK,12.538,,0.0,0.0
Pakistan,1985,PAK,13.024,45.183,0.0,0.0
Pakistan,1986,PAK,12.454,38.5,0.0,0.0
Pakistan,1987,PAK,16.374,45.049,0.0,0.0
Pakistan,1988,PAK,17.165,42.204,0.0,0.0
Pakistan,1989,PAK,17.443,40.75,0.0,0.0
Pakistan,1990,PAK,17.085,37.154,0.0,0.0
Pakistan,1991,PAK,18.283,36.406,0.0,0.0
Pakistan,1992,PAK,19.945,37.228,0.0,0.0
Pakistan,1993,PAK,21.933,38.472,0.0,0.0
Pakistan,1994,PAK,21.527,37.165,0.0,0.0
Pakistan,1995,PAK,22.747,35.681,0.0,0.0
Pakistan,1996,PAK,24.797,36.701,0.0,0.0
Pakistan,1997,PAK,18.447,29.523,0.0,0.0
Pakistan,1998,PAK,24.108,36.309,0.0,0.0
Pakistan,1999,PAK,21.505,32.931,0.0,0.0
Pakistan,2000,PAK,17.19,25.854,0.0,0.0
Pakistan,2001,PAK,18.94,26.265,0.0,0.0
Pakistan,2002,PAK,22.35,29.497,0.0,0.0
Pakistan,2003,PAK,28.14,34.284,0.0,0.0
Pakistan,2004,PAK,26.87,31.259,0.0,0.0
Pakistan,2005,PAK,31.86,33.693,0.0,0.0
Pakistan,2006,PAK,33.01,33.166,0.0,0.0
Pakistan,2007,PAK,29.96,31.16,0.0,0.0
Pakistan,2008,PAK,29.06,31.244,0.0,0.0
Pakistan,2009,PAK,29.1,30.278,0.0,0.01
Pakistan,2010,PAK,32.82,34.715,0.01,0.01
Pakistan,2011,PAK,29.68,31.298,0.03,0.02
Pakistan,2012,PAK,31.11,31.713,0.07,0.01
Pakistan,2013,PAK,33.76,32.189,0.14,0.4
Pakistan,2014,PAK,35.43,32.833,0.24,0.8
Pakistan,2015,PAK,37.95,33.647,0.38,0.79
Pakistan,2016,PAK,35.85,29.17,0.68,1.33
Pakistan,2017,PAK,32.64,25.038,0.92,2.1
Pakistan,2018,PAK,33.13,25.678,0.92,3.16
Pakistan,2019,PAK,40.78,30.214,2.61,2.88
Pakistan,2020,PAK,42.3,28.941,4.1,2.9
Pakistan,2021,PAK,45.77,28.044,5.79,4.58
Pakistan,2022,PAK,50.55,28.726,7.72,6.34
Pakistan,2023,PAK,57.07,33.186,11.35,6.05
Pakistan,2024,PAK,65.08,37.197,19.83,5.16
Pakistan,2025,PAK,83.37,42.747,36.61,5.74
Palestine,2000,PSE,0.0,0.0,0.0,0.0
Palestine,2001,PSE,0.0,0.0,0.0,0.0
Palestine,2002,PSE,0.0,0.0,0.0,0.0
Palestine,2003,PSE,0.0,0.0,0.0,0.0
Palestine,2004,PSE,0.0,0.0,0.0,0.0
Palestine,2005,PSE,0.0,0.0,0.0,0.0
Palestine,2006,PSE,0.0,0.0,0.0,0.0
Palestine,2007,PSE,0.0,0.0,0.0,0.0
Palestine,2008,PSE,0.0,0.0,0.0,0.0
Palestine,2009,PSE,0.0,0.0,0.0,0.0
Palestine,2010,PSE,0.0,0.0,0.0,0.0
Palestine,2011,PSE,0.0,0.0,0.0,0.0
Palestine,2012,PSE,0.0,0.0,0.0,0.0
Palestine,2013,PSE,0.0,0.0,0.0,0.0
Palestine,2014,PSE,0.0,0.0,0.0,0.0
Palestine,2015,PSE,0.01,1.923,0.01,0.0
Palestine,2016,PSE,0.04,7.547,0.04,0.0
Palestine,2017,PSE,0.05,9.091,0.05,0.0
Palestine,2018,PSE,0.06,14.286,0.06,0.0
Palestine,2019,PSE,0.12,14.815,0.12,0.0
Palestine,2020,PSE,0.18,21.429,0.18,0.0
Palestine,2021,PSE,0.22,24.176,0.22,0.0
Palestine,2022,PSE,0.34,33.333,0.34,0.0
Palestine,2023,PSE,0.34,40.0,0.34,0.0
Palestine,2024,PSE,0.39,39.394,0.39,0.0
Panama,2000,PAN,3.44,70.348,0.0,0.0
Panama,2001,PAN,2.52,49.219,0.0,0.0
Panama,2002,PAN,3.42,64.65,0.0,0.0
Panama,2003,PAN,2.84,50.987,0.0,0.0
Panama,2004,PAN,3.8,65.972,0.0,0.0
Panama,2005,PAN,3.74,64.261,0.0,0.0
Panama,2006,PAN,3.6,60.201,0.0,0.0
Panama,2007,PAN,3.73,57.74,0.0,0.0
Panama,2008,PAN,3.99,62.053,0.0,0.0
Panama,2009,PAN,3.92,56.729,0.0,0.0
Panama,2010,PAN,4.21,57.046,0.0,0.0
Panama,2011,PAN,4.12,52.685,0.0,0.0
Panama,2012,PAN,5.42,62.95,0.0,0.0
Panama,2013,PAN,5.18,57.877,0.0,0.0
Panama,2014,PAN,5.19,55.806,0.01,0.12
Panama,2015,PAN,6.73,65.34,0.02,0.42
Panama,2016,PAN,7.25,66.636,0.07,0.63
Panama,2017,PAN,7.93,71.83,0.16,0.49
Panama,2018,PAN,8.71,77.768,0.23,0.59
Panama,2019,PAN,6.14,52.749,0.29,0.72
Panama,2020,PAN,8.28,75.686,0.32,0.58
Panama,2021,PAN,9.49,78.365,0.59,0.53
Panama,2022,PAN,9.46,77.224,0.7,0.58
Panama,2023,PAN,7.95,60.641,0.87,0.89
Panama,2024,PAN,9.13,67.982,0.99,0.96
Papua New Guinea,2000,PNG,0.92,42.396,0.0,0.0
Papua New Guinea,2001,PNG,0.92,34.328,0.0,0.0
Papua New Guinea,2002,PNG,0.92,32.056,0.0,0.0
Papua New Guinea,2003,PNG,0.97,30.124,0.0,0.0
Papua New Guinea,2004,PNG,0.94,26.781,0.0,0.0
Papua New Guinea,2005,PNG,1.18,32.597,0.0,0.0
Papua New Guinea,2006,PNG,1.15,33.824,0.0,0.0
Papua New Guinea,2007,PNG,1.25,37.313,0.0,0.0
Papua New Guinea,2008,PNG,1.25,36.657,0.0,0.0
Papua New Guinea,2009,PNG,1.25,37.092,0.0,0.0
Papua New Guinea,2010,PNG,1.25,35.613,0.0,0.0
Papua New Guinea,2011,PNG,1.36,37.466,0.0,0.0
Papua New Guinea,2012,PNG,1.37,36.729,0.0,0.0
Papua New Guinea,2013,PNG,1.41,35.162,0.0,0.0
Papua New Guinea,2014,PNG,1.43,33.411,0.0,0.0
Papua New Guinea,2015,PNG,1.42,31.347,0.0,0.0
Papua New Guinea,2016,PNG,1.42,29.769,0.0,0.0
Papua New Guinea,2017,PNG,1.21,27.816,0.0,0.0
Papua New Guinea,2018,PNG,1.0,22.936,0.0,0.0
Papua New Guinea,2019,PNG,1.13,26.402,0.0,0.0
Papua New Guinea,2020,PNG,1.12,27.317,0.0,0.0
Papua New Guinea,2021,PNG,1.12,24.724,0.0,0.0
Papua New Guinea,2022,PNG,0.97,21.133,0.01,0.0
Papua New Guinea,2023,PNG,1.12,23.679,0.01,0.0
Papua New Guinea,2024,PNG,1.12,23.679,0.01,0.0
Paraguay,2000,PRY,53.49,100.0,0.0,0.0
Paraguay,2001,PRY,45.32,100.0,0.0,0.0
Paraguay,2002,PRY,48.21,100.0,0.0,0.0
Paraguay,2003,PRY,51.77,100.0,0.0,0.0
Paraguay,2004,PRY,51.93,100.0,0.0,0.0
Paraguay,2005,PRY,51.17,100.0,0.0,0.0
Paraguay,2006,PRY,53.77,100.0,0.0,0.0
Paraguay,2007,PRY,53.71,100.0,0.0,0.0
Paraguay,2008,PRY,55.46,100.0,0.0,0.0
Paraguay,2009,PRY,54.94,100.0,0.0,0.0
Paraguay,2010,PRY,54.06,100.0,0.0,0.0
Paraguay,2011,PRY,57.62,100.0,0.0,0.0
Paraguay,2012,PRY,60.23,100.0,0.0,0.0
Paraguay,2013,PRY,60.51,100.0,0.0,0.0
Paraguay,2014,PRY,55.42,99.982,0.0,0.0
Paraguay,2015,PRY,55.89,100.0,0.0,0.0
Paraguay,2016,PRY,63.94,100.0,0.0,0.0
Paraguay,2017,PRY,59.82,100.0,0.0,0.0
Paraguay,2018,PRY,59.34,100.0,0.0,0.0
Paraguay,2019,PRY,49.59,100.0,0.0,0.0
Paraguay,2020,PRY,46.63,100.0,0.0,0.0
Paraguay,2021,PRY,40.84,100.0,0.0,0.0
Paraguay,2022,PRY,44.11,100.0,0.0,0.0
Paraguay,2023,PRY,53.04,100.0,0.0,0.0
Paraguay,2024,PRY,42.41,100.0,0.0,0.0
Paraguay,2025,PRY,45.35,100.0,0.0,0.0
Peru,1965,PER,2.625,,0.0,0.0
Peru,1966,PER,2.827,,0.0,0.0
Peru,1967,PER,3.168,,0.0,0.0
Peru,1968,PER,3.4,,0.0,0.0
Peru,1969,PER,3.701,,0.0,0.0
Peru,1970,PER,3.536,,0.0,0.0
Peru,1971,PER,4.513,,0.0,0.0
Peru,1972,PER,4.662,,0.0,0.0
Peru,1973,PER,4.999,,0.0,0.0
Peru,1974,PER,5.482,,0.0,0.0
Peru,1975,PER,5.733,,0.0,0.0
Peru,1976,PER,6.038,,0.0,0.0
Peru,1977,PER,6.267,,0.0,0.0
Peru,1978,PER,6.407,,0.0,0.0
Peru,1979,PER,6.866,,0.0,0.0
Peru,1980,PER,7.095,,0.0,0.0
Peru,1981,PER,8.072,,0.0,0.0
Peru,1982,PER,8.547,,0.0,0.0
Peru,1983,PER,8.252,,0.0,0.0
Peru,1984,PER,8.845,,0.0,0.0
Peru,1985,PER,9.551,78.862,0.0,0.0
Peru,1986,PER,10.214,78.885,0.0,0.0
Peru,1987,PER,11.014,78.638,0.0,0.0
Peru,1988,PER,10.559,77.915,0.0,0.0
Peru,1989,PER,10.652,77.599,0.0,0.0
Peru,1990,PER,10.605,76.803,0.0,0.0
Peru,1991,PER,11.625,80.272,0.0,0.0
Peru,1992,PER,9.822,74.851,0.0,0.0
Peru,1993,PER,11.908,80.416,0.0,0.0
Peru,1994,PER,12.866,81.092,0.0,0.0
Peru,1995,PER,13.08,77.485,0.0,0.0
Peru,1996,PER,13.461,77.9,0.0,0.0
Peru,1997,PER,13.369,74.466,0.0,0.001
Peru,1998,PER,13.935,74.989,0.0,0.001
Peru,1999,PER,14.68,77.063,0.0,0.001
Peru,2000,PER,16.33,81.978,0.0,0.0
Peru,2001,PER,17.77,85.556,0.0,0.0
Peru,2002,PER,18.23,82.901,0.0,0.0
Peru,2003,PER,18.73,81.683,0.0,0.0
Peru,2004,PER,17.67,72.866,0.0,0.0
Peru,2005,PER,18.43,72.275,0.0,0.0
Peru,2006,PER,20.05,73.282,0.0,0.0
Peru,2007,PER,19.97,66.722,0.0,0.0
Peru,2008,PER,19.5,60.13,0.0,0.0
Peru,2009,PER,19.95,60.601,0.0,0.0
Peru,2010,PER,20.71,57.704,0.0,0.0
Peru,2011,PER,22.27,56.768,0.0,0.0
Peru,2012,PER,22.08,55.255,0.06,0.0
Peru,2013,PER,23.47,53.942,0.2,0.0
Peru,2014,PER,23.95,52.373,0.2,0.26
Peru,2015,PER,25.45,52.724,0.23,0.6
Peru,2016,PER,26.02,50.397,0.24,1.06
Peru,2017,PER,30.89,58.604,0.29,1.07
Peru,2018,PER,33.39,61.131,0.75,1.5
Peru,2019,PER,34.43,60.542,0.78,1.65
Peru,2020,PER,33.64,63.484,0.79,1.81
Peru,2021,PER,35.09,61.572,0.8,1.82
Peru,2022,PER,33.09,55.242,0.84,1.93
Peru,2023,PER,33.1,54.378,0.84,1.93
Peru,2024,PER,35.64,60.111,0.95,2.09
Peru,2025,PER,38.47,63.65,1.83,2.11
Philippines,1965,PHL,1.55,,0.0,0.0
Philippines,1966,PHL,1.52,,0.0,0.0
Philippines,1967,PHL,1.68,,0.0,0.0
Philippines,1968,PHL,1.72,,0.0,0.0
Philippines,1969,PHL,1.815,,0.0,0.0
Philippines,1970,PHL,2.097,,0.0,0.0
Philippines,1971,PHL,1.933,,0.0,0.0
Philippines,1972,PHL,2.207,,0.0,0.0
Philippines,1973,PHL,2.374,,0.0,0.0
Philippines,1974,PHL,2.051,,0.0,0.0
Philippines,1975,PHL,2.272,,0.0,0.0
Philippines,1976,PHL,2.795,,0.0,0.0
Philippines,1977,PHL,2.115,,0.0,0.0
Philippines,1978,PHL,2.814,,0.0,0.0
Philippines,1979,PHL,3.518,,0.0,0.0
Philippines,1980,PHL,5.567,,0.0,0.0
Philippines,1981,PHL,7.637,,0.0,0.0
Philippines,1982,PHL,7.681,,0.0,0.0
Philippines,1983,PHL,8.903,,0.0,0.0
Philippines,1984,PHL,10.636,,0.0,0.0
Philippines,1985,PHL,11.495,50.493,0.0,0.0
Philippines,1986,PHL,11.59,55.26,0.0,0.0
Philippines,1987,PHL,10.143,44.797,0.0,0.0
Philippines,1988,PHL,11.487,46.811,0.0,0.0
Philippines,1989,PHL,12.187,47.654,0.0,0.0
Philippines,1990,PHL,11.958,45.42,0.0,0.0
Philippines,1991,PHL,10.903,42.508,0.0,0.0
Philippines,1992,PHL,10.14,39.196,0.0,0.0
Philippines,1993,PHL,10.697,40.246,0.0,0.0
Philippines,1994,PHL,12.182,39.995,0.0,0.0
Philippines,1995,PHL,12.367,36.857,0.0,0.0
Philippines,1996,PHL,13.564,36.952,0.0,0.0
Philippines,1997,PHL,13.306,33.435,0.0,0.0
Philippines,1998,PHL,13.98,33.624,0.0,0.0
Philippines,1999,PHL,18.434,44.492,0.0,0.0
Philippines,2000,PHL,19.43,42.892,0.0,0.0
Philippines,2001,PHL,17.54,37.279,0.0,0.0
Philippines,2002,PHL,17.27,35.638,0.0,0.0
Philippines,2003,PHL,17.69,33.415,0.0,0.0
Philippines,2004,PHL,18.87,33.733,0.0,0.0
Philippines,2005,PHL,18.31,32.367,0.0,0.02
Philippines,2006,PHL,20.46,36.034,0.0,0.05
Philippines,2007,PHL,18.84,31.6,0.0,0.06
Philippines,2008,PHL,20.62,33.903,0.0,0.06
Philippines,2009,PHL,20.17,32.574,0.0,0.06
Philippines,2010,PHL,17.81,26.296,0.0,0.06
Philippines,2011,PHL,19.82,28.662,0.0,0.09
Philippines,2012,PHL,20.74,28.454,0.0,0.08
Philippines,2013,PHL,19.87,26.412,0.0,0.07
Philippines,2014,PHL,19.78,25.612,0.02,0.15
Philippines,2015,PHL,20.94,25.413,0.14,0.75
Philippines,2016,PHL,21.98,24.21,1.1,0.98
Philippines,2017,PHL,23.17,24.555,1.2,1.09
Philippines,2018,PHL,23.31,23.371,1.25,1.15
Philippines,2019,PHL,22.04,20.787,1.25,1.04
Philippines,2020,PHL,21.6,21.229,1.37,1.03
Philippines,2021,PHL,23.41,22.135,1.47,1.28
Philippines,2022,PHL,24.72,22.16,1.82,1.06
Philippines,2023,PHL,25.01,21.426,1.82,1.35
Philippines,2024,PHL,25.42,20.472,2.08,1.5
Philippines,2025,PHL,28.7,23.311,3.0,1.46
Poland,1965,POL,0.922,,0.0,0.0
Poland,1966,POL,0.934,,0.0,0.0
Poland,1967,POL,1.001,,0.0,0.0
Poland,1968,POL,1.052,,0.0,0.0
Poland,1969,POL,0.894,,0.0,0.0
Poland,1970,POL,1.83,,0.0,0.0
Poland,1971,POL,1.67,,0.0,0.0
Poland,1972,POL,1.688,,0.0,0.0
Poland,1973,POL,1.679,,0.0,0.0
Poland,1974,POL,2.357,,0.0,0.0
Poland,1975,POL,2.201,,0.0,0.0
Poland,1976,POL,1.828,,0.0,0.0
Poland,1977,POL,2.222,,0.0,0.0
Poland,1978,POL,2.213,,0.0,0.0
Poland,1979,POL,2.047,,0.0,0.0
Poland,1980,POL,2.597,,0.0,0.0
Poland,1981,POL,2.406,,0.0,0.0
Poland,1982,POL,1.812,,0.0,0.0
Poland,1983,POL,2.037,,0.0,0.0
Poland,1984,POL,1.753,,0.0,0.0
Poland,1985,POL,2.249,1.633,0.0,0.0
Poland,1986,POL,1.917,1.366,0.0,0.0
Poland,1987,POL,1.854,1.271,0.0,0.0
Poland,1988,POL,1.887,1.307,0.0,0.0
Poland,1989,POL,1.712,1.177,0.0,0.0
Poland,1990,POL,1.49,1.108,0.0,0.0
Poland,1991,POL,1.5,1.13,0.0,0.0
Poland,1992,POL,1.62,1.24,0.0,0.0
Poland,1993,POL,1.55,1.176,0.0,0.0
Poland,1994,POL,1.78,1.335,0.0,0.0
Poland,1995,POL,1.96,1.43,0.0,0.0
Poland,1996,POL,2.06,1.459,0.0,0.0
Poland,1997,POL,2.13,1.511,0.0,0.0
Poland,1998,POL,2.53,1.797,0.0,0.0
Poland,1999,POL,2.34,1.672,0.0,0.0
Poland,2000,POL,2.33,1.627,0.0,0.0
Poland,2001,POL,2.78,1.934,0.0,0.01
Poland,2002,POL,2.77,1.944,0.0,0.06
Poland,2003,POL,2.25,1.5,0.0,0.12
Poland,2004,POL,3.2,2.098,0.0,0.14
Poland,2005,POL,3.85,2.479,0.0,0.14
Poland,2006,POL,4.29,2.67,0.0,0.26
Poland,2007,POL,5.43,3.425,0.0,0.52
Poland,2008,POL,6.61,4.278,0.0,0.84
Poland,2009,POL,8.69,5.76,0.0,1.08
Poland,2010,POL,10.88,6.94,0.0,1.66
Poland,2011,POL,13.13,8.062,0.0,3.2
Poland,2012,POL,16.88,10.453,0.0,4.75
Poland,2013,POL,17.06,10.416,0.0,6.0
Poland,2014,POL,19.85,12.536,0.01,7.68
Poland,2015,POL,22.69,13.81,0.06,10.86
Poland,2016,POL,22.81,13.741,0.12,12.59
Poland,2017,POL,24.13,14.202,0.17,14.91
Poland,2018,POL,21.62,12.76,0.3,12.8
Poland,2019,POL,25.46,15.599,0.71,15.11
Poland,2020,POL,28.23,17.964,1.96,15.8
Poland,2021,POL,30.56,17.093,3.93,16.23
Poland,2022,POL,37.69,21.103,8.31,19.78
Poland,2023,POL,45.86,27.707,11.11,24.18
Poland,2024,POL,53.61,31.147,17.66,25.89
Poland,2025,POL,54.59,31.508,19.55,24.62
Portugal,1965,PRT,4.182,,0.0,0.0
Portugal,1966,PRT,5.476,,0.0,0.0
Portugal,1967,PRT,5.673,,0.0,0.0
Portugal,1968,PRT,5.416,,0.0,0.0
Portugal,1969,PRT,6.591,,0.0,0.0
Portugal,1970,PRT,5.99,,0.0,0.0
Portugal,1971,PRT,6.313,,0.0,0.0
Portugal,1972,PRT,7.199,,0.0,0.0
Portugal,1973,PRT,7.525,,0.0,0.0
Portugal,1974,PRT,8.008,,0.0,0.0
Portugal,1975,PRT,6.646,,0.0,0.0
Portugal,1976,PRT,5.017,,0.0,0.0
Portugal,1977,PRT,10.2,,0.0,0.0
Portugal,1978,PRT,11.043,,0.0,0.0
Portugal,1979,PRT,11.471,,0.0,0.0
Portugal,1980,PRT,8.335,,0.0,0.0
Portugal,1981,PRT,5.33,,0.0,0.0
Portugal,1982,PRT,7.274,,0.0,0.0
Portugal,1983,PRT,8.431,,0.0,0.0
Portugal,1984,PRT,10.138,,0.0,0.0
Portugal,1985,PRT,11.241,59.476,0.0,0.0
Portugal,1986,PRT,9.12,44.805,0.0,0.0
Portugal,1987,PRT,9.767,48.508,0.0,0.0
Portugal,1988,PRT,12.886,57.299,0.0,0.0
Portugal,1989,PRT,6.482,25.116,0.001,0.001
Portugal,1990,PRT,9.83,34.698,0.0,0.0
Portugal,1991,PRT,9.84,33.109,0.0,0.0
Portugal,1992,PRT,5.49,18.623,0.0,0.0
Portugal,1993,PRT,9.43,30.577,0.0,0.01
Portugal,1994,PRT,11.63,37.371,0.0,0.02
Portugal,1995,PRT,9.38,28.502,0.0,0.02
Portugal,1996,PRT,15.78,46.14,0.0,0.02
Portugal,1997,PRT,14.23,41.989,0.0,0.04
Portugal,1998,PRT,14.15,36.516,0.0,0.09
Portugal,1999,PRT,8.62,20.168,0.0,0.12
Portugal,2000,PRT,12.87,29.785,0.0,0.17
Portugal,2001,PRT,15.74,34.173,0.0,0.26
Portugal,2002,PRT,9.73,21.361,0.0,0.36
Portugal,2003,PRT,17.7,38.155,0.0,0.5
Portugal,2004,PRT,12.31,27.551,0.0,0.82
Portugal,2005,PRT,8.25,17.931,0.0,1.77
Portugal,2006,PRT,15.72,32.479,0.0,2.93
Portugal,2007,PRT,16.21,34.703,0.02,4.04
Portugal,2008,PRT,14.64,32.289,0.04,5.76
Portugal,2009,PRT,18.29,37.039,0.16,7.58
Portugal,2010,PRT,28.35,53.01,0.21,9.18
Portugal,2011,PRT,24.11,46.562,0.28,9.16
Portugal,2012,PRT,19.37,42.628,0.39,10.26
Portugal,2013,PRT,29.47,58.53,0.48,12.01
Portugal,2014,PRT,31.57,60.946,0.63,12.11
Portugal,2015,PRT,24.36,47.634,0.8,11.6
Portugal,2016,PRT,32.3,54.699,0.87,12.47
Portugal,2017,PRT,22.58,39.208,0.99,12.25
Portugal,2018,PRT,29.41,50.403,1.01,12.62
Portugal,2019,PRT,27.41,53.12,1.34,13.67
Portugal,2020,PRT,30.11,58.591,1.72,12.3
Portugal,2021,PRT,31.54,64.08,2.24,13.21
Portugal,2022,PRT,27.61,59.594,3.52,13.25
Portugal,2023,PRT,34.36,74.469,5.16,13.15
Portugal,2024,PRT,40.27,85.191,7.09,14.34
Portugal,2025,PRT,41.39,80.951,8.86,13.67
Puerto Rico,2000,PRI,0.15,0.686,0.0,0.0
Puerto Rico,2001,PRI,0.13,0.583,0.0,0.0
Puerto Rico,2002,PRI,0.11,0.475,0.0,0.0
Puerto Rico,2003,PRI,0.1,0.418,0.0,0.0
Puerto Rico,2004,PRI,0.14,0.58,0.0,0.0
Puerto Rico,2005,PRI,0.14,0.561,0.0,0.0
Puerto Rico,2006,PRI,0.14,0.561,0.0,0.0
Puerto Rico,2007,PRI,0.16,0.648,0.0,0.0
Puerto Rico,2008,PRI,0.16,0.688,0.0,0.0
Puerto Rico,2009,PRI,0.17,0.738,0.0,0.0
Puerto Rico,2010,PRI,0.16,0.688,0.0,0.0
Puerto Rico,2011,PRI,0.15,0.674,0.0,0.0
Puerto Rico,2012,PRI,0.12,0.538,0.02,0.01
Puerto Rico,2013,PRI,0.29,1.35,0.04,0.17
Puerto Rico,2014,PRI,0.35,1.662,0.05,0.22
Puerto Rico,2015,PRI,0.38,1.818,0.09,0.24
Puerto Rico,2016,PRI,0.39,1.89,0.12,0.19
Puerto Rico,2017,PRI,0.37,2.259,0.16,0.15
Puerto Rico,2018,PRI,0.47,2.657,0.31,0.11
Puerto Rico,2019,PRI,0.73,3.812,0.5,0.16
Puerto Rico,2020,PRI,0.76,3.985,0.56,0.14
Puerto Rico,2021,PRI,0.9,4.649,0.68,0.16
Puerto Rico,2022,PRI,1.07,5.377,0.85,0.16
Puerto Rico,2023,PRI,1.07,5.377,0.85,0.16
Puerto Rico,2024,PRI,1.2,6.0,0.96,0.18
Puerto Rico,2025,PRI,1.29,6.364,1.0,0.23
Qatar,1965,QAT,0.0,,0.0,0.0
Qatar,1966,QAT,0.0,,0.0,0.0
Qatar,1967,QAT,0.0,,0.0,0.0
Qatar,1968,QAT,0.0,,0.0,0.0
Qatar,1969,QAT,0.0,,0.0,0.0
Qatar,1970,QAT,0.0,,0.0,0.0
Qatar,1971,QAT,0.0,,0.0,0.0
Qatar,1972,QAT,0.0,,0.0,0.0
Qatar,1973,QAT,0.0,,0.0,0.0
Qatar,1974,QAT,0.0,,0.0,0.0
Qatar,1975,QAT,0.0,,0.0,0.0
Qatar,1976,QAT,0.0,,0.0,0.0
Qatar,1977,QAT,0.0,,0.0,0.0
Qatar,1978,QAT,0.0,,0.0,0.0
Qatar,1979,QAT,0.0,,0.0,0.0
Qatar,1980,QAT,0.0,,0.0,0.0
Qatar,1981,QAT,0.0,,0.0,0.0
Qatar,1982,QAT,0.0,,0.0,0.0
Qatar,1983,QAT,0.0,,0.0,0.0
Qatar,1984,QAT,0.0,,0.0,0.0
Qatar,1985,QAT,0.0,0.0,0.0,0.0
Qatar,1986,QAT,0.0,0.0,0.0,0.0
Qatar,1987,QAT,0.0,0.0,0.0,0.0
Qatar,1988,QAT,0.0,0.0,0.0,0.0
Qatar,1989,QAT,0.0,0.0,0.0,0.0
Qatar,1990,QAT,0.0,0.0,0.0,0.0
Qatar,1991,QAT,0.0,0.0,0.0,0.0
Qatar,1992,QAT,0.0,0.0,0.0,0.0
Qatar,1993,QAT,0.0,0.0,0.0,0.0
Qatar,1994,QAT,0.0,0.0,0.0,0.0
Qatar,1995,QAT,0.0,0.0,0.0,0.0
Qatar,1996,QAT,0.0,0.0,0.0,0.0
Qatar,1997,QAT,0.0,0.0,0.0,0.0
Qatar,1998,QAT,0.0,0.0,0.0,0.0
Qatar,1999,QAT,0.0,0.0,0.0,0.0
Qatar,2000,QAT,0.0,0.0,0.0,0.0
Qatar,2001,QAT,0.0,0.0,0.0,0.0
Qatar,2002,QAT,0.0,0.0,0.0,0.0
Qatar,2003,QAT,0.0,0.0,0.0,0.0
Qatar,2004,QAT,0.0,0.0,0.0,0.0
Qatar,2005,QAT,0.0,0.0,0.0,0.0
Qatar,2006,QAT,0.0,0.0,0.0,0.0
Qatar,2007,QAT,0.0,0.0,0.0,0.0
Qatar,2008,QAT,0.0,0.0,0.0,0.0
Qatar,2009,QAT,0.0,0.0,0.0,0.0
Qatar,2010,QAT,0.0,0.0,0.0,0.0
Qatar,2011,QAT,0.0,0.0,0.0,0.0
Qatar,2012,QAT,0.01,0.029,0.0,0.0
Qatar,2013,QAT,0.08,0.23,0.0,0.0
Qatar,2014,QAT,0.11,0.284,0.01,0.0
Qatar,2015,QAT,0.13,0.312,0.01,0.0
Qatar,2016,QAT,0.13,0.306,0.01,0.0
Qatar,2017,QAT,0.14,0.306,0.01,0.0
Qatar,2018,QAT,0.15,0.312,0.01,0.0
Qatar,2019,QAT,0.13,0.26,0.01,0.0
Qatar,2020,QAT,0.14,0.283,0.01,0.0
Qatar,2021,QAT,0.15,0.29,0.01,0.0
Qatar,2022,QAT,0.72,1.315,0.59,0.0
Qatar,2023,QAT,2.01,3.565,1.88,0.0
Qatar,2024,QAT,2.28,4.023,2.15,0.0
Qatar,2025,QAT,2.28,4.058,2.15,0.0
Reunion,2004,REU,0.87,39.726,0.0,0.0
Reunion,2005,REU,0.77,33.921,0.0,0.0
Reunion,2006,REU,0.85,36.017,0.0,0.0
Reunion,2007,REU,0.91,36.992,0.0,0.01
Reunion,2008,REU,0.91,35.827,0.0,0.01
Reunion,2009,REU,0.85,32.443,0.02,0.02
Reunion,2010,REU,0.92,34.074,0.08,0.02
Reunion,2011,REU,0.83,30.182,0.14,0.01
Reunion,2012,REU,0.98,34.752,0.19,0.02
Reunion,2013,REU,1.07,37.943,0.22,0.02
Reunion,2014,REU,0.95,33.217,0.24,0.02
Reunion,2015,REU,1.05,36.207,0.24,0.02
Reunion,2016,REU,1.0,34.014,0.26,0.02
Reunion,2017,REU,0.96,32.215,0.26,0.01
Reunion,2018,REU,1.07,36.271,0.25,0.01
Reunion,2019,REU,0.95,31.148,0.26,0.01
Reunion,2020,REU,0.93,24.538,0.26,0.01
Reunion,2021,REU,0.87,28.155,0.27,0.0
Reunion,2022,REU,1.15,37.582,0.27,0.0
Reunion,2023,REU,1.74,56.678,0.29,0.02
Romania,1965,ROU,1.005,,0.0,0.0
Romania,1966,ROU,1.035,,0.0,0.0
Romania,1967,ROU,1.476,,0.0,0.0
Romania,1968,ROU,1.562,,0.0,0.0
Romania,1969,ROU,2.217,,0.0,0.0
Romania,1970,ROU,2.773,,0.0,0.0
Romania,1971,ROU,4.495,,0.0,0.0
Romania,1972,ROU,7.343,,0.0,0.0
Romania,1973,ROU,7.547,,0.0,0.0
Romania,1974,ROU,8.476,,0.0,0.0
Romania,1975,ROU,9.361,,0.0,0.0
Romania,1976,ROU,8.107,,0.0,0.0
Romania,1977,ROU,9.345,,0.0,0.0
Romania,1978,ROU,10.614,,0.0,0.0
Romania,1979,ROU,11.339,,0.0,0.0
Romania,1980,ROU,12.637,,0.0,0.0
Romania,1981,ROU,12.737,,0.0,0.0
Romania,1982,ROU,11.854,,0.0,0.0
Romania,1983,ROU,10.038,,0.0,0.0
Romania,1984,ROU,11.326,,0.0,0.0
Romania,1985,ROU,12.713,17.702,0.0,0.0
Romania,1986,ROU,10.81,14.322,0.0,0.0
Romania,1987,ROU,11.209,15.131,0.0,0.0
Romania,1988,ROU,14.776,19.617,0.0,0.0
Romania,1989,ROU,13.678,18.033,0.0,0.0
Romania,1990,ROU,11.41,17.745,0.0,0.0
Romania,1991,ROU,14.59,25.687,0.0,0.0
Romania,1992,ROU,11.7,21.663,0.0,0.0
Romania,1993,ROU,12.77,23.067,0.0,0.0
Romania,1994,ROU,13.05,23.71,0.0,0.0
Romania,1995,ROU,16.69,28.264,0.0,0.0
Romania,1996,ROU,15.76,25.823,0.0,0.0
Romania,1997,ROU,17.52,30.889,0.0,0.0
Romania,1998,ROU,18.89,35.648,0.0,0.0
Romania,1999,ROU,18.29,36.239,0.0,0.0
Romania,2005,ROU,20.22,34.081,0.0,0.0
Romania,2006,ROU,18.36,29.348,0.0,0.0
Romania,2007,ROU,16.01,26.007,0.0,0.0
Romania,2008,ROU,17.22,26.549,0.0,0.0
Romania,2009,ROU,15.55,27.001,0.0,0.01
Romania,2010,ROU,20.3,33.598,0.0,0.31
Romania,2011,ROU,16.32,26.408,0.0,1.39
Romania,2012,ROU,14.93,25.504,0.01,2.64
Romania,2013,ROU,20.15,34.628,0.42,4.52
Romania,2014,ROU,27.12,41.774,1.62,6.2
Romania,2015,ROU,26.19,39.887,1.98,7.06
Romania,2016,ROU,26.97,41.996,1.82,6.59
Romania,2017,ROU,24.29,38.228,1.86,7.41
Romania,2018,ROU,26.19,40.877,1.77,6.32
Romania,2019,ROU,24.63,41.916,1.78,6.77
Romania,2020,ROU,24.61,44.575,1.73,6.95
Romania,2021,ROU,26.34,44.98,1.7,6.58
Romania,2022,ROU,23.62,43.149,1.99,7.0
Romania,2023,ROU,28.36,49.798,2.23,7.55
Romania,2024,ROU,24.52,46.51,3.42,6.43
Romania,2025,ROU,23.43,47.039,4.88,5.97
Russia,1985,RUS,159.726,16.604,0.0,0.0
Russia,1986,RUS,164.331,16.41,0.0,0.0
Russia,1987,RUS,162.528,15.519,0.0,0.0
Russia,1988,RUS,160.924,15.103,0.0,0.0
Russia,1989,RUS,159.726,14.838,0.0,0.0
Russia,1990,RUS,166.911,15.423,0.0,0.0
Russia,1991,RUS,168.159,15.743,0.0,0.0
Russia,1992,RUS,172.657,17.121,0.0,0.0
Russia,1993,RUS,174.349,18.226,0.0,0.0
Russia,1994,RUS,175.987,20.092,0.0,0.0
Russia,1995,RUS,176.314,20.501,0.0,0.0
Russia,1996,RUS,154.366,18.221,0.0,0.0
Russia,1997,RUS,157.491,18.881,0.0,0.0
Russia,1998,RUS,158.555,19.169,0.0,0.0
Russia,1999,RUS,160.55,18.972,0.0,0.0
Russia,2000,RUS,164.16,18.702,0.0,0.0
Russia,2001,RUS,174.01,19.524,0.0,0.0
Russia,2002,RUS,162.35,18.215,0.0,0.01
Russia,2003,RUS,156.05,17.031,0.0,0.01
Russia,2004,RUS,176.14,18.901,0.0,0.01
Russia,2005,RUS,173.07,18.139,0.0,0.01
Russia,2006,RUS,173.81,17.519,0.0,0.01
Russia,2007,RUS,177.53,17.427,0.0,0.01
Russia,2008,RUS,165.28,15.892,0.0,0.01
Russia,2009,RUS,174.7,17.591,0.0,0.0
Russia,2010,RUS,167.02,16.09,0.0,0.0
Russia,2011,RUS,163.62,15.511,0.0,0.01
Russia,2012,RUS,163.96,15.334,0.0,0.01
Russia,2013,RUS,181.64,17.151,0.01,0.0
Russia,2014,RUS,174.21,16.37,0.16,0.1
Russia,2015,RUS,168.96,15.827,0.34,0.15
Russia,2016,RUS,185.68,17.02,0.47,0.15
Russia,2017,RUS,186.36,17.079,0.54,0.14
Russia,2018,RUS,192.0,17.31,0.62,0.24
Russia,2019,RUS,196.22,17.548,0.99,0.31
Russia,2020,RUS,216.25,19.923,1.86,1.14
Russia,2021,RUS,220.24,19.034,2.31,2.58
Russia,2022,RUS,205.11,17.577,2.4,4.2
Russia,2023,RUS,209.1,17.747,2.63,4.75
Russia,2024,RUS,218.86,18.098,2.92,4.57
Russia,2025,RUS,206.98,17.353,2.84,3.64
Rwanda,2000,RWA,0.1,62.5,0.0,0.0
Rwanda,2001,RWA,0.09,60.0,0.0,0.0
Rwanda,2002,RWA,0.1,58.824,0.0,0.0
Rwanda,2003,RWA,0.12,66.667,0.0,0.0
Rwanda,2004,RWA,0.08,57.143,0.0,0.0
Rwanda,2005,RWA,0.1,52.632,0.0,0.0
Rwanda,2006,RWA,0.13,48.148,0.0,0.0
Rwanda,2007,RWA,0.12,48.0,0.0,0.0
Rwanda,2008,RWA,0.16,55.172,0.0,0.0
Rwanda,2009,RWA,0.16,51.613,0.0,0.0
Rwanda,2010,RWA,0.11,39.286,0.0,0.0
Rwanda,2011,RWA,0.15,42.857,0.0,0.0
Rwanda,2012,RWA,0.18,46.154,0.0,0.0
Rwanda,2013,RWA,0.15,40.541,0.0,0.0
Rwanda,2014,RWA,0.2,48.78,0.0,0.0
Rwanda,2015,RWA,0.29,56.863,0.01,0.0
Rwanda,2016,RWA,0.32,50.0,0.02,0.0
Rwanda,2017,RWA,0.3,46.154,0.02,0.0
Rwanda,2018,RWA,0.34,41.463,0.03,0.0
Rwanda,2019,RWA,0.43,50.588,0.03,0.0
Rwanda,2020,RWA,0.56,62.921,0.03,0.0
Rwanda,2021,RWA,0.59,59.0,0.04,0.0
Rwanda,2022,RWA,0.6,57.692,0.04,0.0
Rwanda,2023,RWA,0.54,49.091,0.04,0.0
Rwanda,2024,RWA,0.56,49.558,0.04,0.0
Saint Helena,2000,SHN,0.0,0.0,0.0,0.0
Saint Helena,2001,SHN,0.0,0.0,0.0,0.0
Saint Helena,2002,SHN,0.0,0.0,0.0,0.0
Saint Helena,2003,SHN,0.0,0.0,0.0,0.0
Saint Helena,2004,SHN,0.0,0.0,0.0,0.0
Saint Helena,2005,SHN,0.0,0.0,0.0,0.0
Saint Helena,2006,SHN,0.0,0.0,0.0,0.0
Saint Helena,2007,SHN,0.0,0.0,0.0,0.0
Saint Helena,2008,SHN,0.0,0.0,0.0,0.0
Saint Helena,2009,SHN,0.0,0.0,0.0,0.0
Saint Helena,2010,SHN,0.0,0.0,0.0,0.0
Saint Helena,2011,SHN,0.0,0.0,0.0,0.0
Saint Helena,2012,SHN,0.0,0.0,0.0,0.0
Saint Helena,2013,SHN,0.0,0.0,0.0,0.0
Saint Helena,2014,SHN,0.0,0.0,0.0,0.0
Saint Helena,2015,SHN,0.0,0.0,0.0,0.0
Saint Helena,2016,SHN,0.0,0.0,0.0,0.0
Saint Helena,2017,SHN,0.0,0.0,0.0,0.0
Saint Helena,2018,SHN,0.0,0.0,0.0,0.0
Saint Helena,2019,SHN,0.0,0.0,0.0,0.0
Saint Helena,2020,SHN,0.0,0.0,0.0,0.0
Saint Helena,2021,SHN,0.0,0.0,0.0,0.0
Saint Helena,2022,SHN,0.0,0.0,0.0,0.0
Saint Helena,2023,SHN,0.0,0.0,0.0,0.0
Saint Kitts and Nevis,2000,KNA,0.0,0.0,0.0,0.0
Saint Kitts and Nevis,2001,KNA,0.0,0.0,0.0,0.0
Saint Kitts and Nevis,2002,KNA,0.0,0.0,0.0,0.0
Saint Kitts and Nevis,2003,KNA,0.0,0.0,0.0,0.0
Saint Kitts and Nevis,2004,KNA,0.0,0.0,0.0,0.0
Saint Kitts and Nevis,2005,KNA,0.0,0.0,0.0,0.0
Saint Kitts and Nevis,2006,KNA,0.0,0.0,0.0,0.0
Saint Kitts and Nevis,2007,KNA,0.0,0.0,0.0,0.0
Saint Kitts and Nevis,2008,KNA,0.0,0.0,0.0,0.0
Saint Kitts and Nevis,2009,KNA,0.0,0.0,0.0,0.0
Saint Kitts and Nevis,2010,KNA,0.0,0.0,0.0,0.0
Saint Kitts and Nevis,2011,KNA,0.0,0.0,0.0,0.0
Saint Kitts and Nevis,2012,KNA,0.01,4.545,0.0,0.01
Saint Kitts and Nevis,2013,KNA,0.01,4.545,0.0,0.01
Saint Kitts and Nevis,2014,KNA,0.01,4.545,0.0,0.01
Saint Kitts and Nevis,2015,KNA,0.01,4.545,0.0,0.01
Saint Kitts and Nevis,2016,KNA,0.01,4.348,0.0,0.01
Saint Kitts and Nevis,2017,KNA,0.0,0.0,0.0,0.0
Saint Kitts and Nevis,2018,KNA,0.01,4.348,0.0,0.01
Saint Kitts and Nevis,2019,KNA,0.01,4.348,0.0,0.01
Saint Kitts and Nevis,2020,KNA,0.01,4.545,0.0,0.01
Saint Kitts and Nevis,2021,KNA,0.01,4.545,0.0,0.01
Saint Kitts and Nevis,2022,KNA,0.01,4.545,0.0,0.01
Saint Kitts and Nevis,2023,KNA,0.01,4.545,0.0,0.01
Saint Kitts and Nevis,2024,KNA,0.02,8.696,0.01,0.01
Saint Lucia,2000,LCA,0.0,0.0,0.0,0.0
Saint Lucia,2001,LCA,0.0,0.0,0.0,0.0
Saint Lucia,2002,LCA,0.0,0.0,0.0,0.0
Saint Lucia,2003,LCA,0.0,0.0,0.0,0.0
Saint Lucia,2004,LCA,0.0,0.0,0.0,0.0
Saint Lucia,2005,LCA,0.0,0.0,0.0,0.0
Saint Lucia,2006,LCA,0.0,0.0,0.0,0.0
Saint Lucia,2007,LCA,0.0,0.0,0.0,0.0
Saint Lucia,2008,LCA,0.0,0.0,0.0,0.0
Saint Lucia,2009,LCA,0.0,0.0,0.0,0.0
Saint Lucia,2010,LCA,0.0,0.0,0.0,0.0
Saint Lucia,2011,LCA,0.0,0.0,0.0,0.0
Saint Lucia,2012,LCA,0.0,0.0,0.0,0.0
Saint Lucia,2013,LCA,0.0,0.0,0.0,0.0
Saint Lucia,2014,LCA,0.0,0.0,0.0,0.0
Saint Lucia,2015,LCA,0.0,0.0,0.0,0.0
Saint Lucia,2016,LCA,0.0,0.0,0.0,0.0
Saint Lucia,2017,LCA,0.0,0.0,0.0,0.0
Saint Lucia,2018,LCA,0.01,2.439,0.01,0.0
Saint Lucia,2019,LCA,0.01,2.381,0.01,0.0
Saint Lucia,2020,LCA,0.01,2.632,0.01,0.0
Saint Lucia,2021,LCA,0.01,2.5,0.01,0.0
Saint Lucia,2022,LCA,0.01,2.5,0.01,0.0
Saint Lucia,2023,LCA,0.01,2.5,0.01,0.0
Saint Lucia,2024,LCA,0.01,2.5,0.01,0.0
Saint Pierre and Miquelon,2000,SPM,0.0,0.0,0.0,0.0
Saint Pierre and Miquelon,2001,SPM,0.0,0.0,0.0,0.0
Saint Pierre and Miquelon,2002,SPM,0.0,0.0,0.0,0.0
Saint Pierre and Miquelon,2003,SPM,0.0,0.0,0.0,0.0
Saint Pierre and Miquelon,2004,SPM,0.0,0.0,0.0,0.0
Saint Pierre and Miquelon,2005,SPM,0.0,0.0,0.0,0.0
Saint Pierre and Miquelon,2006,SPM,0.0,0.0,0.0,0.0
Saint Pierre and Miquelon,2007,SPM,0.0,0.0,0.0,0.0
Saint Pierre and Miquelon,2008,SPM,0.0,0.0,0.0,0.0
Saint Pierre and Miquelon,2009,SPM,0.0,0.0,0.0,0.0
Saint Pierre and Miquelon,2010,SPM,0.0,0.0,0.0,0.0
Saint Pierre and Miquelon,2011,SPM,0.0,0.0,0.0,0.0
Saint Pierre and Miquelon,2012,SPM,0.0,0.0,0.0,0.0
Saint Pierre and Miquelon,2013,SPM,0.0,0.0,0.0,0.0
Saint Pierre and Miquelon,2014,SPM,0.0,0.0,0.0,0.0
Saint Pierre and Miquelon,2015,SPM,0.0,0.0,0.0,0.0
Saint Pierre and Miquelon,2016,SPM,0.0,0.0,0.0,0.0
Saint Pierre and Miquelon,2017,SPM,0.0,0.0,0.0,0.0
Saint Pierre and Miquelon,2018,SPM,0.0,0.0,0.0,0.0
Saint Pierre and Miquelon,2019,SPM,0.0,0.0,0.0,0.0
Saint Pierre and Miquelon,2020,SPM,0.0,0.0,0.0,0.0
Saint Pierre and Miquelon,2021,SPM,0.0,0.0,0.0,0.0
Saint Pierre and Miquelon,2022,SPM,0.0,0.0,0.0,0.0
Saint Pierre and Miquelon,2023,SPM,0.0,0.0,0.0,0.0
Saint Vincent and the Grenadines,2000,VCT,0.03,30.0,0.0,0.0
Saint Vincent and the Grenadines,2001,VCT,0.02,20.0,0.0,0.0
Saint Vincent and the Grenadines,2002,VCT,0.02,20.0,0.0,0.0
Saint Vincent and the Grenadines,2003,VCT,0.02,18.182,0.0,0.0
Saint Vincent and the Grenadines,2004,VCT,0.03,25.0,0.0,0.0
Saint Vincent and the Grenadines,2005,VCT,0.03,21.429,0.0,0.0
Saint Vincent and the Grenadines,2006,VCT,0.02,15.385,0.0,0.0
Saint Vincent and the Grenadines,2007,VCT,0.02,14.286,0.0,0.0
Saint Vincent and the Grenadines,2008,VCT,0.02,14.286,0.0,0.0
Saint Vincent and the Grenadines,2009,VCT,0.02,14.286,0.0,0.0
Saint Vincent and the Grenadines,2010,VCT,0.03,20.0,0.0,0.0
Saint Vincent and the Grenadines,2011,VCT,0.03,21.429,0.0,0.0
Saint Vincent and the Grenadines,2012,VCT,0.03,20.0,0.0,0.0
Saint Vincent and the Grenadines,2013,VCT,0.02,14.286,0.0,0.0
Saint Vincent and the Grenadines,2014,VCT,0.01,7.143,0.0,0.0
Saint Vincent and the Grenadines,2015,VCT,0.02,13.333,0.0,0.0
Saint Vincent and the Grenadines,2016,VCT,0.02,12.5,0.0,0.0
Saint Vincent and the Grenadines,2017,VCT,0.02,13.333,0.0,0.0
Saint Vincent and the Grenadines,2018,VCT,0.02,13.333,0.0,0.0
Saint Vincent and the Grenadines,2019,VCT,0.02,13.333,0.0,0.0
Saint Vincent and the Grenadines,2020,VCT,0.02,13.333,0.0,0.0
Saint Vincent and the Grenadines,2021,VCT,0.02,14.286,0.0,0.0
Saint Vincent and the Grenadines,2022,VCT,0.02,13.333,0.0,0.0
Saint Vincent and the Grenadines,2023,VCT,0.02,13.333,0.0,0.0
Saint Vincent and the Grenadines,2024,VCT,0.02,13.333,0.0,0.0
Samoa,2000,WSM,0.04,50.0,0.0,0.0
Samoa,2001,WSM,0.05,50.0,0.0,0.0
Samoa,2002,WSM,0.06,54.545,0.0,0.0
Samoa,2003,WSM,0.05,50.0,0.0,0.0
Samoa,2004,WSM,0.05,45.455,0.0,0.0
Samoa,2005,WSM,0.05,45.455,0.0,0.0
Samoa,2006,WSM,0.05,41.667,0.0,0.0
Samoa,2007,WSM,0.05,41.667,0.0,0.0
Samoa,2008,WSM,0.05,45.455,0.0,0.0
Samoa,2009,WSM,0.05,38.462,0.0,0.0
Samoa,2010,WSM,0.05,41.667,0.0,0.0
Samoa,2011,WSM,0.05,38.462,0.0,0.0
Samoa,2012,WSM,0.04,36.364,0.0,0.0
Samoa,2013,WSM,0.03,25.0,0.0,0.0
Samoa,2014,WSM,0.03,23.077,0.0,0.0
Samoa,2015,WSM,0.04,30.769,0.01,0.0
Samoa,2016,WSM,0.05,33.333,0.02,0.0
Samoa,2017,WSM,0.05,31.25,0.02,0.0
Samoa,2018,WSM,0.06,40.0,0.02,0.0
Samoa,2019,WSM,0.07,41.176,0.02,0.0
Samoa,2020,WSM,0.07,38.889,0.02,0.0
Samoa,2021,WSM,0.08,47.059,0.02,0.0
Samoa,2022,WSM,0.07,43.75,0.02,0.0
Samoa,2023,WSM,0.06,40.0,0.02,0.0
Samoa,2024,WSM,0.07,43.75,0.03,0.0
Sao Tome and Principe,2000,STP,0.01,33.333,0.0,0.0
Sao Tome and Principe,2001,STP,0.0,0.0,0.0,0.0
Sao Tome and Principe,2002,STP,0.01,25.0,0.0,0.0
Sao Tome and Principe,2003,STP,0.01,25.0,0.0,0.0
Sao Tome and Principe,2004,STP,0.01,25.0,0.0,0.0
Sao Tome and Principe,2005,STP,0.0,0.0,0.0,0.0
Sao Tome and Principe,2006,STP,0.01,20.0,0.0,0.0
Sao Tome and Principe,2007,STP,0.01,20.0,0.0,0.0
Sao Tome and Principe,2008,STP,0.01,20.0,0.0,0.0
Sao Tome and Principe,2009,STP,0.01,16.667,0.0,0.0
Sao Tome and Principe,2010,STP,0.0,0.0,0.0,0.0
Sao Tome and Principe,2011,STP,0.01,14.286,0.0,0.0
Sao Tome and Principe,2012,STP,0.01,12.5,0.0,0.0
Sao Tome and Principe,2013,STP,0.01,14.286,0.0,0.0
Sao Tome and Principe,2014,STP,0.01,12.5,0.0,0.0
Sao Tome and Principe,2015,STP,0.01,10.0,0.0,0.0
Sao Tome and Principe,2016,STP,0.01,9.091,0.0,0.0
Sao Tome and Principe,2017,STP,0.0,0.0,0.0,0.0
Sao Tome and Principe,2018,STP,0.0,0.0,0.0,0.0
Sao Tome and Principe,2019,STP,0.01,9.091,0.0,0.0
Sao Tome and Principe,2020,STP,0.01,9.091,0.0,0.0
Sao Tome and Principe,2021,STP,0.01,9.091,0.0,0.0
Sao Tome and Principe,2022,STP,0.01,11.111,0.0,0.0
Sao Tome and Principe,2023,STP,0.01,11.111,0.0,0.0
Saudi Arabia,1965,SAU,0.0,,0.0,0.0
Saudi Arabia,1966,SAU,0.0,,0.0,0.0
Saudi Arabia,1967,SAU,0.0,,0.0,0.0
Saudi Arabia,1968,SAU,0.0,,0.0,0.0
Saudi Arabia,1969,SAU,0.0,,0.0,0.0
Saudi Arabia,1970,SAU,0.0,,0.0,0.0
Saudi Arabia,1971,SAU,0.0,,0.0,0.0
Saudi Arabia,1972,SAU,0.0,,0.0,0.0
Saudi Arabia,1973,SAU,0.0,,0.0,0.0
Saudi Arabia,1974,SAU,0.0,,0.0,0.0
Saudi Arabia,1975,SAU,0.0,,0.0,0.0
Saudi Arabia,1976,SAU,0.0,,0.0,0.0
Saudi Arabia,1977,SAU,0.0,,0.0,0.0
Saudi Arabia,1978,SAU,0.0,,0.0,0.0
Saudi Arabia,1979,SAU,0.0,,0.0,0.0
Saudi Arabia,1980,SAU,0.0,,0.0,0.0
Saudi Arabia,1981,SAU,0.0,,0.0,0.0
Saudi Arabia,1982,SAU,0.0,,0.0,0.0
Saudi Arabia,1983,SAU,0.0,,0.0,0.0
Saudi Arabia,1984,SAU,0.0,,0.0,0.0
Saudi Arabia,1985,SAU,0.0,0.0,0.0,0.0
Saudi Arabia,1986,SAU,0.0,0.0,0.0,0.0
Saudi Arabia,1987,SAU,0.0,0.0,0.0,0.0
Saudi Arabia,1988,SAU,0.0,0.0,0.0,0.0
Saudi Arabia,1989,SAU,0.0,0.0,0.0,0.0
Saudi Arabia,1990,SAU,0.0,0.0,0.0,0.0
Saudi Arabia,1991,SAU,0.0,0.0,0.0,0.0
Saudi Arabia,1992,SAU,0.0,0.0,0.0,0.0
Saudi Arabia,1993,SAU,0.0,0.0,0.0,0.0
Saudi Arabia,1994,SAU,0.0,0.0,0.0,0.0
Saudi Arabia,1995,SAU,0.0,0.0,0.0,0.0
Saudi Arabia,1996,SAU,0.0,0.0,0.0,0.0
Saudi Arabia,1997,SAU,0.0,0.0,0.0,0.0
Saudi Arabia,1998,SAU,0.0,0.0,0.0,0.0
Saudi Arabia,1999,SAU,0.0,0.0,0.0,0.0
Saudi Arabia,2000,SAU,0.0,0.0,0.0,0.0
Saudi Arabia,2001,SAU,0.0,0.0,0.0,0.0
Saudi Arabia,2002,SAU,0.0,0.0,0.0,0.0
Saudi Arabia,2003,SAU,0.0,0.0,0.0,0.0
Saudi Arabia,2004,SAU,0.0,0.0,0.0,0.0
Saudi Arabia,2005,SAU,0.0,0.0,0.0,0.0
Saudi Arabia,2006,SAU,0.0,0.0,0.0,0.0
Saudi Arabia,2007,SAU,0.0,0.0,0.0,0.0
Saudi Arabia,2008,SAU,0.0,0.0,0.0,0.0
Saudi Arabia,2009,SAU,0.0,0.0,0.0,0.0
Saudi Arabia,2010,SAU,0.0,0.0,0.0,0.0
Saudi Arabia,2011,SAU,0.01,0.004,0.01,0.0
Saudi Arabia,2012,SAU,0.03,0.011,0.03,0.0
Saudi Arabia,2013,SAU,0.04,0.014,0.04,0.0
Saudi Arabia,2014,SAU,0.05,0.015,0.05,0.0
Saudi Arabia,2015,SAU,0.05,0.014,0.05,0.0
Saudi Arabia,2016,SAU,0.05,0.014,0.05,0.0
Saudi Arabia,2017,SAU,0.07,0.018,0.07,0.0
Saudi Arabia,2018,SAU,0.16,0.043,0.16,0.0
Saudi Arabia,2019,SAU,0.22,0.058,0.21,0.01
Saudi Arabia,2020,SAU,0.92,0.242,0.91,0.01
Saudi Arabia,2021,SAU,1.0,0.254,0.99,0.01
Saudi Arabia,2022,SAU,2.01,0.49,1.22,0.79
Saudi Arabia,2023,SAU,4.72,1.1,3.13,1.59
Saudi Arabia,2024,SAU,9.82,2.16,8.23,1.59
Senegal,2000,SEN,0.05,3.356,0.0,0.0
Senegal,2001,SEN,0.06,3.352,0.0,0.0
Senegal,2002,SEN,0.26,12.5,0.0,0.0
Senegal,2003,SEN,0.38,16.309,0.0,0.0
Senegal,2004,SEN,0.33,13.808,0.0,0.0
Senegal,2005,SEN,0.31,11.698,0.0,0.0
Senegal,2006,SEN,0.28,10.606,0.0,0.0
Senegal,2007,SEN,0.22,7.857,0.0,0.0
Senegal,2008,SEN,0.27,9.122,0.0,0.0
Senegal,2009,SEN,0.29,9.508,0.0,0.0
Senegal,2010,SEN,0.32,9.907,0.0,0.0
Senegal,2011,SEN,0.33,10.03,0.0,0.0
Senegal,2012,SEN,0.34,9.392,0.0,0.0
Senegal,2013,SEN,0.37,9.711,0.0,0.0
Senegal,2014,SEN,0.38,9.091,0.0,0.0
Senegal,2015,SEN,0.4,9.009,0.0,0.0
Senegal,2016,SEN,0.43,8.996,0.01,0.0
Senegal,2017,SEN,0.53,11.229,0.09,0.0
Senegal,2018,SEN,0.7,14.17,0.25,0.0
Senegal,2019,SEN,0.78,13.402,0.33,0.02
Senegal,2020,SEN,1.02,16.832,0.38,0.22
Senegal,2021,SEN,1.35,20.27,0.54,0.4
Senegal,2022,SEN,1.41,19.693,0.59,0.4
Senegal,2023,SEN,1.39,16.951,0.59,0.38
Senegal,2024,SEN,1.51,19.79,0.68,0.41
Serbia,1990,SRB,7.49,19.22,0.0,0.0
Serbia,1991,SRB,9.57,25.405,0.0,0.0
Serbia,1992,SRB,9.17,26.727,0.0,0.0
Serbia,1993,SRB,8.06,26.903,0.0,0.0
Serbia,1994,SRB,8.92,28.942,0.0,0.0
Serbia,1995,SRB,9.9,30.764,0.0,0.0
Serbia,1996,SRB,11.48,35.531,0.0,0.0
Serbia,1997,SRB,10.5,29.838,0.0,0.0
Serbia,1998,SRB,10.32,29.293,0.0,0.0
Serbia,1999,SRB,11.14,36.134,0.0,0.0
Serbia,2012,SRB,9.3,25.698,0.0,0.0
Serbia,2013,SRB,10.22,26.051,0.0,0.0
Serbia,2014,SRB,11.03,32.984,0.01,0.0
Serbia,2015,SRB,10.11,26.895,0.01,0.0
Serbia,2016,SRB,10.86,28.127,0.01,0.03
Serbia,2017,SRB,9.29,25.494,0.01,0.05
Serbia,2018,SRB,10.9,29.725,0.01,0.15
Serbia,2019,SRB,10.51,28.513,0.01,0.9
Serbia,2020,SRB,10.16,27.327,0.01,0.98
Serbia,2021,SRB,12.55,33.502,0.01,1.08
Serbia,2022,SRB,9.82,28.186,0.02,0.95
Serbia,2023,SRB,13.75,34.961,0.05,1.07
Serbia,2024,SRB,11.85,32.062,0.16,1.25
Serbia,2025,SRB,10.18,27.799,0.16,1.47
Seychelles,2000,SYC,0.0,0.0,0.0,0.0
Seychelles,2001,SYC,0.0,0.0,0.0,0.0
Seychelles,2002,SYC,0.0,0.0,0.0,0.0
Seychelles,2003,SYC,0.0,0.0,0.0,0.0
Seychelles,2004,SYC,0.0,0.0,0.0,0.0
Seychelles,2005,SYC,0.0,0.0,0.0,0.0
Seychelles,2006,SYC,0.0,0.0,0.0,0.0
Seychelles,2007,SYC,0.0,0.0,0.0,0.0
Seychelles,2008,SYC,0.0,0.0,0.0,0.0
Seychelles,2009,SYC,0.0,0.0,0.0,0.0
Seychelles,2010,SYC,0.0,0.0,0.0,0.0
Seychelles,2011,SYC,0.0,0.0,0.0,0.0
Seychelles,2012,SYC,0.0,0.0,0.0,0.0
Seychelles,2013,SYC,0.01,2.273,0.0,0.01
Seychelles,2014,SYC,0.01,2.222,0.0,0.01
Seychelles,2015,SYC,0.01,2.174,0.0,0.01
Seychelles,2016,SYC,0.01,2.0,0.0,0.01
Seychelles,2017,SYC,0.01,1.961,0.0,0.01
Seychelles,2018,SYC,0.01,1.923,0.0,0.01
Seychelles,2019,SYC,0.04,7.018,0.04,0.0
Seychelles,2020,SYC,0.07,11.864,0.06,0.01
Seychelles,2021,SYC,0.08,13.333,0.07,0.01
Seychelles,2022,SYC,0.09,14.516,0.08,0.01
Seychelles,2023,SYC,0.09,14.516,0.08,0.01
Seychelles,2024,SYC,0.1,15.873,0.09,0.01
Sierra Leone,2000,SLE,0.01,11.111,0.0,0.0
Sierra Leone,2001,SLE,0.01,7.692,0.0,0.0
Sierra Leone,2002,SLE,0.02,12.5,0.0,0.0
Sierra Leone,2003,SLE,0.02,13.333,0.0,0.0
Sierra Leone,2004,SLE,0.02,16.667,0.0,0.0
Sierra Leone,2005,SLE,0.02,25.0,0.0,0.0
Sierra Leone,2006,SLE,0.0,0.0,0.0,0.0
Sierra Leone,2007,SLE,0.02,33.333,0.0,0.0
Sierra Leone,2008,SLE,0.02,33.333,0.0,0.0
Sierra Leone,2009,SLE,0.02,33.333,0.0,0.0
Sierra Leone,2010,SLE,0.12,85.714,0.0,0.0
Sierra Leone,2011,SLE,0.15,88.235,0.0,0.0
Sierra Leone,2012,SLE,0.12,66.667,0.0,0.0
Sierra Leone,2013,SLE,0.1,62.5,0.0,0.0
Sierra Leone,2014,SLE,0.12,80.0,0.0,0.0
Sierra Leone,2015,SLE,0.12,75.0,0.0,0.0
Sierra Leone,2016,SLE,0.13,61.905,0.0,0.0
Sierra Leone,2017,SLE,0.14,60.87,0.01,0.0
Sierra Leone,2018,SLE,0.18,66.667,0.01,0.0
Sierra Leone,2019,SLE,0.19,95.0,0.01,0.0
Sierra Leone,2020,SLE,0.19,95.0,0.01,0.0
Sierra Leone,2021,SLE,0.19,95.0,0.01,0.0
Sierra Leone,2022,SLE,0.19,95.0,0.01,0.0
Sierra Leone,2023,SLE,0.2,95.238,0.02,0.0
Sierra Leone,2024,SLE,0.2,95.238,0.02,0.0
Singapore,1965,SGP,0.0,,0.0,0.0
Singapore,1966,SGP,0.0,,0.0,0.0
Singapore,1967,SGP,0.0,,0.0,0.0
Singapore,1968,SGP,0.0,,0.0,0.0
Singapore,1969,SGP,0.0,,0.0,0.0
Singapore,1970,SGP,0.0,,0.0,0.0
Singapore,1971,SGP,0.0,,0.0,0.0
Singapore,1972,SGP,0.0,,0.0,0.0
Singapore,1973,SGP,0.0,,0.0,0.0
Singapore,1974,SGP,0.0,,0.0,0.0
Singapore,1975,SGP,0.0,,0.0,0.0
Singapore,1976,SGP,0.0,,0.0,0.0
Singapore,1977,SGP,0.0,,0.0,0.0
Singapore,1978,SGP,0.0,,0.0,0.0
Singapore,1979,SGP,0.0,,0.0,0.0
Singapore,1980,SGP,0.0,,0.0,0.0
Singapore,1981,SGP,0.0,,0.0,0.0
Singapore,1982,SGP,0.0,,0.0,0.0
Singapore,1983,SGP,0.0,,0.0,0.0
Singapore,1984,SGP,0.0,,0.0,0.0
Singapore,1985,SGP,0.0,0.0,0.0,0.0
Singapore,1986,SGP,0.085,0.804,0.0,0.0
Singapore,1987,SGP,0.085,0.719,0.0,0.0
Singapore,1988,SGP,0.085,0.653,0.0,0.0
Singapore,1989,SGP,0.085,0.605,0.0,0.0
Singapore,1990,SGP,0.085,0.544,0.0,0.0
Singapore,1991,SGP,0.245,1.476,0.0,0.0
Singapore,1992,SGP,0.245,1.397,0.0,0.0
Singapore,1993,SGP,0.245,1.292,0.0,0.0
Singapore,1994,SGP,0.245,1.185,0.0,0.0
Singapore,1995,SGP,0.245,1.111,0.0,0.0
Singapore,1996,SGP,0.245,1.025,0.0,0.0
Singapore,1997,SGP,0.245,0.917,0.0,0.0
Singapore,1998,SGP,0.245,0.863,0.0,0.0
Singapore,1999,SGP,0.245,0.83,0.0,0.0
Slovakia,1965,SVK,2.223,,0.0,0.0
Slovakia,1966,SVK,2.13,,0.0,0.0
Slovakia,1967,SVK,1.825,,0.0,0.0
Slovakia,1968,SVK,1.675,,0.0,0.0
Slovakia,1969,SVK,1.304,,0.0,0.0
Slovakia,1970,SVK,1.967,,0.0,0.0
Slovakia,1971,SVK,1.476,,0.0,0.0
Slovakia,1972,SVK,1.546,,0.0,0.0
Slovakia,1973,SVK,1.322,,0.0,0.0
Slovakia,1974,SVK,2.223,,0.0,0.0
Slovakia,1975,SVK,2.002,,0.0,0.0
Slovakia,1976,SVK,2.019,,0.0,0.0
Slovakia,1977,SVK,2.408,,0.0,0.0
Slovakia,1978,SVK,2.259,,0.0,0.0
Slovakia,1979,SVK,1.884,,0.0,0.0
Slovakia,1980,SVK,2.257,,0.0,0.0
Slovakia,1981,SVK,1.966,,0.0,0.0
Slovakia,1982,SVK,1.726,,0.0,0.0
Slovakia,1983,SVK,1.832,,0.0,0.0
Slovakia,1984,SVK,1.555,,0.0,0.0
Slovakia,1985,SVK,2.117,9.406,0.0,0.0
Slovakia,1986,SVK,1.675,6.931,0.0,0.0
Slovakia,1987,SVK,1.932,8.176,0.0,0.0
Slovakia,1988,SVK,1.755,7.618,0.0,0.0
Slovakia,1989,SVK,1.962,8.151,0.0,0.0
Slovakia,1990,SVK,1.88,7.375,0.0,0.0
Slovakia,1991,SVK,1.41,5.812,0.0,0.0
Slovakia,1992,SVK,1.94,8.348,0.0,0.0
Slovakia,1993,SVK,3.47,14.428,0.0,0.0
Slovakia,1994,SVK,4.36,17.118,0.0,0.0
Slovakia,1995,SVK,4.88,18.464,0.0,0.0
Slovakia,1996,SVK,4.23,16.614,0.0,0.0
Slovakia,1997,SVK,4.06,16.214,0.0,0.0
Slovakia,1998,SVK,4.27,16.595,0.0,0.0
Slovakia,1999,SVK,4.47,15.902,0.0,0.0
Slovakia,2003,SVK,3.58,11.556,0.0,0.0
Slovakia,2004,SVK,4.13,13.559,0.0,0.01
Slovakia,2005,SVK,4.68,14.933,0.0,0.01
Slovakia,2006,SVK,4.81,15.392,0.0,0.01
Slovakia,2007,SVK,4.93,17.702,0.0,0.01
Slovakia,2008,SVK,4.57,15.923,0.0,0.01
Slovakia,2009,SVK,4.92,18.974,0.0,0.01
Slovakia,2010,SVK,5.95,21.668,0.02,0.01
Slovakia,2011,SVK,5.0,17.68,0.4,0.0
Slovakia,2012,SVK,5.47,19.329,0.42,0.01
Slovakia,2013,SVK,6.36,22.316,0.59,0.01
Slovakia,2014,SVK,6.24,23.0,0.6,0.01
Slovakia,2015,SVK,6.05,22.727,0.51,0.01
Slovakia,2016,SVK,6.63,24.739,0.53,0.01
Slovakia,2017,SVK,6.54,23.851,0.51,0.01
Slovakia,2018,SVK,5.81,21.793,0.58,0.01
Slovakia,2019,SVK,6.65,23.573,0.59,0.01
Slovakia,2020,SVK,6.85,24.027,0.66,0.0
Slovakia,2021,SVK,6.77,22.795,0.67,0.0
Slovakia,2022,SVK,5.82,21.929,0.65,0.0
Slovakia,2023,SVK,6.71,22.723,0.61,0.0
Slovakia,2024,SVK,7.1,24.051,0.69,0.0
Slovakia,2025,SVK,5.45,18.729,0.7,0.0
Slovenia,1990,SVN,2.95,23.714,0.0,0.0
Slovenia,1991,SVN,3.61,28.336,0.0,0.0
Slovenia,1992,SVN,3.42,27.715,0.0,0.0
Slovenia,1993,SVN,3.04,25.439,0.0,0.0
Slovenia,1994,SVN,3.4,26.377,0.0,0.0
Slovenia,1995,SVN,3.25,25.194,0.0,0.0
Slovenia,1996,SVN,3.67,28.123,0.0,0.0
Slovenia,1997,SVN,3.09,23.445,0.0,0.0
Slovenia,1998,SVN,3.45,25.146,0.0,0.0
Slovenia,1999,SVN,3.77,28.431,0.0,0.0
Slovenia,2013,SVN,5.11,32.342,0.22,0.0
Slovenia,2014,SVN,6.6,38.484,0.26,0.0
Slovenia,2015,SVN,4.35,29.392,0.27,0.01
Slovenia,2016,SVN,5.06,31.177,0.27,0.01
Slovenia,2017,SVN,4.44,27.664,0.28,0.01
Slovenia,2018,SVN,5.22,32.382,0.25,0.01
Slovenia,2019,SVN,5.04,31.718,0.3,0.01
Slovenia,2020,SVN,5.58,33.037,0.37,0.01
Slovenia,2021,SVN,5.44,34.894,0.45,0.01
Slovenia,2022,SVN,4.07,30.464,0.65,0.01
Slovenia,2023,SVN,6.3,40.514,0.98,0.01
Slovenia,2024,SVN,6.87,41.113,1.27,0.01
Slovenia,2025,SVN,5.88,39.623,1.54,0.01
Solomon Islands,2000,SLB,0.0,0.0,0.0,0.0
Solomon Islands,2001,SLB,0.0,0.0,0.0,0.0
Solomon Islands,2002,SLB,0.0,0.0,0.0,0.0
Solomon Islands,2003,SLB,0.0,0.0,0.0,0.0
Solomon Islands,2004,SLB,0.0,0.0,0.0,0.0
Solomon Islands,2005,SLB,0.0,0.0,0.0,0.0
Solomon Islands,2006,SLB,0.0,0.0,0.0,0.0
Solomon Islands,2007,SLB,0.0,0.0,0.0,0.0
Solomon Islands,2008,SLB,0.0,0.0,0.0,0.0
Solomon Islands,2009,SLB,0.0,0.0,0.0,0.0
Solomon Islands,2010,SLB,0.0,0.0,0.0,0.0
Solomon Islands,2011,SLB,0.0,0.0,0.0,0.0
Solomon Islands,2012,SLB,0.0,0.0,0.0,0.0
Solomon Islands,2013,SLB,0.0,0.0,0.0,0.0
Solomon Islands,2014,SLB,0.0,0.0,0.0,0.0
Solomon Islands,2015,SLB,0.0,0.0,0.0,0.0
Solomon Islands,2016,SLB,0.0,0.0,0.0,0.0
Solomon Islands,2017,SLB,0.0,0.0,0.0,0.0
Solomon Islands,2018,SLB,0.0,0.0,0.0,0.0
Solomon Islands,2019,SLB,0.0,0.0,0.0,0.0
Solomon Islands,2020,SLB,0.0,0.0,0.0,0.0
Solomon Islands,2021,SLB,0.0,0.0,0.0,0.0
Solomon Islands,2022,SLB,0.01,9.091,0.01,0.0
Solomon Islands,2023,SLB,0.01,9.091,0.01,0.0
Solomon Islands,2024,SLB,0.01,9.091,0.01,0.0
Somalia,2000,SOM,0.0,0.0,0.0,0.0
Somalia,2001,SOM,0.0,0.0,0.0,0.0
Somalia,2002,SOM,0.0,0.0,0.0,0.0
Somalia,2003,SOM,0.0,0.0,0.0,0.0
Somalia,2004,SOM,0.0,0.0,0.0,0.0
Somalia,2005,SOM,0.0,0.0,0.0,0.0
Somalia,2006,SOM,0.0,0.0,0.0,0.0
Somalia,2007,SOM,0.0,0.0,0.0,0.0
Somalia,2008,SOM,0.0,0.0,0.0,0.0
Somalia,2009,SOM,0.0,0.0,0.0,0.0
Somalia,2010,SOM,0.0,0.0,0.0,0.0
Somalia,2011,SOM,0.0,0.0,0.0,0.0
Somalia,2012,SOM,0.0,0.0,0.0,0.0
Somalia,2013,SOM,0.0,0.0,0.0,0.0
Somalia,2014,SOM,0.0,0.0,0.0,0.0
Somalia,2015,SOM,0.0,0.0,0.0,0.0
Somalia,2016,SOM,0.01,2.778,0.01,0.0
Somalia,2017,SOM,0.02,5.405,0.01,0.01
Somalia,2018,SOM,0.02,5.405,0.01,0.01
Somalia,2019,SOM,0.02,5.405,0.01,0.01
Somalia,2020,SOM,0.03,8.108,0.02,0.01
Somalia,2021,SOM,0.04,10.526,0.03,0.01
Somalia,2022,SOM,0.08,19.048,0.07,0.01
Somalia,2023,SOM,0.08,19.048,0.07,0.01
Somalia,2024,SOM,0.09,20.93,0.08,0.01
South Africa,1965,ZAF,0.037,,0.0,0.0
South Africa,1966,ZAF,0.036,,0.0,0.0
South Africa,1967,ZAF,0.026,,0.0,0.0
South Africa,1968,ZAF,0.024,,0.0,0.0
South Africa,1969,ZAF,0.021,,0.0,0.0
South Africa,1970,ZAF,0.025,,0.0,0.0
South Africa,1971,ZAF,0.112,,0.0,0.0
South Africa,1972,ZAF,0.834,,0.0,0.0
South Africa,1973,ZAF,0.985,,0.0,0.0
South Africa,1974,ZAF,1.132,,0.0,0.0
South Africa,1975,ZAF,1.12,,0.0,0.0
South Africa,1976,ZAF,1.876,,0.0,0.0
South Africa,1977,ZAF,1.944,,0.0,0.0
South Africa,1978,ZAF,1.907,,0.0,0.0
South Africa,1979,ZAF,1.144,,0.0,0.0
South Africa,1980,ZAF,0.992,,0.0,0.0
South Africa,1981,ZAF,1.653,,0.0,0.0
South Africa,1982,ZAF,1.016,,0.0,0.0
South Africa,1983,ZAF,0.595,,0.0,0.0
South Africa,1984,ZAF,0.56,,0.0,0.0
South Africa,1985,ZAF,0.624,0.435,0.0,0.0
South Africa,1986,ZAF,1.623,1.095,0.0,0.0
South Africa,1987,ZAF,1.617,1.061,0.0,0.0
South Africa,1988,ZAF,3.162,1.999,0.0,0.0
South Africa,1989,ZAF,2.759,1.689,0.0,0.0
South Africa,1990,ZAF,1.01,0.604,0.0,0.0
South Africa,1991,ZAF,1.98,1.176,0.0,0.0
South Africa,1992,ZAF,0.752,0.447,0.0,0.0
South Africa,1993,ZAF,0.146,0.084,0.0,0.0
South Africa,1994,ZAF,1.074,0.591,0.0,0.0
South Africa,1995,ZAF,0.529,0.283,0.0,0.0
South Africa,1996,ZAF,1.379,0.689,0.0,0.0
South Africa,1997,ZAF,2.238,1.064,0.0,0.0
South Africa,1998,ZAF,1.826,0.889,0.0,0.0
South Africa,1999,ZAF,0.923,0.455,0.0,0.0
South Africa,2000,ZAF,1.58,0.75,0.0,0.0
South Africa,2001,ZAF,2.14,1.019,0.0,0.0
South Africa,2002,ZAF,2.56,1.161,0.02,0.0
South Africa,2003,ZAF,1.27,0.542,0.02,0.01
South Africa,2004,ZAF,1.36,0.556,0.02,0.01
South Africa,2005,ZAF,1.79,0.731,0.02,0.01
South Africa,2006,ZAF,3.34,1.316,0.02,0.01
South Africa,2007,ZAF,3.33,1.264,0.02,0.01
South Africa,2008,ZAF,1.76,0.681,0.02,0.02
South Africa,2009,ZAF,1.95,0.781,0.02,0.03
South Africa,2010,ZAF,1.59,0.613,0.02,0.03
South Africa,2011,ZAF,3.53,1.345,0.02,0.04
South Africa,2012,ZAF,1.51,0.586,0.03,0.04
South Africa,2013,ZAF,1.67,0.652,0.05,0.04
South Africa,2014,ZAF,4.31,1.692,1.08,1.07
South Africa,2015,ZAF,6.52,2.607,2.4,3.07
South Africa,2016,ZAF,8.17,3.232,3.01,4.21
South Africa,2017,ZAF,12.13,4.754,3.94,7.02
South Africa,2018,ZAF,12.48,4.869,4.54,6.41
South Africa,2019,ZAF,13.2,5.216,5.4,6.63
South Africa,2020,ZAF,15.27,6.343,6.98,6.41
South Africa,2021,ZAF,18.92,7.708,7.84,8.65
South Africa,2022,ZAF,23.62,9.876,10.46,9.7
South Africa,2023,ZAF,28.88,12.398,14.81,11.6
South Africa,2024,ZAF,30.97,12.512,18.3,11.1
South Africa,2025,ZAF,33.1,13.635,19.48,11.32
South Korea,1965,KOR,0.71,,0.0,0.0
South Korea,1966,KOR,0.985,,0.0,0.0
South Korea,1967,KOR,0.953,,0.0,0.0
South Korea,1968,KOR,0.929,,0.0,0.0
South Korea,1969,KOR,1.429,,0.0,0.0
South Korea,1970,KOR,1.221,,0.0,0.0
South Korea,1971,KOR,1.32,,0.0,0.0
South Korea,1972,KOR,1.368,,0.0,0.0
South Korea,1973,KOR,1.284,,0.0,0.0
South Korea,1974,KOR,1.906,,0.0,0.0
South Korea,1975,KOR,1.683,,0.0,0.0
South Korea,1976,KOR,1.789,,0.0,0.0
South Korea,1977,KOR,1.393,,0.0,0.0
South Korea,1978,KOR,1.808,,0.0,0.0
South Korea,1979,KOR,2.296,,0.0,0.0
South Korea,1980,KOR,1.92,,0.0,0.0
South Korea,1981,KOR,2.598,,0.0,0.0
South Korea,1982,KOR,1.715,,0.0,0.0
South Korea,1983,KOR,2.294,,0.0,0.0
South Korea,1984,KOR,1.998,,0.0,0.0
South Korea,1985,KOR,3.185,5.082,0.0,0.0
South Korea,1986,KOR,3.11,4.463,0.0,0.0
South Korea,1987,KOR,3.965,4.941,0.0,0.0
South Korea,1988,KOR,1.987,2.134,0.0,0.0
South Korea,1989,KOR,2.964,2.86,0.0,0.0
South Korea,1990,KOR,4.685,3.955,0.001,0.0
South Korea,1991,KOR,3.487,2.649,0.001,0.0
South Korea,1992,KOR,3.099,2.117,0.002,0.0
South Korea,1993,KOR,4.231,2.613,0.002,0.001
South Korea,1994,KOR,2.349,1.281,0.002,0.001
South Korea,1995,KOR,3.012,1.48,0.002,0.0
South Korea,1996,KOR,2.83,1.253,0.003,0.0
South Korea,1997,KOR,2.896,1.174,0.003,0.001
South Korea,1998,KOR,4.343,1.831,0.004,0.002
South Korea,1999,KOR,4.257,1.624,0.005,0.006
South Korea,2000,KOR,4.12,1.418,0.01,0.02
South Korea,2001,KOR,2.44,0.787,0.01,0.01
South Korea,2002,KOR,3.43,1.033,0.01,0.01
South Korea,2003,KOR,5.11,1.469,0.01,0.02
South Korea,2004,KOR,4.66,1.266,0.01,0.05
South Korea,2005,KOR,4.07,1.045,0.01,0.13
South Korea,2006,KOR,3.98,0.988,0.03,0.24
South Korea,2007,KOR,4.46,1.048,0.07,0.38
South Korea,2008,KOR,4.44,1.003,0.28,0.44
South Korea,2009,KOR,4.61,1.019,0.57,0.69
South Korea,2010,KOR,5.69,1.149,0.77,0.82
South Korea,2011,KOR,7.4,1.428,0.92,0.86
South Korea,2012,KOR,8.17,1.538,1.13,0.91
South Korea,2013,KOR,10.23,1.904,1.67,1.15
South Korea,2014,KOR,12.89,2.385,2.69,1.15
South Korea,2015,KOR,15.2,2.775,4.23,1.34
South Korea,2016,KOR,18.13,3.232,5.52,1.68
South Korea,2017,KOR,22.33,3.874,7.74,2.17
South Korea,2018,KOR,27.8,4.689,10.17,2.46
South Korea,2019,KOR,33.01,5.625,14.19,2.68
South Korea,2020,KOR,40.4,7.0,19.34,3.15
South Korea,2021,KOR,48.1,7.914,24.72,3.18
South Korea,2022,KOR,55.49,8.913,30.73,3.37
South Korea,2023,KOR,59.07,9.566,33.24,3.39
South Korea,2024,KOR,60.72,9.709,32.72,3.36
South Korea,2025,KOR,64.93,10.394,37.8,3.64
South Sudan,2012,SSD,0.0,0.0,0.0,0.0
South Sudan,2013,SSD,0.0,0.0,0.0,0.0
South Sudan,2014,SSD,0.0,0.0,0.0,0.0
South Sudan,2015,SSD,0.0,0.0,0.0,0.0
South Sudan,2016,SSD,0.0,0.0,0.0,0.0
South Sudan,2017,SSD,0.0,0.0,0.0,0.0
South Sudan,2018,SSD,0.0,0.0,0.0,0.0
South Sudan,2019,SSD,0.0,0.0,0.0,0.0
South Sudan,2020,SSD,0.01,1.786,0.01,0.0
South Sudan,2021,SSD,0.01,1.754,0.01,0.0
South Sudan,2022,SSD,0.01,1.961,0.01,0.0
South Sudan,2023,SSD,0.01,1.786,0.01,0.0
South Sudan,2024,SSD,0.01,1.786,0.01,0.0
Spain,1965,ESP,19.687,,0.0,0.0
Spain,1966,ESP,27.258,,0.0,0.0
Spain,1967,ESP,22.657,,0.0,0.0
Spain,1968,ESP,24.388,,0.0,0.0
Spain,1969,ESP,30.603,,0.0,0.0
Spain,1970,ESP,27.819,,0.0,0.0
Spain,1971,ESP,31.868,,0.0,0.0
Spain,1972,ESP,35.53,,0.0,0.0
Spain,1973,ESP,28.968,,0.0,0.0
Spain,1974,ESP,30.619,,0.0,0.0
Spain,1975,ESP,26.178,,0.0,0.0
Spain,1976,ESP,21.119,,0.0,0.0
Spain,1977,ESP,39.937,,0.0,0.0
Spain,1978,ESP,40.567,,0.0,0.0
Spain,1979,ESP,46.648,,0.0,0.0
Spain,1980,ESP,29.912,,0.0,0.0
Spain,1981,ESP,22.366,,0.0,0.0
Spain,1982,ESP,26.818,,0.0,0.0
Spain,1983,ESP,27.607,,0.0,0.0
Spain,1984,ESP,32.034,,0.0,0.0
Spain,1985,ESP,31.898,25.203,0.0,0.0
Spain,1986,ESP,27.032,21.031,0.0,0.0
Spain,1987,ESP,27.946,21.065,0.0,0.0
Spain,1988,ESP,35.919,25.886,0.0,0.0
Spain,1989,ESP,19.946,13.564,0.006,0.013
Spain,1990,ESP,26.03,17.22,0.01,0.01
Spain,1991,ESP,27.81,17.976,0.01,0.01
Spain,1992,ESP,19.6,12.512,0.01,0.1
Spain,1993,ESP,25.13,16.2,0.01,0.12
Spain,1994,ESP,29.06,18.141,0.01,0.17
Spain,1995,ESP,24.38,14.769,0.02,0.27
Spain,1996,ESP,41.25,23.815,0.02,0.36
Spain,1997,ESP,36.97,19.547,0.02,0.74
Spain,1998,ESP,36.89,19.075,0.02,1.35
Spain,1999,ESP,27.21,13.233,0.03,2.74
Spain,2000,ESP,34.49,15.612,0.01,4.73
Spain,2001,ESP,49.3,21.152,0.02,6.76
Spain,2002,ESP,33.17,13.826,0.02,9.34
Spain,2003,ESP,55.75,21.667,0.02,12.07
Spain,2004,ESP,50.13,18.123,0.02,15.7
Spain,2005,ESP,42.27,14.603,0.05,21.18
Spain,2006,ESP,52.15,17.643,0.12,23.3
Spain,2007,ESP,58.3,19.314,0.52,27.57
Spain,2008,ESP,62.15,20.062,2.58,32.95
Spain,2009,ESP,74.08,25.482,6.06,38.12
Spain,2010,ESP,97.77,32.831,7.19,44.27
Spain,2011,ESP,87.53,30.023,9.4,42.92
Spain,2012,ESP,86.97,29.587,11.97,49.47
Spain,2013,ESP,111.41,39.583,13.1,55.64
Spain,2014,ESP,110.26,40.176,13.67,52.01
Spain,2015,ESP,97.08,35.025,13.86,49.32
Spain,2016,ESP,104.63,38.652,13.64,48.9
Spain,2017,ESP,87.93,32.282,14.4,49.13
Spain,2018,ESP,103.87,38.272,12.74,50.89
Spain,2019,ESP,100.99,37.332,15.1,55.65
Spain,2020,ESP,113.79,43.855,20.67,56.44
Spain,2021,ESP,125.75,46.445,27.1,62.06
Spain,2022,ESP,122.91,42.803,35.72,62.78
Spain,2023,ESP,143.78,51.514,48.59,64.28
Spain,2024,ESP,161.08,57.336,58.29,62.2
Spain,2025,ESP,160.81,55.858,62.9,58.76
Sri Lanka,1965,LKA,0.365,,0.0,0.0
Sri Lanka,1966,LKA,0.399,,0.0,0.0
Sri Lanka,1967,LKA,0.41,,0.0,0.0
Sri Lanka,1968,LKA,0.474,,0.0,0.0
Sri Lanka,1969,LKA,0.549,,0.0,0.0
Sri Lanka,1970,LKA,0.74,,0.0,0.0
Sri Lanka,1971,LKA,0.826,,0.0,0.0
Sri Lanka,1972,LKA,0.847,,0.0,0.0
Sri Lanka,1973,LKA,0.696,,0.0,0.0
Sri Lanka,1974,LKA,0.998,,0.0,0.0
Sri Lanka,1975,LKA,1.077,,0.0,0.0
Sri Lanka,1976,LKA,1.11,,0.0,0.0
Sri Lanka,1977,LKA,1.214,,0.0,0.0
Sri Lanka,1978,LKA,1.366,,0.0,0.0
Sri Lanka,1979,LKA,1.462,,0.0,0.0
Sri Lanka,1980,LKA,1.48,,0.0,0.0
Sri Lanka,1981,LKA,1.572,,0.0,0.0
Sri Lanka,1982,LKA,1.608,,0.0,0.0
Sri Lanka,1983,LKA,1.217,,0.0,0.0
Sri Lanka,1984,LKA,2.092,,0.0,0.0
Sri Lanka,1985,LKA,2.396,97.185,0.0,0.0
Sri Lanka,1986,LKA,2.645,99.751,0.0,0.0
Sri Lanka,1987,LKA,2.177,80.415,0.0,0.0
Sri Lanka,1988,LKA,2.597,92.792,0.0,0.0
Sri Lanka,1989,LKA,2.801,98.016,0.0,0.0
Sri Lanka,1990,LKA,3.145,99.841,0.0,0.0
Sri Lanka,1991,LKA,3.117,92.286,0.0,0.0
Sri Lanka,1992,LKA,2.9,81.925,0.0,0.0
Sri Lanka,1993,LKA,3.796,95.408,0.0,0.0
Sri Lanka,1994,LKA,4.089,93.215,0.0,0.0
Sri Lanka,1995,LKA,4.514,94.036,0.0,0.0
Sri Lanka,1996,LKA,3.252,71.818,0.0,0.0
Sri Lanka,1997,LKA,3.447,67.016,0.0,0.0
Sri Lanka,1998,LKA,3.915,68.981,0.0,0.0
Sri Lanka,1999,LKA,4.181,66.568,0.0,0.004
Sri Lanka,2000,LKA,3.21,47.345,0.0,0.0
Sri Lanka,2001,LKA,3.12,46.777,0.0,0.0
Sri Lanka,2002,LKA,2.7,38.905,0.0,0.0
Sri Lanka,2003,LKA,3.32,43.512,0.0,0.0
Sri Lanka,2004,LKA,2.97,36.712,0.0,0.0
Sri Lanka,2005,LKA,3.47,39.342,0.01,0.0
Sri Lanka,2006,LKA,4.65,49.258,0.01,0.0
Sri Lanka,2007,LKA,3.97,40.182,0.01,0.0
Sri Lanka,2008,LKA,4.16,41.935,0.01,0.0
Sri Lanka,2009,LKA,3.92,39.636,0.01,0.0
Sri Lanka,2010,LKA,5.73,53.451,0.01,0.05
Sri Lanka,2011,LKA,4.76,41.212,0.01,0.09
Sri Lanka,2012,LKA,3.47,29.407,0.01,0.14
Sri Lanka,2013,LKA,7.21,60.184,0.02,0.23
Sri Lanka,2014,LKA,4.9,39.357,0.03,0.27
Sri Lanka,2015,LKA,6.44,48.751,0.04,0.34
Sri Lanka,2016,LKA,4.72,32.984,0.05,0.35
Sri Lanka,2017,LKA,4.62,31.028,0.15,0.37
Sri Lanka,2018,LKA,7.05,43.871,0.22,0.33
Sri Lanka,2019,LKA,5.63,33.773,0.34,0.35
Sri Lanka,2020,LKA,5.87,35.576,0.46,0.33
Sri Lanka,2021,LKA,8.65,49.4,0.64,0.65
Sri Lanka,2022,LKA,8.43,50.328,0.84,0.74
Sri Lanka,2023,LKA,7.96,48.566,1.0,0.82
Sri Lanka,2024,LKA,9.43,55.243,1.31,0.87
Sri Lanka,2025,LKA,10.63,61.623,2.84,0.93
Sudan,2000,SDN,1.27,50.0,0.0,0.0
Sudan,2001,SDN,1.36,50.746,0.0,0.0
Sudan,2002,SDN,1.39,46.333,0.0,0.0
Sudan,2003,SDN,1.28,36.888,0.0,0.0
Sudan,2004,SDN,1.24,34.444,0.0,0.0
Sudan,2005,SDN,1.39,35.101,0.0,0.0
Sudan,2006,SDN,1.5,32.258,0.0,0.0
Sudan,2007,SDN,1.59,30.814,0.0,0.0
Sudan,2008,SDN,1.6,28.369,0.0,0.0
Sudan,2009,SDN,3.35,50.681,0.0,0.0
Sudan,2010,SDN,6.28,82.85,0.0,0.0
Sudan,2011,SDN,6.52,76.616,0.0,0.0
Sudan,2012,SDN,6.68,70.316,0.01,0.0
Sudan,2013,SDN,8.38,80.966,0.01,0.0
Sudan,2014,SDN,8.95,78.44,0.01,0.0
Sudan,2015,SDN,8.46,64.629,0.01,0.0
Sudan,2016,SDN,8.19,56.211,0.02,0.0
Sudan,2017,SDN,9.5,60.51,0.02,0.0
Sudan,2018,SDN,9.8,59.756,0.02,0.0
Sudan,2019,SDN,10.34,63.748,0.02,0.0
Sudan,2020,SDN,11.15,64.826,0.03,0.0
Sudan,2021,SDN,11.09,62.655,0.03,0.0
Sudan,2022,SDN,12.04,71.752,0.13,0.0
Sudan,2023,SDN,11.75,80.979,0.14,0.0
Sudan,2024,SDN,11.77,79.689,0.16,0.0
Suriname,2000,SUR,0.71,73.958,0.0,0.0
Suriname,2001,SUR,0.73,70.192,0.0,0.0
Suriname,2002,SUR,0.74,60.163,0.0,0.0
Suriname,2003,SUR,0.75,57.692,0.0,0.0
Suriname,2004,SUR,0.76,53.147,0.0,0.0
Suriname,2005,SUR,0.82,48.521,0.0,0.0
Suriname,2006,SUR,0.86,54.777,0.0,0.0
Suriname,2007,SUR,0.86,57.333,0.0,0.0
Suriname,2008,SUR,0.86,56.954,0.0,0.0
Suriname,2009,SUR,0.86,56.209,0.0,0.0
Suriname,2010,SUR,1.2,61.224,0.0,0.0
Suriname,2011,SUR,1.03,67.32,0.0,0.0
Suriname,2012,SUR,0.82,49.102,0.0,0.0
Suriname,2013,SUR,0.83,47.159,0.0,0.0
Suriname,2014,SUR,0.55,30.22,0.0,0.0
Suriname,2015,SUR,0.49,26.344,0.01,0.0
Suriname,2016,SUR,0.8,43.956,0.01,0.0
Suriname,2017,SUR,0.94,51.934,0.01,0.0
Suriname,2018,SUR,1.01,53.158,0.01,0.0
Suriname,2019,SUR,0.97,47.549,0.01,0.0
Suriname,2020,SUR,0.99,48.293,0.01,0.0
Suriname,2021,SUR,1.01,48.325,0.01,0.0
Suriname,2022,SUR,0.94,44.55,0.01,0.0
Suriname,2023,SUR,0.92,53.179,0.01,0.0
Suriname,2024,SUR,0.92,52.874,0.01,0.0
Sweden,1965,SWE,46.423,,0.0,0.0
Sweden,1966,SWE,45.489,,0.0,0.0
Sweden,1967,SWE,49.286,,0.0,0.0
Sweden,1968,SWE,48.739,,0.0,0.0
Sweden,1969,SWE,41.83,,0.0,0.0
Sweden,1970,SWE,41.619,,0.0,0.0
Sweden,1971,SWE,52.172,,0.0,0.0
Sweden,1972,SWE,53.969,,0.0,0.0
Sweden,1973,SWE,60.271,,0.0,0.0
Sweden,1974,SWE,57.622,,0.0,0.0
Sweden,1975,SWE,57.958,,0.0,0.0
Sweden,1976,SWE,55.186,,0.0,0.0
Sweden,1977,SWE,53.855,,0.0,0.0
Sweden,1978,SWE,58.029,,0.0,0.0
Sweden,1979,SWE,61.427,,0.0,0.0
Sweden,1980,SWE,59.589,,0.0,0.0
Sweden,1981,SWE,60.674,,0.0,0.0
Sweden,1982,SWE,56.068,,0.0,0.0
Sweden,1983,SWE,64.994,,0.0,0.003
Sweden,1984,SWE,69.759,,0.0,0.005
Sweden,1985,SWE,72.796,53.082,0.0,0.006
Sweden,1986,SWE,62.919,45.379,0.0,0.006
Sweden,1987,SWE,73.819,50.364,0.0,0.006
Sweden,1988,SWE,71.929,49.189,0.0,0.005
Sweden,1989,SWE,73.944,51.676,0.0,0.005
Sweden,1990,SWE,74.45,51.0,0.0,0.01
Sweden,1991,SWE,65.11,44.302,0.0,0.01
Sweden,1992,SWE,76.37,52.333,0.0,0.03
Sweden,1993,SWE,76.87,52.919,0.0,0.05
Sweden,1994,SWE,61.4,43.027,0.0,0.07
Sweden,1995,SWE,70.55,47.579,0.0,0.1
Sweden,1996,SWE,54.0,38.404,0.0,0.14
Sweden,1997,SWE,72.03,48.274,0.0,0.2
Sweden,1998,SWE,78.1,49.184,0.0,0.32
Sweden,1999,SWE,74.75,48.276,0.0,0.36
Sweden,2000,SWE,83.14,57.247,0.0,0.46
Sweden,2001,SWE,83.32,51.559,0.0,0.48
Sweden,2002,SWE,71.15,48.5,0.0,0.61
Sweden,2003,SWE,58.73,43.378,0.0,0.68
Sweden,2004,SWE,68.18,44.985,0.0,0.86
Sweden,2005,SWE,81.22,51.288,0.0,0.93
Sweden,2006,SWE,71.06,49.595,0.0,0.98
Sweden,2007,SWE,77.43,52.029,0.0,1.43
Sweden,2008,SWE,81.41,54.31,0.0,2.0
Sweden,2009,SWE,79.81,58.426,0.01,2.49
Sweden,2010,SWE,82.09,55.298,0.01,3.49
Sweden,2011,SWE,84.09,55.956,0.01,6.11
Sweden,2012,SWE,98.31,59.066,0.02,7.17
Sweden,2013,SWE,82.69,54.035,0.04,9.84
Sweden,2014,SWE,85.75,55.841,0.05,11.24
Sweden,2015,SWE,102.5,63.272,0.1,16.32
Sweden,2016,SWE,89.13,57.175,0.14,15.48
Sweden,2017,SWE,95.06,57.882,0.23,17.61
Sweden,2018,SWE,91.15,55.797,0.41,16.62
Sweden,2019,SWE,98.94,58.746,0.68,19.85
Sweden,2020,SWE,112.14,68.47,1.05,27.52
Sweden,2021,SWE,115.75,67.383,1.53,27.25
Sweden,2022,SWE,118.23,68.321,1.98,33.25
Sweden,2023,SWE,115.25,69.407,3.11,34.25
Sweden,2024,SWE,119.4,69.358,4.16,40.45
Sweden,2025,SWE,121.53,71.191,4.43,38.9
Switzerland,1965,CHE,24.097,,0.0,0.0
Switzerland,1966,CHE,27.519,,0.0,0.0
Switzerland,1967,CHE,29.85,,0.0,0.0
Switzerland,1968,CHE,29.515,,0.0,0.0
Switzerland,1969,CHE,28.245,,0.0,0.0
Switzerland,1970,CHE,29.173,,0.0,0.0
Switzerland,1971,CHE,29.044,,0.0,0.0
Switzerland,1972,CHE,24.234,,0.0,0.0
Switzerland,1973,CHE,26.587,,0.0,0.0
Switzerland,1974,CHE,27.85,,0.0,0.0
Switzerland,1975,CHE,32.236,,0.0,0.0
Switzerland,1976,CHE,25.849,,0.0,0.0
Switzerland,1977,CHE,34.89,,0.0,0.0
Switzerland,1978,CHE,31.659,,0.0,0.0
Switzerland,1979,CHE,29.971,,0.0,0.0
Switzerland,1980,CHE,33.621,,0.0,0.0
Switzerland,1981,CHE,35.561,,0.0,0.0
Switzerland,1982,CHE,36.361,,0.0,0.0
Switzerland,1983,CHE,35.459,,0.0,0.0
Switzerland,1984,CHE,30.263,,0.0,0.0
Switzerland,1985,CHE,32.417,57.54,0.0,0.0
Switzerland,1986,CHE,33.363,58.114,0.0,0.0
Switzerland,1987,CHE,35.186,58.904,0.0,0.0
Switzerland,1988,CHE,36.308,59.978,0.0,0.0
Switzerland,1989,CHE,30.304,55.491,0.0,0.0
Switzerland,1990,CHE,30.237,53.979,0.001,0.0
Switzerland,1991,CHE,32.518,56.006,0.002,0.0
Switzerland,1992,CHE,33.192,55.767,0.003,0.0
Switzerland,1993,CHE,36.276,58.932,0.004,0.0
Switzerland,1994,CHE,39.628,59.92,0.005,0.0
Switzerland,1995,CHE,35.752,56.872,0.006,0.0
Switzerland,1996,CHE,29.37,51.231,0.007,0.001
Switzerland,1997,CHE,34.713,55.186,0.007,0.002
Switzerland,1998,CHE,34.175,54.0,0.008,0.003
Switzerland,1999,CHE,40.77,59.417,0.01,0.003
Switzerland,2000,CHE,37.68,56.987,0.01,0.0
Switzerland,2001,CHE,42.2,59.395,0.01,0.0
Switzerland,2002,CHE,36.1,55.19,0.01,0.0
Switzerland,2003,CHE,35.72,54.668,0.02,0.0
Switzerland,2004,CHE,34.76,54.423,0.02,0.01
Switzerland,2005,CHE,32.29,55.865,0.02,0.01
Switzerland,2006,CHE,32.13,51.714,0.02,0.01
Switzerland,2007,CHE,36.48,54.915,0.03,0.02
Switzerland,2008,CHE,37.33,55.683,0.04,0.02
Switzerland,2009,CHE,37.03,55.542,0.05,0.02
Switzerland,2010,CHE,37.47,56.73,0.09,0.04
Switzerland,2011,CHE,34.02,54.103,0.17,0.07
Switzerland,2012,CHE,40.53,59.489,0.3,0.09
Switzerland,2013,CHE,40.67,59.208,0.5,0.09
Switzerland,2014,CHE,40.67,58.034,0.84,0.1
Switzerland,2015,CHE,41.12,62.237,1.12,0.11
Switzerland,2016,CHE,37.81,61.882,1.33,0.11
Switzerland,2017,CHE,37.76,62.776,1.68,0.13
Switzerland,2018,CHE,38.88,58.651,1.95,0.12
Switzerland,2019,CHE,42.25,59.87,2.18,0.15
Switzerland,2020,CHE,42.61,62.204,2.6,0.15
Switzerland,2021,CHE,42.01,66.587,2.84,0.14
Switzerland,2022,CHE,35.99,58.312,3.86,0.15
Switzerland,2023,CHE,44.26,63.165,4.62,0.17
Switzerland,2024,CHE,52.86,67.449,5.66,0.18
Switzerland,2025,CHE,44.1,67.825,7.89,0.14
Syria,2000,SYR,3.26,12.911,0.0,0.0
Syria,2001,SYR,3.44,12.865,0.0,0.0
Syria,2002,SYR,2.48,8.835,0.0,0.0
Syria,2003,SYR,2.79,9.178,0.0,0.0
Syria,2004,SYR,4.21,13.087,0.0,0.0
Syria,2005,SYR,4.35,12.057,0.0,0.0
Syria,2006,SYR,3.97,10.592,0.0,0.0
Syria,2007,SYR,3.51,9.077,0.0,0.0
Syria,2008,SYR,2.9,7.063,0.0,0.0
Syria,2009,SYR,1.9,4.384,0.0,0.0
Syria,2010,SYR,2.62,5.642,0.0,0.0
Syria,2011,SYR,3.03,7.242,0.0,0.0
Syria,2012,SYR,2.99,9.266,0.0,0.0
Syria,2013,SYR,3.03,12.038,0.0,0.0
Syria,2014,SYR,2.37,11.153,0.0,0.0
Syria,2015,SYR,0.44,2.443,0.0,0.0
Syria,2016,SYR,0.96,5.283,0.0,0.0
Syria,2017,SYR,0.78,4.23,0.0,0.0
Syria,2018,SYR,0.78,3.495,0.0,0.0
Syria,2019,SYR,0.78,3.495,0.0,0.0
Syria,2020,SYR,0.8,3.804,0.02,0.0
Syria,2021,SYR,0.84,3.869,0.06,0.0
Syria,2022,SYR,0.88,4.382,0.1,0.0
Syria,2023,SYR,0.88,3.517,0.1,0.0
Syria,2024,SYR,0.88,3.537,0.1,0.0
Taiwan,1965,TWN,2.586,,0.0,0.0
Taiwan,1966,TWN,2.661,,0.0,0.0
Taiwan,1967,TWN,2.634,,0.0,0.0
Taiwan,1968,TWN,3.864,,0.0,0.0
Taiwan,1969,TWN,3.052,,0.0,0.0
Taiwan,1970,TWN,2.865,,0.0,0.0
Taiwan,1971,TWN,3.091,,0.0,0.0
Taiwan,1972,TWN,3.636,,0.0,0.0
Taiwan,1973,TWN,3.399,,0.0,0.0
Taiwan,1974,TWN,4.705,,0.0,0.0
Taiwan,1975,TWN,5.261,,0.0,0.0
Taiwan,1976,TWN,4.282,,0.0,0.0
Taiwan,1977,TWN,4.023,,0.0,0.0
Taiwan,1978,TWN,4.966,,0.0,0.0
Taiwan,1979,TWN,4.567,,0.0,0.0
Taiwan,1980,TWN,2.926,,0.0,0.0
Taiwan,1981,TWN,4.791,,0.0,0.0
Taiwan,1982,TWN,4.79,,0.0,0.0
Taiwan,1983,TWN,4.992,,0.0,0.0
Taiwan,1984,TWN,4.389,,0.0,0.0
Taiwan,1985,TWN,6.004,10.807,0.0,0.0
Taiwan,1986,TWN,6.134,9.841,0.0,0.0
Taiwan,1987,TWN,5.512,7.967,0.0,0.0
Taiwan,1988,TWN,4.677,6.133,0.0,0.0
Taiwan,1989,TWN,5.059,6.018,0.0,0.0
Taiwan,1990,TWN,6.593,7.31,0.0,0.0
Taiwan,1991,TWN,4.097,4.131,0.0,0.0
Taiwan,1992,TWN,6.818,6.46,0.0,0.0
Taiwan,1993,TWN,4.342,3.769,0.0,0.0
Taiwan,1994,TWN,5.318,4.267,0.0,0.0
Taiwan,1995,TWN,5.223,3.924,0.0,0.0
Taiwan,1996,TWN,5.213,3.672,0.0,0.0
Taiwan,1997,TWN,5.771,3.835,0.0,0.0
Taiwan,1998,TWN,6.809,4.172,0.0,0.0
Taiwan,1999,TWN,5.81,3.436,0.0,0.0
Taiwan,2000,TWN,5.61,3.035,0.0,0.0
Taiwan,2001,TWN,6.42,3.405,0.0,0.01
Taiwan,2002,TWN,4.4,2.213,0.0,0.02
Taiwan,2003,TWN,4.82,2.306,0.0,0.02
Taiwan,2004,TWN,5.09,2.33,0.0,0.03
Taiwan,2005,TWN,6.01,2.642,0.0,0.09
Taiwan,2006,TWN,6.22,2.641,0.0,0.28
Taiwan,2007,TWN,6.74,2.772,0.0,0.44
Taiwan,2008,TWN,6.72,2.82,0.0,0.59
Taiwan,2009,TWN,6.3,2.739,0.01,0.79
Taiwan,2010,TWN,7.07,2.862,0.02,1.03
Taiwan,2011,TWN,7.38,2.927,0.06,1.49
Taiwan,2012,TWN,9.07,3.623,0.16,1.41
Taiwan,2013,TWN,9.23,3.658,0.32,1.64
Taiwan,2014,TWN,8.27,3.181,0.53,1.5
Taiwan,2015,TWN,8.79,3.405,0.85,1.53
Taiwan,2016,TWN,11.04,4.18,1.11,1.46
Taiwan,2017,TWN,10.7,3.959,1.67,1.72
Taiwan,2018,TWN,10.86,3.941,2.7,1.71
Taiwan,2019,TWN,13.44,4.902,4.02,1.89
Taiwan,2020,TWN,13.4,4.786,6.07,2.31
Taiwan,2021,TWN,15.72,5.402,7.97,2.27
Taiwan,2022,TWN,22.09,7.665,10.68,3.58
Taiwan,2023,TWN,25.12,8.899,12.91,6.24
Taiwan,2024,TWN,31.51,10.92,14.9,10.33
Taiwan,2025,TWN,35.3,12.24,15.68,12.01
Tajikistan,2000,TJK,14.02,98.455,0.0,0.0
Tajikistan,2001,TJK,14.21,98.749,0.0,0.0
Tajikistan,2002,TJK,15.16,99.085,0.0,0.0
Tajikistan,2003,TJK,16.34,98.97,0.0,0.0
Tajikistan,2004,TJK,16.34,99.09,0.0,0.0
Tajikistan,2005,TJK,16.97,99.298,0.0,0.0
Tajikistan,2006,TJK,16.7,98.641,0.0,0.0
Tajikistan,2007,TJK,17.11,97.827,0.0,0.0
Tajikistan,2008,TJK,15.8,97.833,0.0,0.0
Tajikistan,2009,TJK,15.9,98.635,0.0,0.0
Tajikistan,2010,TJK,16.4,99.757,0.0,0.0
Tajikistan,2011,TJK,16.2,99.754,0.0,0.0
Tajikistan,2012,TJK,16.9,99.588,0.0,0.0
Tajikistan,2013,TJK,17.07,99.766,0.0,0.0
Tajikistan,2014,TJK,16.0,99.01,0.0,0.0
Tajikistan,2015,TJK,17.0,99.068,0.0,0.0
Tajikistan,2016,TJK,16.63,96.462,0.0,0.0
Tajikistan,2017,TJK,17.13,94.589,0.0,0.0
Tajikistan,2018,TJK,18.39,93.161,0.0,0.0
Tajikistan,2019,TJK,19.17,91.46,0.0,0.0
Tajikistan,2020,TJK,18.11,90.1,0.0,0.0
Tajikistan,2021,TJK,18.66,90.058,0.0,0.0
Tajikistan,2022,TJK,19.92,92.694,0.0,0.0
Tajikistan,2023,TJK,20.0,94.206,0.0,0.0
Tajikistan,2024,TJK,21.0,94.595,0.0,0.0
Tajikistan,2025,TJK,23.28,94.366,0.0,0.0
Tanzania,2000,TZA,2.16,86.4,0.0,0.0
Tanzania,2001,TZA,2.68,94.7,0.0,0.0
Tanzania,2002,TZA,2.76,95.502,0.0,0.0
Tanzania,2003,TZA,2.6,95.941,0.0,0.0
Tanzania,2004,TZA,2.06,78.927,0.0,0.0
Tanzania,2005,TZA,1.83,50.0,0.0,0.0
Tanzania,2006,TZA,1.5,42.735,0.0,0.0
Tanzania,2007,TZA,2.58,60.849,0.0,0.0
Tanzania,2008,TZA,2.71,60.899,0.0,0.0
Tanzania,2009,TZA,2.7,56.25,0.0,0.0
Tanzania,2010,TZA,2.78,52.158,0.01,0.0
Tanzania,2011,TZA,2.07,40.039,0.01,0.0
Tanzania,2012,TZA,1.84,32.451,0.01,0.0
Tanzania,2013,TZA,1.8,30.05,0.01,0.0
Tanzania,2014,TZA,2.67,42.652,0.02,0.0
Tanzania,2015,TZA,2.19,33.538,0.02,0.0
Tanzania,2016,TZA,2.47,36.217,0.03,0.0
Tanzania,2017,TZA,2.46,34.795,0.04,0.0
Tanzania,2018,TZA,2.32,31.737,0.03,0.0
Tanzania,2019,TZA,2.58,33.205,0.03,0.0
Tanzania,2020,TZA,3.24,41.379,0.03,0.0
Tanzania,2021,TZA,3.19,36.879,0.03,0.0
Tanzania,2022,TZA,2.92,30.353,0.03,0.0
Tanzania,2023,TZA,2.8,26.49,0.03,0.0
Tanzania,2024,TZA,2.91,32.919,0.04,0.0
Thailand,1965,THA,0.841,,0.0,0.0
Thailand,1966,THA,1.064,,0.0,0.0
Thailand,1967,THA,1.368,,0.0,0.0
Thailand,1968,THA,1.405,,0.0,0.0
Thailand,1969,THA,1.046,,0.0,0.0
Thailand,1970,THA,1.787,,0.0,0.0
Thailand,1971,THA,2.048,,0.0,0.0
Thailand,1972,THA,1.728,,0.0,0.0
Thailand,1973,THA,1.88,,0.0,0.0
Thailand,1974,THA,2.458,,0.0,0.0
Thailand,1975,THA,3.399,,0.0,0.0
Thailand,1976,THA,3.637,,0.0,0.0
Thailand,1977,THA,3.265,,0.0,0.0
Thailand,1978,THA,2.11,,0.0,0.0
Thailand,1979,THA,3.263,,0.0,0.0
Thailand,1980,THA,1.273,,0.0,0.0
Thailand,1981,THA,2.974,,0.0,0.0
Thailand,1982,THA,3.836,,0.0,0.0
Thailand,1983,THA,3.66,,0.0,0.0
Thailand,1984,THA,4.081,,0.0,0.0
Thailand,1985,THA,3.691,16.027,0.0,0.0
Thailand,1986,THA,5.532,22.423,0.0,0.0
Thailand,1987,THA,4.061,14.213,0.0,0.0
Thailand,1988,THA,3.748,11.564,0.0,0.0
Thailand,1989,THA,5.534,14.815,0.0,0.0
Thailand,1990,THA,4.925,11.165,0.0,0.0
Thailand,1991,THA,4.535,9.048,0.0,0.0
Thailand,1992,THA,4.18,7.329,0.0,0.0
Thailand,1993,THA,3.642,5.75,0.0,0.0
Thailand,1994,THA,4.454,6.265,0.0,0.0
Thailand,1995,THA,6.736,8.447,0.0,0.0
Thailand,1996,THA,7.422,8.532,0.0,0.0
Thailand,1997,THA,7.356,7.938,0.0,0.0
Thailand,1998,THA,5.398,6.029,0.0,0.0
Thailand,1999,THA,3.857,4.275,0.0,0.0
Thailand,2000,THA,6.42,6.721,0.0,0.0
Thailand,2001,THA,6.79,6.723,0.0,0.0
Thailand,2002,THA,8.12,7.488,0.0,0.0
Thailand,2003,THA,8.44,7.28,0.0,0.0
Thailand,2004,THA,7.74,6.235,0.0,0.0
Thailand,2005,THA,7.53,5.773,0.0,0.0
Thailand,2006,THA,9.98,7.296,0.04,0.0
Thailand,2007,THA,10.42,7.311,0.04,0.0
Thailand,2008,THA,9.13,6.278,0.04,0.0
Thailand,2009,THA,9.26,6.347,0.04,0.0
Thailand,2010,THA,8.77,5.566,0.06,0.0
Thailand,2011,THA,12.0,7.828,0.09,0.0
Thailand,2012,THA,13.65,8.079,0.5,0.02
Thailand,2013,THA,12.65,7.501,1.26,0.35
Thailand,2014,THA,14.21,8.178,1.93,0.4
Thailand,2015,THA,13.81,7.766,2.38,0.33
Thailand,2016,THA,16.07,8.937,3.55,0.38
Thailand,2017,THA,19.63,11.107,4.54,1.11
Thailand,2018,THA,25.52,14.356,4.54,1.64
Thailand,2019,THA,27.72,14.862,5.15,3.67
Thailand,2020,THA,25.08,14.211,5.03,3.22
Thailand,2021,THA,26.47,15.009,4.99,3.53
Thailand,2022,THA,28.48,15.79,5.03,2.99
Thailand,2023,THA,29.76,15.624,5.14,3.74
Thailand,2024,THA,29.61,14.841,5.43,3.38
Thailand,2025,THA,31.2,16.575,9.98,3.41
Togo,2000,TGO,0.1,55.556,0.0,0.0
Togo,2001,TGO,0.05,38.462,0.0,0.0
Togo,2002,TGO,0.09,56.25,0.0,0.0
Togo,2003,TGO,0.12,66.667,0.0,0.0
Togo,2004,TGO,0.08,42.105,0.0,0.0
Togo,2005,TGO,0.07,36.842,0.0,0.0
Togo,2006,TGO,0.09,40.909,0.0,0.0
Togo,2007,TGO,0.1,52.632,0.0,0.0
Togo,2008,TGO,0.09,69.231,0.0,0.0
Togo,2009,TGO,0.11,73.333,0.0,0.0
Togo,2010,TGO,0.09,40.909,0.0,0.0
Togo,2011,TGO,0.1,47.619,0.0,0.0
Togo,2012,TGO,0.09,28.125,0.0,0.0
Togo,2013,TGO,0.04,12.5,0.0,0.0
Togo,2014,TGO,0.12,34.286,0.0,0.0
Togo,2015,TGO,0.06,13.636,0.0,0.0
Togo,2016,TGO,0.2,21.277,0.0,0.0
Togo,2017,TGO,0.21,25.926,0.0,0.0
Togo,2018,TGO,0.21,35.0,0.01,0.0
Togo,2019,TGO,0.13,21.311,0.01,0.0
Togo,2020,TGO,0.09,14.754,0.01,0.0
Togo,2021,TGO,0.16,22.535,0.07,0.0
Togo,2022,TGO,0.18,20.0,0.1,0.0
Togo,2023,TGO,0.19,26.761,0.11,0.0
Togo,2024,TGO,0.21,29.577,0.13,0.0
Tonga,2000,TON,0.0,0.0,0.0,0.0
Tonga,2001,TON,0.0,0.0,0.0,0.0
Tonga,2002,TON,0.0,0.0,0.0,0.0
Tonga,2003,TON,0.0,0.0,0.0,0.0
Tonga,2004,TON,0.0,0.0,0.0,0.0
Tonga,2005,TON,0.0,0.0,0.0,0.0
Tonga,2006,TON,0.0,0.0,0.0,0.0
Tonga,2007,TON,0.0,0.0,0.0,0.0
Tonga,2008,TON,0.0,0.0,0.0,0.0
Tonga,2009,TON,0.0,0.0,0.0,0.0
Tonga,2010,TON,0.0,0.0,0.0,0.0
Tonga,2011,TON,0.0,0.0,0.0,0.0
Tonga,2012,TON,0.0,0.0,0.0,0.0
Tonga,2013,TON,0.0,0.0,0.0,0.0
Tonga,2014,TON,0.0,0.0,0.0,0.0
Tonga,2015,TON,0.0,0.0,0.0,0.0
Tonga,2016,TON,0.0,0.0,0.0,0.0
Tonga,2017,TON,0.01,14.286,0.01,0.0
Tonga,2018,TON,0.01,14.286,0.01,0.0
Tonga,2019,TON,0.01,14.286,0.01,0.0
Tonga,2020,TON,0.01,14.286,0.01,0.0
Tonga,2021,TON,0.01,14.286,0.01,0.0
Tonga,2022,TON,0.01,12.5,0.01,0.0
Tonga,2023,TON,0.01,14.286,0.01,0.0
Tonga,2024,TON,0.01,14.286,0.01,0.0
Trinidad and Tobago,1965,TTO,0.0,,0.0,0.0
Trinidad and Tobago,1966,TTO,0.0,,0.0,0.0
Trinidad and Tobago,1967,TTO,0.0,,0.0,0.0
Trinidad and Tobago,1968,TTO,0.0,,0.0,0.0
Trinidad and Tobago,1969,TTO,0.0,,0.0,0.0
Trinidad and Tobago,1970,TTO,0.0,,0.0,0.0
Trinidad and Tobago,1971,TTO,0.035,,0.0,0.0
Trinidad and Tobago,1972,TTO,0.035,,0.0,0.0
Trinidad and Tobago,1973,TTO,0.029,,0.0,0.0
Trinidad and Tobago,1974,TTO,0.025,,0.0,0.0
Trinidad and Tobago,1975,TTO,0.023,,0.0,0.0
Trinidad and Tobago,1976,TTO,0.019,,0.0,0.0
Trinidad and Tobago,1977,TTO,0.023,,0.0,0.0
Trinidad and Tobago,1978,TTO,0.029,,0.0,0.0
Trinidad and Tobago,1979,TTO,0.029,,0.0,0.0
Trinidad and Tobago,1980,TTO,0.026,,0.0,0.0
Trinidad and Tobago,1981,TTO,0.019,,0.0,0.0
Trinidad and Tobago,1982,TTO,0.018,,0.0,0.0
Trinidad and Tobago,1983,TTO,0.016,,0.0,0.0
Trinidad and Tobago,1984,TTO,0.013,,0.0,0.0
Trinidad and Tobago,1985,TTO,0.017,0.562,0.0,0.0
Trinidad and Tobago,1986,TTO,0.026,0.79,0.0,0.0
Trinidad and Tobago,1987,TTO,0.031,0.891,0.0,0.0
Trinidad and Tobago,1988,TTO,0.027,0.775,0.0,0.0
Trinidad and Tobago,1989,TTO,0.026,0.758,0.0,0.0
Trinidad and Tobago,1990,TTO,0.031,0.867,0.0,0.0
Trinidad and Tobago,1991,TTO,0.025,0.672,0.0,0.0
Trinidad and Tobago,1992,TTO,0.03,0.755,0.0,0.0
Trinidad and Tobago,1993,TTO,0.028,0.734,0.0,0.0
Trinidad and Tobago,1994,TTO,0.032,0.786,0.0,0.0
Trinidad and Tobago,1995,TTO,0.033,0.766,0.0,0.0
Trinidad and Tobago,1996,TTO,0.017,0.374,0.0,0.0
Trinidad and Tobago,1997,TTO,0.018,0.361,0.0,0.0
Trinidad and Tobago,1998,TTO,0.018,0.348,0.0,0.0
Trinidad and Tobago,1999,TTO,0.018,0.343,0.0,0.0
Trinidad and Tobago,2000,TTO,0.02,0.366,0.0,0.0
Trinidad and Tobago,2001,TTO,0.03,0.532,0.0,0.0
Trinidad and Tobago,2002,TTO,0.03,0.532,0.0,0.0
Trinidad and Tobago,2003,TTO,0.01,0.155,0.0,0.0
Trinidad and Tobago,2004,TTO,0.02,0.311,0.0,0.0
Trinidad and Tobago,2005,TTO,0.02,0.284,0.0,0.0
Trinidad and Tobago,2006,TTO,0.03,0.418,0.0,0.0
Trinidad and Tobago,2007,TTO,0.02,0.26,0.0,0.0
Trinidad and Tobago,2008,TTO,0.02,0.259,0.0,0.0
Trinidad and Tobago,2009,TTO,0.02,0.255,0.0,0.0
Trinidad and Tobago,2010,TTO,0.0,0.0,0.0,0.0
Trinidad and Tobago,2011,TTO,0.0,0.0,0.0,0.0
Trinidad and Tobago,2012,TTO,0.0,0.0,0.0,0.0
Trinidad and Tobago,2013,TTO,0.0,0.0,0.0,0.0
Trinidad and Tobago,2014,TTO,0.0,0.0,0.0,0.0
Trinidad and Tobago,2015,TTO,0.01,0.104,0.01,0.0
Trinidad and Tobago,2016,TTO,0.01,0.106,0.01,0.0
Trinidad and Tobago,2017,TTO,0.01,0.107,0.01,0.0
Trinidad and Tobago,2018,TTO,0.01,0.108,0.01,0.0
Trinidad and Tobago,2019,TTO,0.01,0.109,0.01,0.0
Trinidad and Tobago,2020,TTO,0.01,0.108,0.01,0.0
Trinidad and Tobago,2021,TTO,0.01,0.108,0.01,0.0
Trinidad and Tobago,2022,TTO,0.01,0.105,0.01,0.0
Trinidad and Tobago,2023,TTO,0.01,0.105,0.01,0.0
Trinidad and Tobago,2024,TTO,0.01,0.105,0.01,0.0
Tunisia,2000,TUN,0.08,0.755,0.0,0.02
Tunisia,2001,TUN,0.07,0.615,0.0,0.02
Tunisia,2002,TUN,0.09,0.76,0.0,0.03
Tunisia,2003,TUN,0.19,1.684,0.0,0.03
Tunisia,2004,TUN,0.19,1.593,0.0,0.04
Tunisia,2005,TUN,0.18,1.422,0.0,0.04
Tunisia,2006,TUN,0.13,0.995,0.0,0.04
Tunisia,2007,TUN,0.09,0.655,0.0,0.04
Tunisia,2008,TUN,0.07,0.487,0.0,0.04
Tunisia,2009,TUN,0.18,1.18,0.0,0.1
Tunisia,2010,TUN,0.19,1.196,0.0,0.14
Tunisia,2011,TUN,0.16,0.982,0.0,0.11
Tunisia,2012,TUN,0.31,1.738,0.0,0.2
Tunisia,2013,TUN,0.43,2.37,0.01,0.36
Tunisia,2014,TUN,0.59,3.11,0.03,0.51
Tunisia,2015,TUN,0.58,2.977,0.06,0.45
Tunisia,2016,TUN,0.63,3.209,0.11,0.47
Tunisia,2017,TUN,0.6,2.915,0.13,0.45
Tunisia,2018,TUN,0.55,2.629,0.08,0.45
Tunisia,2019,TUN,0.69,3.134,0.12,0.5
Tunisia,2020,TUN,0.67,3.134,0.15,0.47
Tunisia,2021,TUN,0.68,3.105,0.22,0.43
Tunisia,2022,TUN,0.65,3.036,0.32,0.32
Tunisia,2023,TUN,0.84,3.947,0.49,0.34
Tunisia,2024,TUN,0.94,4.399,0.56,0.37
Tunisia,2025,TUN,0.9,4.034,0.56,0.33
Turkey,1965,TUR,2.279,,0.0,0.0
Turkey,1966,TUR,2.46,,0.0,0.0
Turkey,1967,TUR,2.555,,0.0,0.0
Turkey,1968,TUR,3.354,,0.0,0.0
Turkey,1969,TUR,3.623,,0.0,0.0
Turkey,1970,TUR,3.199,,0.0,0.0
Turkey,1971,TUR,2.772,,0.0,0.0
Turkey,1972,TUR,3.379,,0.0,0.0
Turkey,1973,TUR,2.8,,0.0,0.0
Turkey,1974,TUR,3.563,,0.0,0.0
Turkey,1975,TUR,6.124,,0.0,0.0
Turkey,1976,TUR,8.536,,0.0,0.0
Turkey,1977,TUR,8.79,,0.0,0.0
Turkey,1978,TUR,9.472,,0.0,0.0
Turkey,1979,TUR,10.434,,0.0,0.0
Turkey,1980,TUR,11.484,,0.0,0.0
Turkey,1981,TUR,12.726,,0.0,0.0
Turkey,1982,TUR,14.167,,0.0,0.0
Turkey,1983,TUR,11.343,,0.0,0.0
Turkey,1984,TUR,13.448,,0.0,0.0
Turkey,1985,TUR,12.051,35.217,0.0,0.0
Turkey,1986,TUR,11.916,30.02,0.0,0.0
Turkey,1987,TUR,18.676,42.107,0.0,0.0
Turkey,1988,TUR,29.018,60.393,0.0,0.0
Turkey,1989,TUR,18.002,34.591,0.0,0.0
Turkey,1990,TUR,23.23,40.372,0.0,0.0
Turkey,1991,TUR,22.8,37.849,0.0,0.0
Turkey,1992,TUR,26.69,39.629,0.0,0.0
Turkey,1993,TUR,34.09,46.186,0.0,0.0
Turkey,1994,TUR,30.72,39.219,0.0,0.0
Turkey,1995,TUR,35.85,41.57,0.0,0.0
Turkey,1996,TUR,40.73,42.941,0.0,0.0
Turkey,1997,TUR,40.19,38.906,0.0,0.0
Turkey,1998,TUR,42.56,38.335,0.0,0.0
Turkey,1999,TUR,34.91,29.981,0.0,0.02
Turkey,2000,TUR,31.16,25.052,0.0,0.03
Turkey,2001,TUR,24.34,19.912,0.0,0.06
Turkey,2002,TUR,33.96,26.436,0.0,0.05
Turkey,2003,TUR,35.56,25.484,0.0,0.06
Turkey,2004,TUR,46.31,30.925,0.0,0.06
Turkey,2005,TUR,39.74,24.587,0.0,0.06
Turkey,2006,TUR,44.52,25.26,0.0,0.13
Turkey,2007,TUR,36.46,19.037,0.0,0.36
Turkey,2008,TUR,34.42,17.351,0.0,0.85
Turkey,2009,TUR,38.15,19.583,0.0,1.5
Turkey,2010,TUR,55.72,26.385,0.0,2.92
Turkey,2011,TUR,58.09,25.324,0.0,4.72
Turkey,2012,TUR,65.21,27.229,0.0,5.86
Turkey,2013,TUR,69.22,28.824,0.0,7.56
Turkey,2014,TUR,52.62,20.885,0.02,8.52
Turkey,2015,TUR,83.65,31.956,0.19,11.65
Turkey,2016,TUR,90.24,32.886,1.04,15.52
Turkey,2017,TUR,87.24,29.345,2.89,17.9
Turkey,2018,TUR,96.82,32.257,7.8,19.86
Turkey,2019,TUR,131.47,43.797,9.57,21.63
Turkey,2020,TUR,127.33,42.162,11.2,24.61
Turkey,2021,TUR,116.07,35.4,13.28,31.02
Turkey,2022,TUR,134.35,41.911,15.16,34.69
Turkey,2023,TUR,134.34,42.009,18.4,33.88
Turkey,2024,TUR,155.65,45.614,25.67,36.53
Turkey,2025,TUR,153.07,43.257,37.25,39.42
Turkmenistan,1985,TKM,0.003,0.027,0.0,0.0
Turkmenistan,1986,TKM,0.003,0.024,0.0,0.0
Turkmenistan,1987,TKM,0.003,0.023,0.0,0.0
Turkmenistan,1988,TKM,0.003,0.023,0.0,0.0
Turkmenistan,1989,TKM,0.003,0.021,0.0,0.0
Turkmenistan,1990,TKM,0.003,0.021,0.0,0.0
Turkmenistan,1991,TKM,0.003,0.02,0.0,0.0
Turkmenistan,1992,TKM,0.004,0.032,0.0,0.0
Turkmenistan,1993,TKM,0.005,0.04,0.0,0.0
Turkmenistan,1994,TKM,0.004,0.038,0.0,0.0
Turkmenistan,1995,TKM,0.004,0.04,0.0,0.0
Turkmenistan,1996,TKM,0.005,0.049,0.0,0.0
Turkmenistan,1997,TKM,0.005,0.053,0.0,0.0
Turkmenistan,1998,TKM,0.006,0.064,0.0,0.0
Turkmenistan,1999,TKM,0.005,0.056,0.0,0.0
Turkmenistan,2000,TKM,0.0,0.0,0.0,0.0
Turkmenistan,2001,TKM,0.0,0.0,0.0,0.0
Turkmenistan,2002,TKM,0.0,0.0,0.0,0.0
Turkmenistan,2003,TKM,0.0,0.0,0.0,0.0
Turkmenistan,2004,TKM,0.0,0.0,0.0,0.0
Turkmenistan,2005,TKM,0.0,0.0,0.0,0.0
Turkmenistan,2006,TKM,0.0,0.0,0.0,0.0
Turkmenistan,2007,TKM,0.0,0.0,0.0,0.0
Turkmenistan,2008,TKM,0.0,0.0,0.0,0.0
Turkmenistan,2009,TKM,0.0,0.0,0.0,0.0
Turkmenistan,2010,TKM,0.0,0.0,0.0,0.0
Turkmenistan,2011,TKM,0.0,0.0,0.0,0.0
Turkmenistan,2012,TKM,0.0,0.0,0.0,0.0
Turkmenistan,2013,TKM,0.0,0.0,0.0,0.0
Turkmenistan,2014,TKM,0.0,0.0,0.0,0.0
Turkmenistan,2015,TKM,0.0,0.0,0.0,0.0
Turkmenistan,2016,TKM,0.0,0.0,0.0,0.0
Turkmenistan,2017,TKM,0.0,0.0,0.0,0.0
Turkmenistan,2018,TKM,0.0,0.0,0.0,0.0
Turkmenistan,2019,TKM,0.0,0.0,0.0,0.0
Turkmenistan,2020,TKM,0.0,0.0,0.0,0.0
Turkmenistan,2021,TKM,0.01,0.035,0.0,0.0
Turkmenistan,2022,TKM,0.01,0.031,0.0,0.0
Turkmenistan,2023,TKM,0.01,0.031,0.0,0.0
Turkmenistan,2024,TKM,0.01,0.03,0.0,0.0
Turks and Caicos Islands,2000,TCA,0.0,0.0,0.0,0.0
Turks and Caicos Islands,2001,TCA,0.0,0.0,0.0,0.0
Turks and Caicos Islands,2002,TCA,0.0,0.0,0.0,0.0
Turks and Caicos Islands,2003,TCA,0.0,0.0,0.0,0.0
Turks and Caicos Islands,2004,TCA,0.0,0.0,0.0,0.0
Turks and Caicos Islands,2005,TCA,0.0,0.0,0.0,0.0
Turks and Caicos Islands,2006,TCA,0.0,0.0,0.0,0.0
Turks and Caicos Islands,2007,TCA,0.0,0.0,0.0,0.0
Turks and Caicos Islands,2008,TCA,0.0,0.0,0.0,0.0
Turks and Caicos Islands,2009,TCA,0.0,0.0,0.0,0.0
Turks and Caicos Islands,2010,TCA,0.0,0.0,0.0,0.0
Turks and Caicos Islands,2011,TCA,0.0,0.0,0.0,0.0
Turks and Caicos Islands,2012,TCA,0.0,0.0,0.0,0.0
Turks and Caicos Islands,2013,TCA,0.0,0.0,0.0,0.0
Turks and Caicos Islands,2014,TCA,0.0,0.0,0.0,0.0
Turks and Caicos Islands,2015,TCA,0.0,0.0,0.0,0.0
Turks and Caicos Islands,2016,TCA,0.0,0.0,0.0,0.0
Turks and Caicos Islands,2017,TCA,0.0,0.0,0.0,0.0
Turks and Caicos Islands,2018,TCA,0.0,0.0,0.0,0.0
Turks and Caicos Islands,2019,TCA,0.0,0.0,0.0,0.0
Turks and Caicos Islands,2020,TCA,0.0,0.0,0.0,0.0
Turks and Caicos Islands,2021,TCA,0.0,0.0,0.0,0.0
Turks and Caicos Islands,2022,TCA,0.0,0.0,0.0,0.0
Turks and Caicos Islands,2023,TCA,0.0,0.0,0.0,0.0
Turks and Caicos Islands,2024,TCA,0.01,3.704,0.01,0.0
Uganda,2000,UGA,1.58,99.371,0.0,0.0
Uganda,2001,UGA,1.58,99.371,0.0,0.0
Uganda,2002,UGA,1.71,99.419,0.0,0.0
Uganda,2003,UGA,1.79,99.444,0.0,0.0
Uganda,2004,UGA,1.94,100.0,0.0,0.0
Uganda,2005,UGA,1.89,96.429,0.0,0.0
Uganda,2006,UGA,1.22,76.25,0.01,0.0
Uganda,2007,UGA,1.46,73.0,0.01,0.0
Uganda,2008,UGA,1.73,74.249,0.02,0.0
Uganda,2009,UGA,1.54,63.636,0.02,0.0
Uganda,2010,UGA,1.63,59.489,0.02,0.0
Uganda,2011,UGA,1.63,61.278,0.02,0.0
Uganda,2012,UGA,2.61,90.0,0.03,0.0
Uganda,2013,UGA,3.07,100.0,0.03,0.0
Uganda,2014,UGA,3.14,97.214,0.03,0.0
Uganda,2015,UGA,3.47,97.746,0.03,0.0
Uganda,2016,UGA,3.7,98.143,0.04,0.0
Uganda,2017,UGA,3.71,98.148,0.06,0.0
Uganda,2018,UGA,3.99,92.791,0.07,0.0
Uganda,2019,UGA,4.44,96.943,0.13,0.0
Uganda,2020,UGA,4.48,97.391,0.14,0.0
Uganda,2021,UGA,5.14,97.533,0.13,0.0
Uganda,2022,UGA,5.6,97.391,0.15,0.0
Uganda,2023,UGA,5.6,97.054,0.15,0.0
Uganda,2024,UGA,5.64,97.074,0.17,0.0
Ukraine,1985,UKR,10.713,3.938,0.0,0.0
Ukraine,1986,UKR,10.655,3.907,0.0,0.0
Ukraine,1987,UKR,9.595,3.408,0.0,0.0
Ukraine,1988,UKR,11.932,4.015,0.0,0.0
Ukraine,1989,UKR,10.129,3.43,0.0,0.0
Ukraine,1990,UKR,10.51,3.495,0.0,0.0
Ukraine,1991,UKR,11.71,4.182,0.0,0.0
Ukraine,1992,UKR,7.88,3.103,0.0,0.0
Ukraine,1993,UKR,11.04,4.772,0.0,0.0
Ukraine,1994,UKR,12.12,5.936,0.0,0.0
Ukraine,1995,UKR,9.95,5.091,0.0,0.0
Ukraine,1996,UKR,8.63,4.685,0.0,0.0
Ukraine,1997,UKR,9.86,5.504,0.0,0.0
Ukraine,1998,UKR,15.74,9.081,0.0,0.0
Ukraine,1999,UKR,14.32,8.298,0.0,0.0
Ukraine,2000,UKR,11.28,6.564,0.0,0.01
Ukraine,2001,UKR,12.05,6.953,0.0,0.02
Ukraine,2002,UKR,9.65,5.545,0.0,0.02
Ukraine,2003,UKR,9.27,5.133,0.0,0.03
Ukraine,2004,UKR,11.78,6.457,0.0,0.03
Ukraine,2005,UKR,12.4,6.653,0.0,0.04
Ukraine,2006,UKR,12.93,6.678,0.0,0.04
Ukraine,2007,UKR,10.47,5.335,0.0,0.05
Ukraine,2008,UKR,11.82,6.138,0.0,0.05
Ukraine,2009,UKR,12.12,6.981,0.0,0.04
Ukraine,2010,UKR,13.39,7.091,0.0,0.05
Ukraine,2011,UKR,11.19,5.74,0.03,0.09
Ukraine,2012,UKR,11.23,5.647,0.33,0.29
Ukraine,2013,UKR,15.11,7.774,0.57,0.64
Ukraine,2014,UKR,10.17,5.563,0.43,1.13
Ukraine,2015,UKR,7.1,4.338,0.48,1.08
Ukraine,2016,UKR,9.26,5.626,0.49,0.95
Ukraine,2017,UKR,10.86,6.96,0.72,0.98
Ukraine,2018,UKR,13.03,8.151,1.11,1.19
Ukraine,2019,UKR,11.87,7.701,2.93,2.02
Ukraine,2020,UKR,16.95,11.469,5.37,3.26
Ukraine,2021,UKR,21.67,13.852,6.5,3.82
Ukraine,2022,UKR,18.3,16.411,5.08,1.42
United Arab Emirates,1965,ARE,0.0,,0.0,0.0
United Arab Emirates,1966,ARE,0.0,,0.0,0.0
United Arab Emirates,1967,ARE,0.0,,0.0,0.0
United Arab Emirates,1968,ARE,0.0,,0.0,0.0
United Arab Emirates,1969,ARE,0.0,,0.0,0.0
United Arab Emirates,1970,ARE,0.0,,0.0,0.0
United Arab Emirates,1971,ARE,0.0,,0.0,0.0
United Arab Emirates,1972,ARE,0.0,,0.0,0.0
United Arab Emirates,1973,ARE,0.0,,0.0,0.0
United Arab Emirates,1974,ARE,0.0,,0.0,0.0
United Arab Emirates,1975,ARE,0.0,,0.0,0.0
United Arab Emirates,1976,ARE,0.0,,0.0,0.0
United Arab Emirates,1977,ARE,0.0,,0.0,0.0
United Arab Emirates,1978,ARE,0.0,,0.0,0.0
United Arab Emirates,1979,ARE,0.0,,0.0,0.0
United Arab Emirates,1980,ARE,0.0,,0.0,0.0
United Arab Emirates,1981,ARE,0.0,,0.0,0.0
United Arab Emirates,1982,ARE,0.0,,0.0,0.0
United Arab Emirates,1983,ARE,0.0,,0.0,0.0
United Arab Emirates,1984,ARE,0.0,,0.0,0.0
United Arab Emirates,1985,ARE,0.0,0.0,0.0,0.0
United Arab Emirates,1986,ARE,0.0,0.0,0.0,0.0
United Arab Emirates,1987,ARE,0.0,0.0,0.0,0.0
United Arab Emirates,1988,ARE,0.0,0.0,0.0,0.0
United Arab Emirates,1989,ARE,0.0,0.0,0.0,0.0
United Arab Emirates,1990,ARE,0.0,0.0,0.0,0.0
United Arab Emirates,1991,ARE,0.0,0.0,0.0,0.0
United Arab Emirates,1992,ARE,0.0,0.0,0.0,0.0
United Arab Emirates,1993,ARE,0.0,0.0,0.0,0.0
United Arab Emirates,1994,ARE,0.0,0.0,0.0,0.0
United Arab Emirates,1995,ARE,0.0,0.0,0.0,0.0
United Arab Emirates,1996,ARE,0.0,0.0,0.0,0.0
United Arab Emirates,1997,ARE,0.0,0.0,0.0,0.0
United Arab Emirates,1998,ARE,0.0,0.0,0.0,0.0
United Arab Emirates,1999,ARE,0.0,0.0,0.0,0.0
United Arab Emirates,2000,ARE,0.0,0.0,0.0,0.0
United Arab Emirates,2001,ARE,0.0,0.0,0.0,0.0
United Arab Emirates,2002,ARE,0.0,0.0,0.0,0.0
United Arab Emirates,2003,ARE,0.0,0.0,0.0,0.0
United Arab Emirates,2004,ARE,0.0,0.0,0.0,0.0
United Arab Emirates,2005,ARE,0.0,0.0,0.0,0.0
United Arab Emirates,2006,ARE,0.0,0.0,0.0,0.0
United Arab Emirates,2007,ARE,0.0,0.0,0.0,0.0
United Arab Emirates,2008,ARE,0.0,0.0,0.0,0.0
United Arab Emirates,2009,ARE,0.01,0.012,0.01,0.0
United Arab Emirates,2010,ARE,0.02,0.021,0.02,0.0
United Arab Emirates,2011,ARE,0.02,0.02,0.02,0.0
United Arab Emirates,2012,ARE,0.02,0.019,0.02,0.0
United Arab Emirates,2013,ARE,0.09,0.082,0.09,0.0
United Arab Emirates,2014,ARE,0.31,0.266,0.31,0.0
United Arab Emirates,2015,ARE,0.3,0.236,0.3,0.0
United Arab Emirates,2016,ARE,0.32,0.247,0.32,0.0
United Arab Emirates,2017,ARE,0.75,0.557,0.75,0.0
United Arab Emirates,2018,ARE,1.2,0.882,1.2,0.0
United Arab Emirates,2019,ARE,3.66,2.644,3.66,0.0
United Arab Emirates,2020,ARE,5.18,3.772,5.18,0.0
United Arab Emirates,2021,ARE,6.25,4.193,6.25,0.0
United Arab Emirates,2022,ARE,7.75,4.986,7.74,0.0
United Arab Emirates,2023,ARE,14.67,8.757,14.4,0.06
United Arab Emirates,2024,ARE,15.62,8.812,15.21,0.2
United Kingdom,1965,GBR,4.612,,0.0,0.0
United Kingdom,1966,GBR,4.536,,0.0,0.0
United Kingdom,1967,GBR,4.885,,0.0,0.0
United Kingdom,1968,GBR,3.722,,0.0,0.0
United Kingdom,1969,GBR,3.256,,0.0,0.0
United Kingdom,1970,GBR,4.536,,0.0,0.0
United Kingdom,1971,GBR,3.373,,0.0,0.0
United Kingdom,1972,GBR,3.373,,0.0,0.0
United Kingdom,1973,GBR,3.838,,0.0,0.0
United Kingdom,1974,GBR,4.071,,0.0,0.0
United Kingdom,1975,GBR,3.838,,0.0,0.0
United Kingdom,1976,GBR,4.536,,0.0,0.0
United Kingdom,1977,GBR,3.954,,0.0,0.0
United Kingdom,1978,GBR,4.071,,0.0,0.0
United Kingdom,1979,GBR,4.303,,0.0,0.0
United Kingdom,1980,GBR,3.954,,0.0,0.0
United Kingdom,1981,GBR,4.419,,0.0,0.0
United Kingdom,1982,GBR,4.536,,0.0,0.0
United Kingdom,1983,GBR,4.536,,0.0,0.0
United Kingdom,1984,GBR,4.537,,0.001,0.0
United Kingdom,1985,GBR,3.955,1.327,0.001,0.0
United Kingdom,1986,GBR,4.769,1.584,0.001,0.0
United Kingdom,1987,GBR,4.187,1.386,0.0,0.0
United Kingdom,1988,GBR,4.886,1.582,0.001,0.0
United Kingdom,1989,GBR,4.777,1.519,0.0,0.009
United Kingdom,1990,GBR,5.73,1.792,0.0,0.01
United Kingdom,1991,GBR,5.24,1.623,0.0,0.01
United Kingdom,1992,GBR,6.31,1.965,0.0,0.03
United Kingdom,1993,GBR,5.72,1.77,0.0,0.22
United Kingdom,1994,GBR,6.98,2.137,0.0,0.34
United Kingdom,1995,GBR,6.68,1.98,0.0,0.39
United Kingdom,1996,GBR,5.69,1.622,0.0,0.49
United Kingdom,1997,GBR,7.18,2.048,0.0,0.67
United Kingdom,1998,GBR,8.65,2.385,0.0,0.88
United Kingdom,1999,GBR,9.62,2.613,0.0,0.85
United Kingdom,2000,GBR,9.91,2.628,0.0,0.94
United Kingdom,2001,GBR,9.54,2.479,0.0,0.96
United Kingdom,2002,GBR,11.12,2.872,0.0,1.25
United Kingdom,2003,GBR,10.69,2.685,0.0,1.29
United Kingdom,2004,GBR,14.14,3.59,0.0,1.94
United Kingdom,2005,GBR,16.93,4.25,0.01,2.9
United Kingdom,2006,GBR,18.1,4.556,0.01,4.22
United Kingdom,2007,GBR,19.68,4.96,0.01,5.27
United Kingdom,2008,GBR,21.94,5.641,0.02,7.13
United Kingdom,2009,GBR,25.24,6.699,0.02,9.28
United Kingdom,2010,GBR,26.18,6.852,0.04,10.29
United Kingdom,2011,GBR,35.2,9.566,0.24,15.96
United Kingdom,2012,GBR,41.24,11.334,1.35,19.84
United Kingdom,2013,GBR,53.21,14.852,2.01,28.4
United Kingdom,2014,GBR,64.51,19.081,4.05,31.95
United Kingdom,2015,GBR,83.36,24.599,7.53,40.27
United Kingdom,2016,GBR,83.01,24.474,10.41,37.16
United Kingdom,2017,GBR,98.89,29.238,11.46,49.65
United Kingdom,2018,GBR,110.14,33.0,12.67,56.91
United Kingdom,2019,GBR,119.74,36.596,12.42,63.84
United Kingdom,2020,GBR,133.63,43.065,12.55,75.62
United Kingdom,2021,GBR,122.49,39.782,12.13,64.93
United Kingdom,2022,GBR,135.06,41.611,13.34,80.21
United Kingdom,2023,GBR,135.67,46.378,13.88,82.15
United Kingdom,2024,GBR,143.92,50.648,14.79,83.28
United Kingdom,2025,GBR,151.92,51.972,19.32,85.84
United States,1965,USA,212.306,,0.0,0.0
United States,1966,USA,213.999,,0.0,0.0
United States,1967,USA,241.294,,0.0,0.0
United States,1968,USA,243.701,,0.0,0.0
United States,1969,USA,272.256,,0.0,0.0
United States,1970,USA,269.728,,0.0,0.0
United States,1971,USA,288.838,,0.0,0.0
United States,1972,USA,297.389,,0.0,0.0
United States,1973,USA,298.202,,0.0,0.0
United States,1974,USA,327.689,,0.0,0.0
United States,1975,USA,325.969,,0.0,0.0
United States,1976,USA,312.387,,0.0,0.0
United States,1977,USA,249.393,,0.0,0.0
United States,1978,USA,311.007,,0.0,0.0
United States,1979,USA,311.691,,0.0,0.0
United States,1980,USA,308.658,,0.0,0.0
United States,1981,USA,293.887,,0.0,0.0
United States,1982,USA,341.934,,0.0,0.0
United States,1983,USA,368.488,,0.003,0.003
United States,1984,USA,363.194,,0.005,0.007
United States,1985,USA,323.592,12.178,0.011,0.006
United States,1986,USA,335.695,12.544,0.014,0.004
United States,1987,USA,298.09,10.753,0.011,0.004
United States,1988,USA,270.789,9.291,0.009,0.001
United States,1989,USA,325.965,10.33,0.253,2.133
United States,1990,USA,352.928,10.917,0.371,2.817
United States,1991,USA,351.337,10.742,0.478,2.981
United States,1992,USA,319.567,9.73,0.409,2.917
United States,1993,USA,349.687,10.271,0.475,3.036
United States,1994,USA,329.68,9.532,0.502,3.482
United States,1995,USA,378.196,10.602,0.514,3.196
United States,1996,USA,416.184,11.361,0.541,3.267
United States,1997,USA,425.647,11.453,0.533,3.321
United States,1998,USA,391.287,10.148,0.525,3.056
United States,1999,USA,388.135,9.861,0.518,4.533
United States,2000,USA,350.93,9.23,0.49,5.59
United States,2001,USA,280.06,7.513,0.54,6.74
United States,2002,USA,336.34,8.749,0.55,10.35
United States,2003,USA,349.18,9.025,0.53,11.19
United States,2004,USA,345.14,8.733,0.58,14.14
United States,2005,USA,353.04,8.749,0.55,17.81
United States,2006,USA,381.16,9.418,0.51,26.59
United States,2007,USA,347.91,8.398,0.61,34.45
United States,2008,USA,377.11,9.181,0.86,55.36
United States,2009,USA,415.56,10.548,0.89,73.89
United States,2010,USA,424.48,10.318,1.21,94.65
United States,2011,USA,509.74,12.467,1.82,120.18
United States,2012,USA,492.32,12.184,4.33,140.82
United States,2013,USA,520.38,12.831,9.04,167.84
United States,2014,USA,546.83,13.35,28.92,181.65
United States,2015,USA,556.49,13.626,39.03,190.72
United States,2016,USA,624.91,15.288,54.87,226.99
United States,2017,USA,707.19,17.452,77.28,254.3
United States,2018,USA,733.17,17.45,93.36,272.67
United States,2019,USA,760.76,18.295,106.89,295.88
United States,2020,USA,821.4,20.316,130.72,337.94
United States,2021,USA,861.58,20.743,164.42,378.2
United States,2022,USA,958.14,22.35,205.07,434.3
United States,2023,USA,964.74,22.679,238.94,421.14
United States,2024,USA,1056.63,24.063,303.75,451.9
United States,2025,USA,1158.8,25.638,388.82,464.39
United States Virgin Islands,2000,VIR,0.0,0.0,0.0,0.0
United States Virgin Islands,2001,VIR,0.0,0.0,0.0,0.0
United States Virgin Islands,2002,VIR,0.0,0.0,0.0,0.0
United States Virgin Islands,2003,VIR,0.0,0.0,0.0,0.0
United States Virgin Islands,2004,VIR,0.0,0.0,0.0,0.0
United States Virgin Islands,2005,VIR,0.0,0.0,0.0,0.0
United States Virgin Islands,2006,VIR,0.0,0.0,0.0,0.0
United States Virgin Islands,2007,VIR,0.0,0.0,0.0,0.0
United States Virgin Islands,2008,VIR,0.0,0.0,0.0,0.0
United States Virgin Islands,2009,VIR,0.0,0.0,0.0,0.0
United States Virgin Islands,2010,VIR,0.0,0.0,0.0,0.0
United States Virgin Islands,2011,VIR,0.0,0.0,0.0,0.0
United States Virgin Islands,2012,VIR,0.0,0.0,0.0,0.0
United States Virgin Islands,2013,VIR,0.0,0.0,0.0,0.0
United States Virgin Islands,2014,VIR,0.01,1.282,0.01,0.0
United States Virgin Islands,2015,VIR,0.01,1.282,0.01,0.0
United States Virgin Islands,2016,VIR,0.01,1.299,0.01,0.0
United States Virgin Islands,2017,VIR,0.01,1.667,0.01,0.0
United States Virgin Islands,2018,VIR,0.01,1.613,0.01,0.0
United States Virgin Islands,2019,VIR,0.01,1.515,0.01,0.0
United States Virgin Islands,2020,VIR,0.01,1.562,0.01,0.0
United States Virgin Islands,2021,VIR,0.02,3.03,0.02,0.0
United States Virgin Islands,2022,VIR,0.02,2.941,0.02,0.0
United States Virgin Islands,2023,VIR,0.02,2.941,0.02,0.0
Uruguay,2000,URY,7.09,93.412,0.0,0.0
Uruguay,2001,URY,9.23,99.784,0.0,0.0
Uruguay,2002,URY,9.57,99.687,0.0,0.0
Uruguay,2003,URY,8.57,99.883,0.0,0.0
Uruguay,2004,URY,4.82,81.695,0.0,0.0
Uruguay,2005,URY,6.72,87.5,0.0,0.0
Uruguay,2006,URY,3.6,64.632,0.0,0.0
Uruguay,2007,URY,8.16,86.994,0.0,0.0
Uruguay,2008,URY,5.37,61.231,0.0,0.0
Uruguay,2009,URY,5.91,68.166,0.0,0.04
Uruguay,2010,URY,9.58,89.199,0.0,0.07
Uruguay,2011,URY,7.72,74.662,0.0,0.11
Uruguay,2012,URY,6.85,64.623,0.0,0.11
Uruguay,2013,URY,9.81,84.134,0.0,0.14
Uruguay,2014,URY,12.3,94.761,0.0,0.73
Uruguay,2015,URY,12.8,93.159,0.05,2.07
Uruguay,2016,URY,13.43,96.828,0.15,2.99
Uruguay,2017,URY,14.13,98.467,0.27,3.77
Uruguay,2018,URY,14.25,97.536,0.41,4.73
Uruguay,2019,URY,15.79,98.258,0.42,4.75
Uruguay,2020,URY,12.76,94.031,0.46,5.48
Uruguay,2021,URY,13.53,84.615,0.48,4.99
Uruguay,2022,URY,13.49,90.781,0.5,4.78
Uruguay,2023,URY,11.85,92.434,0.49,4.76
Uruguay,2024,URY,13.22,98.878,0.56,5.16
Uruguay,2025,URY,11.68,97.822,0.61,4.85
Uzbekistan,1985,UZB,5.431,11.33,0.0,0.0
Uzbekistan,1986,UZB,4.618,8.852,0.0,0.0
Uzbekistan,1987,UZB,6.771,12.365,0.0,0.0
Uzbekistan,1988,UZB,7.164,14.161,0.0,0.0
Uzbekistan,1989,UZB,5.502,9.847,0.0,0.0
Uzbekistan,1990,UZB,6.648,11.803,0.0,0.0
Uzbekistan,1991,UZB,6.031,11.134,0.0,0.0
Uzbekistan,1992,UZB,6.281,12.337,0.0,0.0
Uzbekistan,1993,UZB,7.358,14.971,0.0,0.0
Uzbekistan,1994,UZB,7.156,14.971,0.0,0.0
Uzbekistan,1995,UZB,6.188,13.04,0.0,0.0
Uzbekistan,1996,UZB,6.525,14.366,0.0,0.0
Uzbekistan,1997,UZB,5.777,12.544,0.0,0.0
Uzbekistan,1998,UZB,5.758,12.545,0.0,0.0
Uzbekistan,1999,UZB,5.692,12.545,0.0,0.0
Uzbekistan,2000,UZB,3.53,7.533,0.0,0.0
Uzbekistan,2001,UZB,4.36,9.091,0.0,0.0
Uzbekistan,2002,UZB,6.02,12.186,0.0,0.0
Uzbekistan,2003,UZB,8.17,16.762,0.0,0.0
Uzbekistan,2004,UZB,6.1,12.274,0.0,0.0
Uzbekistan,2005,UZB,8.93,18.733,0.0,0.0
Uzbekistan,2006,UZB,4.65,9.428,0.0,0.0
Uzbekistan,2007,UZB,4.67,9.527,0.0,0.0
Uzbekistan,2008,UZB,4.49,8.941,0.0,0.0
Uzbekistan,2009,UZB,6.48,12.934,0.0,0.0
Uzbekistan,2010,UZB,8.19,15.759,0.0,0.0
Uzbekistan,2011,UZB,5.7,10.795,0.0,0.0
Uzbekistan,2012,UZB,6.65,12.547,0.0,0.0
Uzbekistan,2013,UZB,5.7,10.438,0.0,0.0
Uzbekistan,2014,UZB,6.07,10.888,0.0,0.0
Uzbekistan,2015,UZB,6.82,11.879,0.0,0.0
Uzbekistan,2016,UZB,6.86,11.685,0.0,0.0
Uzbekistan,2017,UZB,7.94,13.051,0.01,0.0
Uzbekistan,2018,UZB,5.91,9.359,0.01,0.0
Uzbekistan,2019,UZB,6.47,10.179,0.01,0.0
Uzbekistan,2020,UZB,5.01,7.53,0.01,0.0
Uzbekistan,2021,UZB,5.02,7.027,0.05,0.0
Uzbekistan,2022,UZB,6.92,9.218,0.44,0.0
Uzbekistan,2023,UZB,7.6,9.896,0.45,0.55
Uzbekistan,2024,UZB,13.0,15.951,2.9,1.9
Uzbekistan,2025,UZB,16.8,19.377,6.5,4.0
Vanuatu,2000,VUT,0.0,0.0,0.0,0.0
Vanuatu,2001,VUT,0.0,0.0,0.0,0.0
Vanuatu,2002,VUT,0.0,0.0,0.0,0.0
Vanuatu,2003,VUT,0.0,0.0,0.0,0.0
Vanuatu,2004,VUT,0.0,0.0,0.0,0.0
Vanuatu,2005,VUT,0.0,0.0,0.0,0.0
Vanuatu,2006,VUT,0.0,0.0,0.0,0.0
Vanuatu,2007,VUT,0.0,0.0,0.0,0.0
Vanuatu,2008,VUT,0.0,0.0,0.0,0.0
Vanuatu,2009,VUT,0.0,0.0,0.0,0.0
Vanuatu,2010,VUT,0.0,0.0,0.0,0.0
Vanuatu,2011,VUT,0.0,0.0,0.0,0.0
Vanuatu,2012,VUT,0.0,0.0,0.0,0.0
Vanuatu,2013,VUT,0.01,14.286,0.0,0.01
Vanuatu,2014,VUT,0.01,14.286,0.0,0.01
Vanuatu,2015,VUT,0.01,16.667,0.0,0.01
Vanuatu,2016,VUT,0.01,14.286,0.0,0.01
Vanuatu,2017,VUT,0.0,0.0,0.0,0.0
Vanuatu,2018,VUT,0.02,25.0,0.01,0.0
Vanuatu,2019,VUT,0.03,33.333,0.01,0.01
Vanuatu,2020,VUT,0.03,33.333,0.01,0.01
Vanuatu,2021,VUT,0.02,25.0,0.01,0.0
Vanuatu,2022,VUT,0.02,25.0,0.01,0.0
Vanuatu,2023,VUT,0.02,25.0,0.01,0.0
Venezuela,1965,VEN,1.369,,0.0,0.0
Venezuela,1966,VEN,1.395,,0.0,0.0
Venezuela,1967,VEN,1.636,,0.0,0.0
Venezuela,1968,VEN,2.748,,0.0,0.0
Venezuela,1969,VEN,3.19,,0.0,0.0
Venezuela,1970,VEN,4.104,,0.0,0.0
Venezuela,1971,VEN,5.39,,0.0,0.0
Venezuela,1972,VEN,6.02,,0.0,0.0
Venezuela,1973,VEN,6.225,,0.0,0.0
Venezuela,1974,VEN,7.707,,0.0,0.0
Venezuela,1975,VEN,8.931,,0.0,0.0
Venezuela,1976,VEN,10.578,,0.0,0.0
Venezuela,1977,VEN,12.163,,0.0,0.0
Venezuela,1978,VEN,12.232,,0.0,0.0
Venezuela,1979,VEN,14.24,,0.0,0.0
Venezuela,1980,VEN,14.587,,0.0,0.0
Venezuela,1981,VEN,15.088,,0.0,0.0
Venezuela,1982,VEN,15.814,,0.0,0.0
Venezuela,1983,VEN,18.063,,0.0,0.0
Venezuela,1984,VEN,20.243,,0.0,0.0
Venezuela,1985,VEN,22.648,47.892,0.0,0.0
Venezuela,1986,VEN,25.159,50.206,0.0,0.0
Venezuela,1987,VEN,30.843,56.977,0.0,0.0
Venezuela,1988,VEN,34.203,58.723,0.0,0.0
Venezuela,1989,VEN,34.666,60.163,0.0,0.0
Venezuela,1990,VEN,36.983,62.344,0.0,0.0
Venezuela,1991,VEN,44.542,70.325,0.0,0.0
Venezuela,1992,VEN,47.271,70.093,0.0,0.0
Venezuela,1993,VEN,47.478,68.43,0.0,0.0
Venezuela,1994,VEN,51.284,72.007,0.0,0.0
Venezuela,1995,VEN,51.45,70.051,0.0,0.0
Venezuela,1996,VEN,53.847,71.238,0.0,0.0
Venezuela,1997,VEN,57.268,73.358,0.0,0.0
Venezuela,1998,VEN,57.923,71.595,0.0,0.0
Venezuela,1999,VEN,60.6,75.2,0.0,0.0
Venezuela,2000,VEN,62.89,73.754,0.0,0.0
Venezuela,2001,VEN,60.44,67.074,0.0,0.0
Venezuela,2002,VEN,59.53,64.812,0.0,0.0
Venezuela,2003,VEN,60.53,65.829,0.0,0.0
Venezuela,2004,VEN,70.07,71.101,0.0,0.0
Venezuela,2005,VEN,77.23,73.28,0.0,0.0
Venezuela,2006,VEN,81.6,73.9,0.0,0.0
Venezuela,2007,VEN,83.06,72.726,0.0,0.0
Venezuela,2008,VEN,86.84,72.791,0.0,0.0
Venezuela,2009,VEN,85.96,71.891,0.0,0.0
Venezuela,2010,VEN,76.78,67.493,0.0,0.0
Venezuela,2011,VEN,83.67,70.931,0.0,0.0
Venezuela,2012,VEN,82.06,63.954,0.0,0.05
Venezuela,2013,VEN,83.63,61.889,0.0,0.09
Venezuela,2014,VEN,64.38,55.871,0.0,0.09
Venezuela,2015,VEN,75.0,58.814,0.01,0.09
Venezuela,2016,VEN,63.06,53.925,0.01,0.09
Venezuela,2017,VEN,60.61,58.391,0.01,0.09
Venezuela,2018,VEN,58.2,58.369,0.01,0.04
Venezuela,2019,VEN,49.71,58.379,0.01,0.06
Venezuela,2020,VEN,62.54,77.68,0.01,0.02
Venezuela,2021,VEN,65.71,79.235,0.01,0.02
Venezuela,2022,VEN,64.54,78.363,0.01,0.02
Venezuela,2023,VEN,65.01,90.342,0.01,0.02
Venezuela,2024,VEN,73.03,91.139,0.01,0.02
Vietnam,1965,VNM,0.34,,0.0,0.0
Vietnam,1966,VNM,0.39,,0.0,0.0
Vietnam,1967,VNM,0.43,,0.0,0.0
Vietnam,1968,VNM,0.48,,0.0,0.0
Vietnam,1969,VNM,0.54,,0.0,0.0
Vietnam,1970,VNM,0.6,,0.0,0.0
Vietnam,1971,VNM,0.614,,0.0,0.0
Vietnam,1972,VNM,0.422,,0.0,0.0
Vietnam,1973,VNM,0.42,,0.0,0.0
Vietnam,1974,VNM,0.42,,0.0,0.0
Vietnam,1975,VNM,0.5,,0.0,0.0
Vietnam,1976,VNM,0.557,,0.0,0.0
Vietnam,1977,VNM,0.6,,0.0,0.0
Vietnam,1978,VNM,0.8,,0.0,0.0
Vietnam,1979,VNM,1.0,,0.0,0.0
Vietnam,1980,VNM,1.488,,0.0,0.0
Vietnam,1981,VNM,1.507,,0.0,0.0
Vietnam,1982,VNM,1.56,,0.0,0.0
Vietnam,1983,VNM,1.223,,0.0,0.0
Vietnam,1984,VNM,1.599,,0.0,0.0
Vietnam,1985,VNM,1.477,29.138,0.0,0.0
Vietnam,1986,VNM,1.407,25.457,0.0,0.0
Vietnam,1987,VNM,1.384,22.872,0.0,0.0
Vietnam,1988,VNM,1.791,26.396,0.0,0.0
Vietnam,1989,VNM,3.838,49.306,0.0,0.0
Vietnam,1990,VNM,5.369,61.848,0.0,0.0
Vietnam,1991,VNM,6.317,68.588,0.0,0.0
Vietnam,1992,VNM,7.228,74.477,0.0,0.0
Vietnam,1993,VNM,7.965,74.705,0.0,0.0
Vietnam,1994,VNM,9.243,75.22,0.0,0.0
Vietnam,1995,VNM,10.582,72.242,0.0,0.0
Vietnam,1996,VNM,12.008,70.869,0.0,0.0
Vietnam,1997,VNM,11.657,60.929,0.0,0.0
Vietnam,1998,VNM,11.095,51.157,0.0,0.0
Vietnam,1999,VNM,13.774,58.466,0.0,0.0
Vietnam,2000,VNM,14.55,54.782,0.0,0.0
Vietnam,2001,VNM,18.21,59.49,0.0,0.0
Vietnam,2002,VNM,18.2,50.838,0.0,0.0
Vietnam,2003,VNM,18.99,46.396,0.0,0.0
Vietnam,2004,VNM,17.82,38.571,0.0,0.0
Vietnam,2005,VNM,16.58,31.836,0.0,0.0
Vietnam,2006,VNM,19.77,34.145,0.0,0.0
Vietnam,2007,VNM,22.52,35.1,0.0,0.0
Vietnam,2008,VNM,26.03,36.688,0.0,0.0
Vietnam,2009,VNM,30.05,37.264,0.0,0.01
Vietnam,2010,VNM,28.62,31.204,0.01,0.04
Vietnam,2011,VNM,41.19,40.577,0.01,0.04
Vietnam,2012,VNM,53.42,46.388,0.01,0.04
Vietnam,2013,VNM,57.96,46.569,0.01,0.07
Vietnam,2014,VNM,62.3,44.106,0.01,0.07
Vietnam,2015,VNM,56.32,34.78,0.01,0.12
Vietnam,2016,VNM,64.27,35.871,0.01,0.2
Vietnam,2017,VNM,86.51,44.428,0.01,0.35
Vietnam,2018,VNM,84.08,38.714,0.02,0.49
Vietnam,2019,VNM,72.01,30.398,4.82,0.72
Vietnam,2020,VNM,84.95,34.816,10.76,0.98
Vietnam,2021,VNM,108.48,42.774,26.15,3.34
Vietnam,2022,VNM,131.13,49.462,25.75,9.09
Vietnam,2023,VNM,118.77,42.941,25.69,11.59
Vietnam,2024,VNM,128.36,42.282,25.86,12.75
Vietnam,2025,VNM,140.79,45.418,23.04,14.37
Western Sahara,2000,ESH,0.0,0.0,0.0,0.0
Western Sahara,2001,ESH,0.0,0.0,0.0,0.0
Western Sahara,2002,ESH,0.0,0.0,0.0,0.0
Western Sahara,2003,ESH,0.0,0.0,0.0,0.0
Western Sahara,2004,ESH,0.0,0.0,0.0,0.0
Western Sahara,2005,ESH,0.0,0.0,0.0,0.0
Western Sahara,2006,ESH,0.0,0.0,0.0,0.0
Western Sahara,2007,ESH,0.0,0.0,0.0,0.0
Western Sahara,2008,ESH,0.0,0.0,0.0,0.0
Western Sahara,2009,ESH,0.0,0.0,0.0,0.0
Yemen,2000,YEM,0.0,0.0,0.0,0.0
Yemen,2001,YEM,0.0,0.0,0.0,0.0
Yemen,2002,YEM,0.0,0.0,0.0,0.0
Yemen,2003,YEM,0.0,0.0,0.0,0.0
Yemen,2004,YEM,0.0,0.0,0.0,0.0
Yemen,2005,YEM,0.0,0.0,0.0,0.0
Yemen,2006,YEM,0.0,0.0,0.0,0.0
Yemen,2007,YEM,0.0,0.0,0.0,0.0
Yemen,2008,YEM,0.0,0.0,0.0,0.0
Yemen,2009,YEM,0.0,0.0,0.0,0.0
Yemen,2010,YEM,0.0,0.0,0.0,0.0
Yemen,2011,YEM,0.0,0.0,0.0,0.0
Yemen,2012,YEM,0.0,0.0,0.0,0.0
Yemen,2013,YEM,0.0,0.0,0.0,0.0
Yemen,2014,YEM,0.01,0.131,0.01,0.0
Yemen,2015,YEM,0.12,2.083,0.12,0.0
Yemen,2016,YEM,0.16,3.326,0.16,0.0
Yemen,2017,YEM,0.19,4.691,0.19,0.0
Yemen,2018,YEM,0.48,13.754,0.48,0.0
Yemen,2019,YEM,0.48,14.634,0.48,0.0
Yemen,2020,YEM,0.49,16.667,0.49,0.0
Yemen,2021,YEM,0.5,17.123,0.5,0.0
Yemen,2022,YEM,0.51,16.832,0.51,0.0
Yemen,2023,YEM,0.52,10.156,0.52,0.0
Yemen,2024,YEM,0.59,11.238,0.59,0.0
Zambia,2000,ZMB,7.67,99.481,0.0,0.0
Zambia,2001,ZMB,7.89,99.37,0.0,0.0
Zambia,2002,ZMB,8.1,99.265,0.0,0.0
Zambia,2003,ZMB,8.26,99.279,0.0,0.0
Zambia,2004,ZMB,8.46,99.412,0.0,0.0
Zambia,2005,ZMB,8.88,99.329,0.0,0.0
Zambia,2006,ZMB,9.67,99.897,0.0,0.0
Zambia,2007,ZMB,9.63,99.896,0.0,0.0
Zambia,2008,ZMB,9.52,99.895,0.0,0.0
Zambia,2009,ZMB,9.88,99.899,0.0,0.0
Zambia,2010,ZMB,10.44,99.904,0.0,0.0
Zambia,2011,ZMB,11.48,99.913,0.0,0.0
Zambia,2012,ZMB,12.35,99.838,0.0,0.0
Zambia,2013,ZMB,13.28,99.85,0.0,0.0
Zambia,2014,ZMB,14.11,97.176,0.0,0.0
Zambia,2015,ZMB,13.11,97.039,0.0,0.0
Zambia,2016,ZMB,11.1,94.308,0.0,0.0
Zambia,2017,ZMB,12.57,86.332,0.0,0.0
Zambia,2018,ZMB,13.78,84.644,0.0,0.0
Zambia,2019,ZMB,12.52,84.652,0.12,0.0
Zambia,2020,ZMB,13.02,85.489,0.15,0.0
Zambia,2021,ZMB,16.3,91.986,0.15,0.0
Zambia,2022,ZMB,17.31,88.906,0.14,0.0
Zambia,2023,ZMB,17.32,89.003,0.15,0.0
Zambia,2024,ZMB,17.25,87.475,0.17,0.0
Zimbabwe,2000,ZWE,3.19,45.637,0.0,0.0
Zimbabwe,2001,ZWE,2.96,37.468,0.0,0.0
Zimbabwe,2002,ZWE,3.81,44.406,0.0,0.0
Zimbabwe,2003,ZWE,5.34,60.751,0.0,0.0
Zimbabwe,2004,ZWE,5.5,56.584,0.0,0.0
Zimbabwe,2005,ZWE,4.91,52.457,0.0,0.0
Zimbabwe,2006,ZWE,5.41,67.794,0.0,0.0
Zimbabwe,2007,ZWE,5.44,71.579,0.0,0.0
Zimbabwe,2008,ZWE,5.79,75.885,0.0,0.0
Zimbabwe,2009,ZWE,5.52,75.72,0.0,0.0
Zimbabwe,2010,ZWE,5.87,67.94,0.0,0.0
Zimbabwe,2011,ZWE,5.29,57.688,0.0,0.0
Zimbabwe,2012,ZWE,5.51,60.219,0.0,0.0
Zimbabwe,2013,ZWE,5.13,53.774,0.0,0.0
Zimbabwe,2014,ZWE,5.44,55.172,0.0,0.0
Zimbabwe,2015,ZWE,5.04,52.555,0.01,0.0
Zimbabwe,2016,ZWE,3.22,44.909,0.01,0.0
Zimbabwe,2017,ZWE,4.13,54.702,0.01,0.0
Zimbabwe,2018,ZWE,5.25,55.673,0.01,0.0
Zimbabwe,2019,ZWE,4.38,51.651,0.02,0.0
Zimbabwe,2020,ZWE,3.93,58.569,0.02,0.0
Zimbabwe,2021,ZWE,6.06,70.712,0.02,0.0
Zimbabwe,2022,ZWE,6.02,67.338,0.03,0.0
Zimbabwe,2023,ZWE,5.61,56.156,0.03,0.0
Zimbabwe,2024,ZWE,5.86,57.115,0.04,0.0
